activity_date,activity_category,activity_type,sport_type,distance_km,duration_min,moving_duration_min,avg_hr,max_hr,training_load,aerobic_training_effect,anaerobic_training_effect
2022-07-21,run,running,RUNNING,0.171,1.25,1.16,123.0,152.0,2.1,0.2,0.0
2022-07-21,run,running,RUNNING,0.0,0.14,0.14,71.0,74.0,0.0,0.0,0.0
2022-07-21,other,walking,STEPS,0.479,22.44,5.48,78.0,111.0,1.1,0.1,0.0
2022-07-22,other,breathwork,TRAINING,0.0,1.51,1.51,58.0,60.0,0.0,0.0,0.0
2022-07-22,run,running,RUNNING,3.132,22.47,20.61,148.0,177.0,56.8,2.8,0.1
2022-07-22,run,running,RUNNING,4.414,16.98,16.98,201.5,214.0,259.7,4.5,3.0
2022-07-22,run,running,RUNNING,0.22,0.69,0.65,139.0,153.0,1.7,0.1,0.0
2022-07-25,run,running,RUNNING,6.278,30.18,29.53,176.0,205.0,199.0,4.0,2.7
2022-07-28,run,running,RUNNING,4.006,20.19,20.11,166.0,191.0,96.7,3.2,0.3
2022-07-28,run,running,RUNNING,0.938,4.48,4.48,165.0,183.0,21.6,1.6,0.1
2022-07-28,run,running,RUNNING,2.588,22.16,17.51,143.0,201.0,38.8,2.1,0.4
2022-07-31,other,walking,STEPS,2.395,31.86,29.67,88.0,104.0,3.1,0.2,0.0
2022-07-31,other,walking,STEPS,2.219,32.59,29.22,105.0,134.0,6.5,0.5,0.0
2022-08-01,run,running,RUNNING,4.695,24.95,24.3,171.0,191.0,102.4,3.3,0.0
2022-08-01,run,running,RUNNING,2.499,23.29,21.21,146.0,187.0,38.4,2.2,0.3
2022-08-01,other,hiking,HIKING,0.257,4.32,3.88,97.0,120.0,1.1,0.0,0.0
2022-08-01,other,hiking,HIKING,3.308,47.88,44.75,96.0,137.0,5.2,0.4,0.0
2022-08-02,other,hiking,HIKING,0.432,5.6,5.43,82.0,98.0,0.5,0.0,0.0
2022-08-02,other,hiking,HIKING,1.955,44.21,36.68,121.0,158.0,17.3,1.2,0.1
2022-08-02,other,hiking,HIKING,2.62,41.76,37.32,89.0,138.0,4.3,0.3,0.0
2022-08-02,run,running,RUNNING,2.917,16.12,15.25,162.0,183.0,55.7,2.6,0.0
2022-08-02,run,running,RUNNING,3.376,20.17,19.82,171.0,198.0,94.9,3.0,1.8
2022-08-03,bike,mountain_biking,CYCLING,10.832,54.91,41.65,106.0,152.0,8.9,0.6,0.0
2022-08-03,bike,mountain_biking,CYCLING,10.232,47.02,45.87,141.0,187.0,80.1,2.6,1.9
2022-08-03,other,hiit,HIIT,0.0,0.35,0.22,73.0,84.0,0.0,0.0,0.0
2022-08-04,other,open_water_swimming,SWIMMING,0.0,0.03,0.03,77.0,77.0,0.0,0.0,0.0
2022-08-04,other,multi_sport,MULTISPORT,0.0,0.27,0.27,,78.0,0.0,0.0,0.0
2022-08-04,other,open_water_swimming,SWIMMING,0.0,0.07,0.07,76.0,78.0,0.0,0.0,0.0
2022-08-04,other,transition_v2,GENERIC,0.0,0.02,0.02,74.0,74.0,0.0,0.0,0.0
2022-08-04,bike,cycling,CYCLING,0.0,0.09,0.09,74.0,74.0,0.0,0.0,0.0
2022-08-04,other,transition_v2,GENERIC,0.0,0.03,0.03,72.0,73.0,0.0,0.0,0.0
2022-08-04,run,running,RUNNING,0.0,0.07,0.07,72.0,75.0,0.0,0.0,0.0
2022-08-04,run,running,RUNNING,1.609,16.35,12.03,132.0,167.0,20.6,1.1,0.5
2022-08-04,run,running,RUNNING,5.265,20.58,20.55,201.0,211.0,276.9,4.4,3.0
2022-08-04,other,walking,STEPS,1.862,40.73,19.25,93.0,138.0,3.9,0.3,0.0
2022-08-05,other,walking,STEPS,3.312,43.04,38.74,93.0,130.0,4.3,0.3,0.0
2022-08-05,bike,mountain_biking,CYCLING,2.342,25.02,21.47,108.0,151.0,8.9,0.5,0.1
2022-08-05,other,walking,STEPS,4.894,65.66,62.52,82.0,115.0,6.6,0.5,0.0
2022-08-06,bike,mountain_biking,CYCLING,15.719,121.82,106.72,147.0,194.0,163.8,3.6,2.0
2022-08-07,run,running,RUNNING,6.582,31.31,31.25,180.0,201.0,168.9,3.8,1.0
2022-08-07,run,running,RUNNING,0.512,3.84,2.24,154.0,184.0,16.1,0.9,0.3
2022-08-08,run,running,RUNNING,2.608,13.5,13.49,159.0,183.0,51.9,2.5,0.0
2022-08-08,run,running,RUNNING,3.016,14.42,14.4,172.0,190.0,67.0,2.8,0.0
2022-08-09,run,running,RUNNING,3.74,17.77,17.73,175.0,196.0,82.9,3.0,0.0
2022-08-09,run,running,RUNNING,1.807,9.46,9.46,158.0,174.0,29.3,2.0,0.0
2022-08-10,run,running,RUNNING,1.059,5.88,5.67,149.0,164.0,14.1,1.0,0.0
2022-08-10,run,running,RUNNING,6.578,27.19,27.15,190.0,202.0,189.5,3.8,1.7
2022-08-10,run,running,RUNNING,1.075,6.57,6.28,145.0,162.0,12.0,0.9,0.0
2022-08-12,run,running,RUNNING,1.816,9.23,9.22,157.0,175.0,33.1,2.1,0.0
2022-08-12,run,running,RUNNING,3.515,43.6,29.77,127.0,150.0,16.5,1.1,0.0
2022-08-12,run,running,RUNNING,1.202,7.18,6.92,143.0,163.0,14.4,1.0,0.0
2022-08-12,run,track_running,RUNNING,2.58,16.92,12.62,150.0,195.0,47.5,2.1,1.0
2022-08-12,run,track_running,RUNNING,2.99,25.32,18.28,146.0,190.0,62.3,2.2,1.8
2022-08-13,run,running,RUNNING,1.791,8.6,8.42,162.0,182.0,32.6,2.1,0.0
2022-08-13,run,running,RUNNING,7.06,50.99,40.17,149.0,198.0,87.1,2.8,1.1
2022-08-13,run,running,RUNNING,1.572,11.13,9.7,143.0,168.0,22.4,1.6,0.0
2022-08-14,run,running,RUNNING,1.275,9.14,9.13,141.0,155.0,12.6,0.9,0.0
2022-08-14,run,running,RUNNING,5.469,22.13,21.95,187.0,210.0,169.4,3.6,1.8
2022-08-15,other,hiking,HIKING,16.804,362.15,264.83,92.0,145.0,13.3,1.0,0.0
2022-08-15,run,trail_running,RUNNING,0.618,2.73,2.7,137.0,162.0,11.6,0.8,0.0
2022-08-18,run,running,RUNNING,2.006,9.39,9.12,168.0,184.0,66.3,2.6,0.5
2022-08-18,run,track_running,RUNNING,5.77,41.52,34.7,158.0,209.0,148.4,3.0,2.6
2022-08-19,run,running,RUNNING,3.905,19.5,19.17,161.0,181.0,82.1,3.0,0.5
2022-08-19,run,running,RUNNING,2.215,22.23,15.91,139.0,181.0,37.0,1.7,0.9
2022-08-19,run,running,RUNNING,0.532,3.71,3.53,153.0,167.0,8.6,0.6,0.0
2022-08-19,bike,mountain_biking,CYCLING,3.882,11.69,11.05,143.0,176.0,39.8,2.0,0.9
2022-08-19,run,running,RUNNING,0.115,0.46,0.43,126.0,139.0,0.6,0.0,0.0
2022-08-19,other,strength_training,FITNESS_EQUIPMENT,0.0,35.96,11.87,90.0,117.0,2.3,0.1,0.0
2022-08-20,other,strength_training,TRAINING,0.0,6.09,2.14,99.0,118.0,1.4,0.1,0.0
2022-08-21,other,strength_training,TRAINING,0.0,51.56,13.08,81.0,114.0,1.8,0.1,0.0
2022-08-22,run,running,RUNNING,2.199,10.2,10.01,173.0,190.0,48.1,2.4,0.0
2022-08-22,run,track_running,RUNNING,5.72,53.66,35.24,151.0,209.0,114.5,2.9,2.2
2022-08-22,other,breathwork,TRAINING,0.0,1.78,1.78,90.0,99.0,0.3,0.0,0.0
2022-08-22,other,strength_training,TRAINING,0.0,43.83,10.98,88.0,121.0,2.7,0.2,0.0
2022-08-23,run,running,RUNNING,4.175,21.76,21.39,156.0,188.0,72.0,2.8,0.0
2022-08-23,run,running,RUNNING,6.721,31.1,31.08,178.0,203.0,147.0,3.6,0.1
2022-08-23,run,running,RUNNING,0.137,0.97,0.73,151.0,157.0,2.9,0.2,0.0
2022-08-23,run,running,RUNNING,0.745,4.88,4.68,152.0,161.0,10.3,0.7,0.0
2022-08-24,bike,mountain_biking,CYCLING,7.919,20.31,19.9,152.0,178.0,41.5,2.1,0.6
2022-08-24,run,running,RUNNING,4.072,21.29,21.26,159.0,185.0,56.1,2.5,0.0
2022-08-24,run,track_running,RUNNING,2.78,23.12,18.39,133.0,174.0,28.4,1.6,0.4
2022-08-24,other,yoga,TRAINING,0.0,2.41,2.41,106.0,114.0,0.7,0.0,0.0
2022-08-24,other,strength_training,TRAINING,0.0,44.91,11.87,91.0,120.0,2.7,0.2,0.0
2022-08-25,run,running,RUNNING,3.986,19.71,19.32,164.0,187.0,72.6,2.8,0.0
2022-08-25,run,track_running,RUNNING,2.13,24.28,19.03,117.0,153.0,8.7,0.6,0.0
2022-08-26,run,running,RUNNING,1.456,8.98,8.73,153.0,178.0,25.2,1.8,0.0
2022-08-26,run,running,RUNNING,2.0,6.57,6.57,,,,,
2022-08-29,run,running,RUNNING,3.874,18.73,18.73,173.0,197.0,76.6,2.9,0.0
2022-08-29,run,track_running,RUNNING,3.66,37.25,37.25,137.0,173.0,44.0,2.0,1.1
2022-08-30,run,running,RUNNING,4.581,23.49,23.49,159.0,189.0,86.5,3.0,0.0
2022-08-31,other,strength_training,FITNESS_EQUIPMENT,0.0,11.82,2.95,92.0,116.0,1.6,0.1,0.0
2022-09-01,run,running,RUNNING,4.09,19.17,19.17,161.0,194.0,111.8,3.3,0.0
2022-09-02,run,running,RUNNING,1.004,5.59,5.59,143.0,157.0,16.3,1.2,0.0
2022-09-04,run,running,RUNNING,2.053,12.8,12.8,144.0,159.0,23.7,1.8,0.0
2022-09-04,run,running,RUNNING,6.438,25.45,25.45,199.0,207.0,217.6,4.3,0.6
2022-09-05,run,running,RUNNING,3.984,20.01,20.01,159.0,174.0,82.3,3.0,0.0
2022-09-05,run,track_running,RUNNING,3.97,29.13,29.13,146.0,194.0,44.1,2.3,0.0
2022-09-05,run,running,RUNNING,0.388,2.34,2.34,146.0,158.0,5.1,0.4,0.0
2022-09-06,run,running,RUNNING,2.885,18.01,18.01,148.0,161.0,35.4,2.2,0.0
2022-09-06,run,running,RUNNING,0.76,8.16,8.16,116.0,135.0,3.3,0.2,0.0
2022-09-06,other,strength_training,TRAINING,0.0,43.27,11.9,84.0,127.0,2.1,0.1,0.0
2022-09-07,run,running,RUNNING,4.625,23.27,23.27,161.0,180.0,87.5,3.1,0.0
2022-09-08,run,running,RUNNING,3.99,20.68,20.68,152.0,180.0,69.7,2.8,0.0
2022-09-08,run,track_running,RUNNING,3.03,25.5,25.5,136.0,193.0,34.1,2.0,0.5
2022-09-08,run,running,RUNNING,1.225,12.46,12.46,135.0,159.0,10.9,0.8,0.0
2022-09-09,other,breathwork,TRAINING,0.0,1.84,1.84,81.0,88.0,0.2,0.0,0.0
2022-09-11,run,running,RUNNING,8.352,40.5,40.15,175.0,191.0,191.5,4.2,0.6
2022-09-12,run,running,RUNNING,4.092,20.12,20.09,167.0,193.0,91.6,3.1,0.2
2022-09-12,run,track_running,RUNNING,5.22,44.12,31.51,146.0,197.0,73.0,2.6,1.0
2022-09-13,run,running,RUNNING,3.951,19.79,19.76,162.0,194.0,83.5,3.0,0.0
2022-09-14,bike,cycling,CYCLING,6.632,21.09,20.93,122.0,143.0,9.4,0.7,0.0
2022-09-14,run,running,RUNNING,1.619,8.45,7.3,137.0,168.0,20.8,1.4,0.2
2022-09-14,run,running,RUNNING,0.418,2.34,2.12,146.0,162.0,6.2,0.4,0.0
2022-09-15,bike,cycling,CYCLING,8.257,25.92,25.38,126.0,155.0,14.4,1.1,0.0
2022-09-15,run,running,RUNNING,3.983,21.99,21.91,152.0,181.0,57.7,2.6,0.0
2022-09-15,run,track_running,RUNNING,3.98,37.16,23.45,134.0,190.0,58.4,2.2,1.4
2022-09-16,bike,cycling,CYCLING,8.952,40.48,32.5,112.0,138.0,10.7,0.8,0.0
2022-09-16,bike,cycling,CYCLING,8.307,23.58,23.23,126.0,158.0,15.7,1.1,0.0
2022-09-16,run,running,RUNNING,4.009,19.04,19.02,164.0,188.0,86.9,3.0,0.4
2022-09-17,run,running,RUNNING,1.676,9.53,9.53,148.0,160.0,31.6,2.1,0.0
2022-09-18,run,running,RUNNING,2.187,13.86,13.6,137.0,154.0,25.3,1.9,0.0
2022-09-18,run,running,RUNNING,0.346,3.41,3.07,144.0,161.0,5.8,0.4,0.0
2022-09-19,bike,cycling,CYCLING,8.551,26.55,25.93,118.0,152.0,6.7,0.5,0.0
2022-09-19,run,running,RUNNING,3.999,19.87,19.84,158.0,176.0,88.1,3.1,0.0
2022-09-19,run,running,RUNNING,3.498,23.51,23.49,138.0,154.0,27.4,2.0,0.0
2022-09-20,bike,cycling,CYCLING,8.568,37.82,31.38,114.0,134.0,9.6,0.8,0.0
2022-09-20,bike,cycling,CYCLING,7.781,21.66,21.18,131.0,161.0,15.9,1.3,0.0
2022-09-20,run,running,RUNNING,2.619,13.11,13.1,138.0,171.0,70.6,2.9,0.2
2022-09-20,run,running,RUNNING,8.698,40.38,40.34,156.0,181.0,232.6,4.7,0.0
2022-09-20,other,yoga,TRAINING,0.0,2.85,2.85,107.0,125.0,0.9,0.0,0.0
2022-09-22,bike,cycling,CYCLING,8.03,22.13,21.97,117.0,149.0,8.2,0.6,0.0
2022-09-22,run,running,RUNNING,2.672,14.8,14.77,142.0,160.0,51.9,2.5,0.0
2022-09-23,bike,cycling,CYCLING,8.855,34.49,31.13,120.0,144.0,11.6,0.9,0.0
2022-09-23,bike,cycling,CYCLING,8.567,36.62,27.25,108.0,158.0,14.8,1.1,0.0
2022-09-24,other,hiking,HIKING,13.39,164.71,155.93,106.0,145.0,17.3,1.3,0.0
2022-09-25,run,running,RUNNING,12.308,73.88,73.66,170.0,194.0,158.1,3.8,0.0
2022-10-02,run,trail_running,RUNNING,23.194,157.78,146.72,176.0,209.0,441.3,5.0,3.1
2022-10-04,run,running,RUNNING,8.362,40.12,39.18,167.0,199.0,194.2,4.3,0.0
2022-10-05,run,track_running,RUNNING,2.0,16.83,12.97,124.0,149.0,21.4,1.6,0.0
2022-10-06,run,running,RUNNING,4.113,20.95,20.91,158.0,183.0,100.0,3.2,0.3
2022-10-07,run,running,RUNNING,4.071,20.24,20.15,163.0,185.0,108.8,3.3,0.1
2022-10-07,run,track_running,RUNNING,3.43,24.02,20.92,144.0,195.0,44.1,2.2,0.5
2022-10-09,run,running,RUNNING,1.822,10.02,10.0,170.0,187.0,48.8,2.4,0.0
2022-10-09,run,running,RUNNING,2.483,8.79,8.77,180.0,207.0,78.8,3.0,0.0
2022-10-09,other,yoga,TRAINING,0.0,10.92,10.92,83.0,100.0,0.7,0.0,0.0
2022-10-10,run,running,RUNNING,4.004,19.27,18.92,151.0,176.0,111.7,3.3,0.0
2022-10-10,run,track_running,RUNNING,4.88,29.25,19.15,145.0,184.0,109.5,3.2,1.1
2022-10-10,run,running,RUNNING,0.349,5.01,4.97,77.0,102.0,0.9,0.0,0.0
2022-10-11,run,running,RUNNING,4.09,21.85,21.65,155.0,169.0,87.2,3.1,0.0
2022-10-11,run,running,RUNNING,8.469,40.52,40.46,159.0,193.0,203.7,4.2,0.3
2022-10-12,run,running,RUNNING,2.185,30.99,19.97,131.0,167.0,17.6,1.3,0.0
2022-10-12,run,track_running,RUNNING,4.2,39.74,34.11,124.0,160.0,20.0,1.3,0.1
2022-10-12,other,yoga,TRAINING,0.0,17.51,17.51,101.0,121.0,2.3,0.1,0.0
2022-10-12,other,yoga,TRAINING,0.0,23.31,23.31,72.0,105.0,0.7,0.0,0.0
2022-10-13,run,running,RUNNING,1.773,9.55,9.44,142.0,165.0,33.5,2.1,0.0
2022-10-13,run,running,RUNNING,6.092,67.09,49.23,130.0,177.0,29.1,2.0,0.0
2022-10-14,run,running,RUNNING,2.715,14.56,14.54,156.0,179.0,39.6,2.2,0.1
2022-10-14,run,track_running,RUNNING,4.0,17.39,17.34,178.0,203.0,123.4,3.0,2.4
2022-10-14,run,track_running,RUNNING,0.41,1.03,1.02,181.0,198.0,42.6,0.7,2.1
2022-10-14,other,yoga,TRAINING,0.0,11.99,11.99,83.0,101.0,0.8,0.0,0.0
2022-10-15,other,yoga,TRAINING,0.0,21.25,21.25,81.0,111.0,1.0,0.0,0.0
2022-10-16,run,running,RUNNING,2.275,18.48,16.23,144.0,178.0,40.4,2.1,0.7
2022-10-16,run,running,RUNNING,6.359,24.48,24.46,197.0,205.0,178.8,4.0,1.3
2022-10-16,run,running,RUNNING,1.006,8.52,7.5,139.0,163.0,13.4,0.9,0.1
2022-10-16,other,walking,STEPS,0.046,0.34,0.33,123.0,128.0,0.4,0.0,0.0
2022-10-17,run,running,RUNNING,3.973,21.27,21.26,148.0,168.0,47.6,2.4,0.0
2022-10-18,run,track_running,RUNNING,2.18,18.75,12.82,125.0,161.0,38.6,2.2,0.0
2022-10-18,run,running,RUNNING,8.975,40.19,39.95,163.0,197.0,169.7,3.9,0.4
2022-10-19,run,track_running,RUNNING,0.05,0.33,0.3,106.0,122.0,0.2,0.0,0.0
2022-10-19,run,track_running,RUNNING,2.13,20.85,18.91,132.0,187.0,53.5,1.4,2.1
2022-10-20,run,running,RUNNING,2.005,13.52,13.35,142.0,161.0,22.2,1.6,0.1
2022-10-20,run,track_running,RUNNING,0.87,4.61,4.57,156.0,171.0,14.0,1.1,0.0
2022-10-21,run,running,RUNNING,4.066,21.62,21.6,158.0,176.0,58.7,2.6,0.0
2022-10-21,run,track_running,RUNNING,3.99,16.43,16.37,182.0,204.0,140.1,3.0,2.6
2022-10-21,run,track_running,RUNNING,0.382,0.95,0.95,187.5,201.0,32.3,0.4,1.9
2022-10-23,other,yoga,TRAINING,0.0,31.49,31.49,61.0,94.0,0.3,0.0,0.0
2022-10-24,run,running,RUNNING,2.651,13.07,13.05,167.0,190.0,48.7,2.4,0.0
2022-10-24,run,track_running,RUNNING,0.1,0.39,0.38,143.0,168.0,8.7,0.1,0.5
2022-10-24,run,track_running,RUNNING,3.19,38.5,27.96,141.0,199.0,86.0,2.1,2.5
2022-10-25,run,running,RUNNING,4.056,20.26,20.07,163.0,177.0,61.0,2.6,0.0
2022-10-25,run,running,RUNNING,8.718,40.64,40.59,169.0,199.0,140.9,3.5,0.1
2022-10-25,other,yoga,TRAINING,0.0,10.11,10.11,94.0,120.0,1.3,0.1,0.0
2022-10-26,other,yoga,TRAINING,0.0,493.65,493.65,59.0,109.0,0.8,0.0,0.0
2022-10-27,run,running,RUNNING,4.138,21.76,21.74,164.0,183.0,57.6,2.5,0.0
2022-10-27,run,track_running,RUNNING,3.0,10.68,10.65,202.0,212.0,143.9,3.2,2.3
2022-10-27,run,track_running,RUNNING,1.17,4.28,4.15,195.0,205.0,92.9,2.1,2.6
2022-10-29,other,resort_skiing_snowboarding_ws,ALPINE_SKIING,0.0,240.0,240.0,,,,,
2022-10-29,other,yoga,TRAINING,0.0,11.74,11.74,93.0,116.0,1.4,0.1,0.0
2022-10-30,other,resort_skiing_snowboarding_ws,SNOWBOARDING,0.0,240.0,240.0,,,,,
2022-10-31,other,resort_skiing_snowboarding_ws,ALPINE_SKIING,0.0,240.0,240.0,,,,,
2022-11-01,other,resort_skiing_snowboarding_ws,SNOWBOARDING,0.0,240.0,240.0,,,,,
2022-11-02,other,resort_skiing_snowboarding_ws,ALPINE_SKIING,0.0,300.0,300.0,,,,,
2022-11-03,run,running,RUNNING,1.961,10.15,10.07,157.0,171.0,31.8,2.1,0.0
2022-11-03,run,running,RUNNING,0.002,0.03,0.01,104.0,104.0,0.0,0.0,0.0
2022-11-04,run,running,RUNNING,2.174,11.41,11.39,158.0,170.0,30.5,2.1,0.0
2022-11-04,run,track_running,RUNNING,5.08,33.27,29.28,160.0,206.0,138.9,2.8,2.9
2022-11-04,run,running,RUNNING,0.6,4.42,4.3,138.0,153.0,4.5,0.3,0.0
2022-11-04,other,yoga,TRAINING,0.0,11.14,11.14,91.0,113.0,1.1,0.0,0.0
2022-11-06,run,running,RUNNING,2.191,12.64,12.03,166.0,183.0,35.7,2.2,0.0
2022-11-06,run,running,RUNNING,2.086,7.6,7.58,184.0,214.0,74.4,2.7,0.9
2022-11-06,run,running,RUNNING,0.339,2.22,1.73,130.0,147.0,4.6,0.3,0.0
2022-11-07,run,running,RUNNING,2.964,15.2,15.06,162.0,179.0,53.6,2.5,0.2
2022-11-07,run,track_running,RUNNING,7.09,48.81,36.08,154.0,207.0,163.4,3.2,2.7
2022-11-08,run,running,RUNNING,2.267,12.47,12.33,154.0,176.0,37.4,2.2,0.1
2022-11-08,run,running,RUNNING,10.018,45.58,45.52,174.0,203.0,181.0,4.0,0.0
2022-11-09,other,yoga,TRAINING,0.0,9.11,9.11,82.0,112.0,0.7,0.0,0.0
2022-11-10,run,running,RUNNING,1.878,12.27,11.68,146.0,161.0,22.0,1.7,0.0
2022-11-10,run,running,RUNNING,5.988,55.71,51.15,150.0,191.0,123.9,2.5,2.8
2022-11-11,run,running,RUNNING,1.921,10.33,10.23,153.0,172.0,26.0,2.0,0.0
2022-11-11,run,running,RUNNING,6.785,32.31,31.91,175.0,206.0,224.2,3.5,3.2
2022-11-14,run,running,RUNNING,1.933,9.15,8.87,150.0,162.0,25.5,2.0,0.0
2022-11-14,run,running,RUNNING,6.165,35.0,28.24,132.0,171.0,91.7,3.1,0.0
2022-11-15,run,running,RUNNING,1.752,9.06,9.05,157.0,170.0,26.2,2.0,0.0
2022-11-15,run,running,RUNNING,10.01,45.66,45.59,177.0,200.0,169.0,3.9,0.0
2022-11-17,run,running,RUNNING,2.655,17.02,16.79,141.0,161.0,31.9,2.1,0.0
2022-11-17,run,track_running,RUNNING,1.31,8.57,5.98,129.0,151.0,8.3,0.6,0.0
2022-11-17,other,yoga,TRAINING,0.0,36.16,36.16,75.0,101.0,0.7,0.0,0.0
2022-11-18,run,running,RUNNING,1.727,9.52,9.43,152.0,170.0,37.1,2.1,0.6
2022-11-18,run,running,RUNNING,6.274,31.66,30.2,169.0,207.0,196.9,3.3,3.2
2022-11-20,run,running,RUNNING,2.182,13.9,13.8,148.0,160.0,24.4,1.9,0.0
2022-11-20,run,running,RUNNING,10.01,39.46,39.39,142.0,200.0,222.6,4.4,0.1
2022-11-24,run,running,RUNNING,1.964,10.83,10.52,161.0,180.0,39.0,2.2,0.2
2022-11-24,run,track_running,RUNNING,1.73,6.21,6.18,196.0,202.0,56.7,2.4,0.8
2022-11-24,run,running,RUNNING,1.942,11.39,11.37,154.0,175.0,24.9,2.0,0.0
2022-11-24,run,running,RUNNING,1.141,7.2,7.12,170.0,197.0,58.4,2.0,2.1
2022-11-25,run,running,RUNNING,2.911,15.08,14.93,136.0,156.0,50.6,2.5,0.0
2022-11-25,run,track_running,RUNNING,0.12,0.6,0.6,106.0,119.0,0.6,0.0,0.0
2022-11-27,run,running,RUNNING,1.478,8.51,8.25,144.0,161.0,22.3,1.7,0.0
2022-11-27,run,running,RUNNING,2.021,7.39,7.35,171.0,198.0,54.2,2.5,0.0
2022-11-28,run,running,RUNNING,2.689,14.74,14.39,157.0,175.0,41.9,2.3,0.0
2022-11-28,run,track_running,RUNNING,5.04,44.43,25.73,148.0,204.0,112.2,2.8,2.4
2022-11-29,run,running,RUNNING,1.958,11.24,11.2,153.0,175.0,30.4,2.1,0.0
2022-11-29,run,running,RUNNING,9.032,40.22,40.18,176.0,201.0,172.0,3.9,0.0
2022-11-30,other,yoga,TRAINING,0.0,66.32,66.32,74.0,118.0,1.0,0.0,0.0
2022-12-01,run,running,RUNNING,1.946,10.22,9.57,127.0,148.0,41.0,2.3,0.0
2022-12-05,run,track_running,RUNNING,2.78,17.66,16.62,151.0,178.0,44.6,2.4,0.1
2022-12-05,run,track_running,RUNNING,6.16,28.43,28.18,186.0,209.0,284.9,3.5,3.7
2022-12-05,other,yoga,TRAINING,0.0,29.52,29.52,77.0,114.0,1.0,0.0,0.0
2022-12-06,run,running,RUNNING,1.941,10.23,10.15,156.0,172.0,32.3,2.1,0.0
2022-12-06,run,running,RUNNING,9.009,40.61,40.56,178.0,193.0,154.1,3.7,0.1
2022-12-07,run,track_running,RUNNING,1.58,9.39,8.12,140.0,165.0,28.8,2.0,0.0
2022-12-09,other,walking,STEPS,2.349,41.55,34.4,94.0,131.0,3.9,0.3,0.0
2022-12-12,run,running,RUNNING,1.945,10.09,10.08,162.0,183.0,37.0,2.2,0.0
2022-12-12,run,track_running,RUNNING,4.45,29.67,22.16,163.0,205.0,106.5,2.9,2.2
2022-12-13,run,running,RUNNING,2.297,22.1,17.07,139.0,177.0,34.4,2.0,0.5
2022-12-13,run,running,RUNNING,8.525,40.24,40.21,175.0,187.0,120.1,3.5,0.0
2022-12-22,run,running,RUNNING,2.946,17.85,17.5,134.0,157.0,35.8,2.2,0.0
2022-12-23,run,track_running,RUNNING,4.02,33.35,25.17,123.0,169.0,39.3,2.1,0.8
2022-12-25,other,yoga,TRAINING,0.0,14.85,14.85,90.0,106.0,1.3,0.1,0.0
2022-12-25,other,yoga,TRAINING,0.0,21.07,21.07,89.0,114.0,1.3,0.1,0.0
2022-12-28,run,running,RUNNING,4.216,26.4,25.85,165.0,194.0,84.2,2.9,1.7
2022-12-28,run,running,RUNNING,5.377,29.89,29.57,182.0,209.0,246.5,3.5,3.7
2022-12-30,run,running,RUNNING,8.741,52.62,52.57,159.0,182.0,92.8,3.0,2.0
2023-01-01,run,running,RUNNING,8.657,49.46,48.86,157.0,184.0,130.4,3.2,2.4
2023-01-01,other,yoga,TRAINING,0.0,10.03,10.03,87.0,111.0,0.9,0.0,0.0
2023-01-05,run,running,RUNNING,4.708,23.75,23.66,151.0,191.0,77.7,3.1,0.0
2023-01-05,run,running,RUNNING,2.313,17.92,15.57,127.0,162.0,28.8,2.0,0.2
2023-01-08,other,yoga,TRAINING,0.0,13.8,13.8,78.0,106.0,0.5,0.0,0.0
2023-01-09,run,running,RUNNING,1.375,5.04,5.02,189.0,201.0,48.3,2.2,1.2
2023-01-09,run,running,RUNNING,6.905,42.98,37.46,168.0,211.0,254.6,3.5,3.7
2023-01-09,other,yoga,TRAINING,0.0,16.65,16.65,92.0,114.0,1.4,0.1,0.0
2023-01-10,run,running,RUNNING,1.923,9.58,9.57,158.0,184.0,34.5,2.2,0.0
2023-01-10,run,running,RUNNING,8.543,40.06,40.02,174.0,206.0,163.3,4.0,0.0
2023-01-10,run,running,RUNNING,0.771,5.0,4.93,155.0,165.0,11.0,0.9,0.0
2023-01-11,other,breathwork,TRAINING,0.0,4.73,4.73,75.0,92.0,0.1,0.0,0.0
2023-01-11,run,running,RUNNING,2.058,11.66,11.64,142.0,163.0,37.6,2.3,0.0
2023-01-11,run,track_running,RUNNING,4.62,39.55,28.81,120.0,172.0,59.7,2.1,2.1
2023-01-11,other,yoga,TRAINING,0.0,8.8,8.8,101.0,116.0,1.6,0.1,0.0
2023-01-12,run,running,RUNNING,1.993,11.26,11.24,154.0,178.0,36.6,2.2,0.3
2023-01-12,run,running,RUNNING,7.148,34.99,34.92,163.0,193.0,98.3,3.3,0.1
2023-01-12,other,yoga,TRAINING,0.0,30.8,30.8,95.0,116.0,1.9,0.1,0.0
2023-01-15,other,yoga,TRAINING,0.0,13.77,13.77,80.0,110.0,0.8,0.0,0.0
2023-01-16,run,running,RUNNING,3.232,17.49,17.43,155.0,173.0,54.4,2.7,0.0
2023-01-16,run,track_running,RUNNING,1.87,10.42,9.54,174.0,200.0,84.1,2.4,2.3
2023-01-16,other,yoga,TRAINING,0.0,16.68,16.68,85.0,105.0,1.2,0.1,0.0
2023-01-18,run,running,RUNNING,6.524,30.11,30.05,173.0,205.0,140.1,3.6,1.5
2023-01-18,other,yoga,TRAINING,0.0,22.93,22.93,90.0,110.0,1.4,0.1,0.0
2023-01-22,run,running,RUNNING,1.953,11.84,11.07,138.0,158.0,30.9,2.1,0.0
2023-01-22,run,running,RUNNING,4.91,20.17,20.13,194.0,211.0,178.1,4.1,1.0
2023-01-22,run,running,RUNNING,1.128,11.71,9.08,155.0,190.0,30.1,2.1,0.0
2023-01-23,run,running,RUNNING,1.95,10.96,10.94,151.0,172.0,29.1,2.1,0.0
2023-01-23,run,running,RUNNING,6.396,30.03,30.0,169.0,194.0,105.8,3.3,0.2
2023-01-23,run,track_running,RUNNING,2.53,19.3,19.24,145.0,190.0,68.2,2.0,2.3
2023-01-23,other,yoga,TRAINING,0.0,19.18,19.18,86.0,103.0,1.1,0.0,0.0
2023-01-24,run,running,RUNNING,2.557,12.38,11.99,159.0,176.0,47.1,2.3,0.5
2023-01-24,run,track_running,RUNNING,6.33,30.6,29.62,178.0,206.0,178.3,3.5,2.6
2023-01-24,other,yoga,TRAINING,0.0,17.64,17.64,95.0,110.0,1.6,0.1,0.0
2023-01-25,run,running,RUNNING,3.011,14.76,14.74,150.0,163.0,72.7,3.0,0.0
2023-01-25,run,running,RUNNING,2.783,27.17,21.73,119.0,162.0,16.6,1.0,0.3
2023-01-25,run,running,RUNNING,0.961,5.53,5.52,150.0,162.0,12.9,1.0,0.0
2023-01-26,other,yoga,TRAINING,0.0,22.7,22.7,82.0,102.0,0.9,0.0,0.0
2023-01-30,run,running,RUNNING,2.943,14.57,14.53,164.0,181.0,64.0,2.7,0.2
2023-01-30,run,running,RUNNING,6.846,31.24,31.18,177.0,189.0,133.9,3.6,0.1
2023-01-30,run,running,RUNNING,0.596,5.32,3.51,142.0,181.0,25.9,0.8,1.2
2023-01-30,other,yoga,TRAINING,0.0,16.55,16.55,86.0,113.0,1.3,0.1,0.0
2023-01-31,run,running,RUNNING,1.919,9.29,9.27,145.0,157.0,23.3,1.9,0.0
2023-01-31,run,running,RUNNING,4.544,22.8,22.67,137.0,154.0,37.1,2.2,0.0
2023-02-12,other,yoga,TRAINING,0.0,14.82,14.82,80.0,96.0,0.8,0.0,0.0
2023-02-16,other,yoga,TRAINING,0.0,60.92,60.92,68.0,107.0,0.7,0.0,0.0
2023-02-20,run,running,RUNNING,7.597,46.64,46.57,154.0,186.0,120.1,3.0,2.5
2023-02-22,other,yoga,TRAINING,0.0,16.7,16.7,76.0,93.0,0.5,0.0,0.0
2023-02-23,run,running,RUNNING,2.731,14.2,13.9,151.0,161.0,38.9,2.3,0.0
2023-02-23,run,running,RUNNING,1.022,5.56,5.54,111.0,130.0,7.0,0.6,0.0
2023-02-23,other,yoga,TRAINING,0.0,8.65,8.65,79.0,104.0,0.6,0.0,0.0
2023-02-24,run,running,RUNNING,5.622,30.03,29.99,159.0,182.0,79.7,3.1,0.1
2023-02-27,run,running,RUNNING,1.669,8.64,8.57,141.0,159.0,23.9,2.0,0.0
2023-02-27,run,running,RUNNING,3.265,13.23,13.21,159.0,190.0,67.6,2.9,0.1
2023-02-27,run,running,RUNNING,0.281,1.83,1.53,157.0,177.0,5.2,0.4,0.0
2023-02-28,run,running,RUNNING,1.475,7.8,7.63,164.0,171.0,27.9,2.1,0.0
2023-02-28,run,running,RUNNING,0.953,4.96,4.95,165.0,183.0,17.8,1.5,0.0
2023-02-28,run,track_running,RUNNING,5.72,36.94,26.12,162.0,207.0,200.0,3.3,3.3
2023-02-28,run,running,RUNNING,1.006,6.04,5.82,156.0,166.0,13.1,1.1,0.0
2023-02-28,other,yoga,TRAINING,0.0,15.73,15.73,84.0,101.0,1.1,0.0,0.0
2023-03-01,other,yoga,TRAINING,0.0,34.11,34.11,77.0,101.0,1.1,0.1,0.0
2023-03-02,run,running,RUNNING,0.772,4.3,4.1,137.0,151.0,8.9,0.7,0.0
2023-03-03,run,running,RUNNING,1.901,9.77,9.7,126.0,147.0,15.7,1.3,0.0
2023-03-03,other,yoga,TRAINING,0.0,11.19,11.19,90.0,115.0,1.2,0.1,0.0
2023-03-05,other,yoga,TRAINING,0.0,5.36,5.36,73.0,95.0,0.2,0.0,0.0
2023-03-09,run,running,RUNNING,8.51,53.44,53.31,155.0,170.0,107.5,3.2,1.3
2023-03-13,run,running,RUNNING,3.881,20.65,20.42,153.0,168.0,51.4,2.6,0.0
2023-03-13,run,running,RUNNING,1.091,7.35,7.33,144.0,176.0,32.5,1.3,1.5
2023-03-13,other,yoga,TRAINING,0.0,15.46,15.46,89.0,107.0,1.3,0.1,0.0
2023-03-14,run,running,RUNNING,0.974,5.2,5.15,133.0,143.0,9.0,0.7,0.0
2023-03-14,run,running,RUNNING,0.985,5.26,5.03,123.0,133.0,8.0,0.7,0.0
2023-03-15,run,running,RUNNING,8.062,42.59,42.39,159.0,186.0,113.1,3.3,1.5
2023-03-15,other,yoga,TRAINING,0.0,18.48,18.48,89.0,113.0,1.7,0.1,0.0
2023-03-16,run,running,RUNNING,1.359,7.22,7.0,150.0,158.0,21.4,1.8,0.0
2023-03-16,run,running,RUNNING,11.577,50.08,50.04,181.0,210.0,216.9,4.6,0.0
2023-03-16,run,running,RUNNING,1.524,15.68,10.76,140.0,180.0,40.7,1.9,1.6
2023-03-17,run,running,RUNNING,2.096,10.72,10.49,155.0,170.0,57.4,2.5,1.0
2023-03-17,run,track_running,RUNNING,3.79,26.58,19.14,153.0,201.0,121.6,2.5,3.0
2023-03-17,run,running,RUNNING,1.062,6.73,6.46,152.0,180.0,24.3,1.3,0.8
2023-03-18,run,running,RUNNING,5.898,35.68,35.52,149.0,180.0,75.9,2.6,2.0
2023-03-20,run,running,RUNNING,2.021,10.49,10.33,151.0,166.0,30.2,2.1,0.0
2023-03-20,run,track_running,RUNNING,4.86,23.97,22.07,177.0,210.0,244.3,3.3,3.8
2023-03-20,run,running,RUNNING,1.353,8.92,8.91,149.0,175.0,32.6,1.6,1.2
2023-03-21,run,running,RUNNING,10.885,49.02,48.92,167.0,201.0,152.6,3.8,0.8
2023-03-21,run,running,RUNNING,1.14,9.15,8.84,139.0,170.0,,0.9,1.4
2023-03-21,other,yoga,TRAINING,0.0,16.17,16.17,98.0,110.0,1.9,0.1,0.0
2023-03-22,run,running,RUNNING,0.725,5.67,5.17,126.0,146.0,20.3,0.5,1.2
2023-03-22,other,yoga,TRAINING,0.0,7.33,7.33,106.0,130.0,1.9,0.1,0.0
2023-03-22,other,yoga,TRAINING,0.0,12.97,12.97,89.0,105.0,1.0,0.0,0.0
2023-03-23,run,running,RUNNING,3.734,20.94,20.1,142.0,155.0,41.5,2.3,0.1
2023-03-23,run,track_running,RUNNING,4.85,31.19,20.96,156.0,211.0,181.0,3.0,3.3
2023-03-23,run,running,RUNNING,1.089,8.08,8.07,138.0,167.0,24.0,0.9,1.0
2023-03-24,other,yoga,TRAINING,0.0,10.02,10.02,91.0,116.0,1.2,0.1,0.0
2023-03-24,run,running,RUNNING,2.716,14.73,14.7,136.0,161.0,33.9,2.2,0.0
2023-03-24,run,running,RUNNING,1.411,9.29,8.27,139.0,162.0,42.0,1.5,1.9
2023-03-25,run,running,RUNNING,7.901,44.39,44.34,155.0,177.0,83.7,3.0,0.8
2023-03-25,other,yoga,TRAINING,0.0,8.79,8.79,89.0,114.0,1.1,0.0,0.0
2023-03-27,run,running,RUNNING,2.678,12.51,12.48,153.0,164.0,37.3,2.2,0.0
2023-03-27,run,track_running,RUNNING,3.61,19.61,17.49,163.0,201.0,148.9,2.6,3.2
2023-03-27,run,running,RUNNING,1.066,7.47,7.37,145.0,167.0,18.9,1.0,0.4
2023-03-27,other,yoga,TRAINING,0.0,41.76,41.76,86.0,114.0,1.7,0.1,0.0
2023-03-28,run,running,RUNNING,4.003,19.36,19.33,174.0,192.0,81.9,3.1,0.0
2023-03-28,run,running,RUNNING,1.025,7.24,7.16,135.0,152.0,26.4,0.7,1.4
2023-03-29,run,running,RUNNING,8.879,40.92,40.9,163.0,189.0,133.6,3.6,0.0
2023-03-29,run,running,RUNNING,0.706,4.52,4.5,135.0,146.0,5.9,0.4,0.0
2023-03-29,run,running,RUNNING,0.345,3.38,2.28,132.0,162.0,10.1,0.3,0.5
2023-03-30,run,running,RUNNING,2.725,13.87,13.85,141.0,151.0,30.3,2.1,0.0
2023-03-30,run,track_running,RUNNING,3.67,21.32,21.17,126.0,166.0,62.8,1.2,2.4
2023-03-30,run,running,RUNNING,0.669,3.69,3.4,114.0,124.0,4.7,0.3,0.0
2023-03-31,other,yoga,TRAINING,0.0,46.3,46.3,87.0,114.0,1.9,0.1,0.0
2023-04-01,run,running,RUNNING,1.68,9.79,9.58,138.0,150.0,20.9,1.6,0.0
2023-04-01,run,track_running,RUNNING,3.01,10.2,10.16,169.0,217.0,115.7,2.8,2.4
2023-04-03,run,running,RUNNING,2.873,13.93,13.74,153.0,166.0,48.8,2.3,0.3
2023-04-03,run,running,RUNNING,1.669,10.91,10.63,125.0,146.0,26.1,0.8,1.2
2023-04-04,run,running,RUNNING,3.0,15.15,15.1,130.0,141.0,24.0,1.8,0.0
2023-04-04,run,track_running,RUNNING,5.84,30.84,26.29,139.0,196.0,114.8,2.4,2.8
2023-04-04,other,yoga,TRAINING,0.0,7.76,7.76,95.0,116.0,1.1,0.0,0.0
2023-04-05,run,running,RUNNING,1.242,6.19,6.15,151.0,165.0,20.1,1.5,0.0
2023-04-05,run,running,RUNNING,1.76,9.33,9.1,146.0,162.0,21.4,1.6,0.0
2023-04-05,run,running,RUNNING,6.773,30.15,30.1,174.0,195.0,145.2,3.5,1.5
2023-04-05,run,running,RUNNING,1.578,8.64,8.62,150.0,160.0,20.7,1.5,0.0
2023-04-05,run,running,RUNNING,0.24,2.62,1.57,127.0,149.0,5.4,0.2,0.2
2023-04-05,other,yoga,TRAINING,0.0,19.14,19.14,88.0,105.0,1.3,0.1,0.0
2023-04-06,other,yoga,TRAINING,0.0,12.65,12.65,96.0,109.0,1.5,0.1,0.0
2023-04-06,run,running,RUNNING,5.226,32.85,32.75,145.0,169.0,52.5,2.2,0.9
2023-04-06,run,running,RUNNING,2.698,12.72,12.57,163.0,183.0,48.6,2.4,0.0
2023-04-06,run,track_running,RUNNING,4.87,32.27,27.15,158.0,203.0,139.7,2.7,2.8
2023-04-07,run,track_running,RUNNING,0.6,2.34,2.32,130.0,141.0,5.0,0.3,0.0
2023-04-07,run,running,RUNNING,0.937,5.49,5.45,128.0,136.0,9.4,0.7,0.0
2023-04-08,run,running,RUNNING,7.299,42.56,42.5,155.0,173.0,79.4,2.6,1.4
2023-04-11,run,running,RUNNING,7.003,38.72,38.5,158.0,172.0,88.8,2.9,0.9
2023-04-11,run,running,RUNNING,1.331,7.08,6.47,149.0,170.0,20.6,1.5,0.0
2023-04-11,run,running,RUNNING,4.161,17.44,17.22,183.0,206.0,124.6,3.0,2.1
2023-04-11,run,running,RUNNING,1.013,6.91,6.87,134.0,145.0,6.7,0.5,0.0
2023-04-12,run,running,RUNNING,6.451,31.16,30.94,156.0,183.0,91.9,3.1,0.0
2023-04-12,run,running,RUNNING,0.711,4.62,4.6,137.0,166.0,18.5,0.6,0.7
2023-04-12,other,yoga,TRAINING,0.0,10.67,10.67,86.0,115.0,1.1,0.0,0.0
2023-04-13,other,strength_training,FITNESS_EQUIPMENT,0.0,10.17,10.17,106.0,125.0,2.7,0.2,0.0
2023-04-14,run,running,RUNNING,2.674,14.11,13.98,150.0,175.0,41.4,2.2,0.1
2023-04-14,run,track_running,RUNNING,2.94,25.26,14.59,138.0,200.0,57.5,2.0,2.0
2023-04-14,run,running,RUNNING,0.655,3.31,3.18,139.0,149.0,9.3,0.5,0.1
2023-04-14,other,yoga,TRAINING,0.0,12.69,12.69,87.0,114.0,1.1,0.0,0.0
2023-04-16,other,yoga,TRAINING,0.0,25.96,25.96,87.0,111.0,1.9,0.1,0.0
2023-04-17,other,strength_training,FITNESS_EQUIPMENT,0.0,10.4,10.4,109.0,138.0,3.3,0.2,0.0
2023-04-17,run,running,RUNNING,0.832,4.12,3.92,131.0,145.0,8.7,0.6,0.0
2023-04-17,run,running,RUNNING,7.66,35.03,34.74,171.0,190.0,139.5,3.6,0.1
2023-04-17,run,running,RUNNING,0.778,5.88,5.6,134.0,160.0,17.5,0.5,0.8
2023-04-18,run,running,RUNNING,2.72,13.84,13.55,145.0,163.0,37.7,2.2,0.0
2023-04-18,run,track_running,RUNNING,4.47,22.23,20.61,154.0,203.0,120.4,2.5,2.8
2023-04-18,run,running,RUNNING,0.668,3.95,3.88,143.0,152.0,7.3,0.5,0.0
2023-04-19,run,running,RUNNING,2.103,10.76,10.73,150.0,162.0,30.2,2.1,0.0
2023-04-19,run,running,RUNNING,0.199,1.55,1.43,109.0,120.0,1.2,0.0,0.0
2023-04-20,run,running,RUNNING,1.698,8.39,8.23,151.0,166.0,27.2,2.0,0.0
2023-04-20,run,running,RUNNING,2.605,24.56,22.7,144.0,188.0,60.1,1.9,2.2
2023-04-20,run,running,RUNNING,0.376,3.18,2.35,139.0,170.0,22.3,0.3,1.3
2023-04-20,run,running,RUNNING,1.712,9.17,9.15,151.0,167.0,20.1,1.5,0.0
2023-04-20,other,strength_training,TRAINING,0.0,10.97,10.97,109.0,130.0,3.3,0.2,0.0
2023-04-21,run,running,RUNNING,2.122,10.37,10.22,142.0,154.0,26.4,2.0,0.0
2023-04-21,run,track_running,RUNNING,4.64,39.51,29.36,138.0,198.0,118.3,2.2,3.0
2023-04-21,other,yoga,TRAINING,0.0,24.49,24.49,114.0,142.0,6.2,0.4,0.0
2023-04-22,run,running,RUNNING,10.517,55.95,55.52,157.0,174.0,91.7,3.0,0.6
2023-04-22,other,strength_training,TRAINING,0.0,12.14,12.14,113.0,134.0,4.1,0.3,0.0
2023-04-22,other,yoga,TRAINING,0.0,33.39,33.39,76.0,113.0,1.0,0.0,0.0
2023-04-24,run,running,RUNNING,7.341,35.76,35.73,161.0,186.0,99.7,3.2,0.0
2023-04-24,run,running,RUNNING,0.798,5.84,5.62,143.0,175.0,22.2,0.7,0.9
2023-04-24,run,track_running,RUNNING,0.2,0.6,0.53,115.0,131.0,11.3,0.1,0.7
2023-04-25,run,running,RUNNING,2.008,10.24,10.24,161.0,184.0,43.9,2.2,0.4
2023-04-25,run,track_running,RUNNING,5.46,42.08,31.53,148.0,202.0,168.2,2.6,3.3
2023-04-25,run,running,RUNNING,0.36,2.55,2.42,140.0,159.0,3.4,0.2,0.0
2023-04-25,other,yoga,TRAINING,0.0,7.14,7.14,102.0,123.0,1.4,0.1,0.0
2023-04-26,run,running,RUNNING,2.041,10.59,10.31,133.0,153.0,21.3,1.6,0.0
2023-04-26,run,running,RUNNING,0.551,4.01,3.88,129.0,141.0,3.4,0.2,0.0
2023-04-26,other,yoga,TRAINING,0.0,11.89,11.89,102.0,119.0,2.0,0.1,0.0
2023-04-27,other,yoga,TRAINING,0.0,15.44,15.44,95.0,120.0,1.9,0.1,0.0
2023-04-27,run,running,RUNNING,1.778,8.57,8.35,160.0,179.0,31.2,2.1,0.0
2023-04-27,run,running,RUNNING,2.984,29.0,26.0,137.0,163.0,73.9,1.7,2.5
2023-04-27,run,running,RUNNING,2.34,16.3,13.08,150.0,167.0,57.8,2.1,2.0
2023-04-27,other,yoga,TRAINING,0.0,7.01,7.01,100.0,126.0,1.4,0.1,0.0
2023-04-27,other,yoga,TRAINING,0.0,9.36,9.36,86.0,106.0,0.9,0.0,0.0
2023-04-28,run,running,RUNNING,2.711,14.54,14.19,151.0,164.0,39.4,2.2,0.0
2023-04-28,run,track_running,RUNNING,3.1,12.6,12.15,142.0,176.0,62.6,1.7,2.3
2023-04-28,other,yoga,TRAINING,0.0,12.16,12.16,83.0,108.0,0.9,0.0,0.0
2023-04-29,run,running,RUNNING,1.076,5.12,4.87,151.0,167.0,20.9,1.6,0.0
2023-04-29,run,track_running,RUNNING,0.39,0.92,0.92,136.7,160.0,49.7,0.7,2.3
2023-04-29,run,running,RUNNING,1.518,8.49,8.17,158.0,164.0,26.2,2.0,0.0
2023-04-30,other,yoga,TRAINING,0.0,43.55,43.55,78.0,108.0,1.2,0.1,0.0
2023-05-01,other,yoga,TRAINING,0.0,26.93,26.93,77.0,111.0,1.0,0.0,0.0
2023-05-01,run,running,RUNNING,2.38,12.71,12.68,161.0,172.0,41.9,2.3,0.0
2023-05-01,run,track_running,RUNNING,3.01,10.35,10.32,187.0,215.0,159.2,3.1,2.8
2023-05-03,run,running,RUNNING,2.822,14.89,14.82,151.0,162.0,38.8,2.2,0.0
2023-05-04,run,running,RUNNING,1.037,4.85,4.83,156.0,166.0,15.6,1.2,0.0
2023-05-04,run,running,RUNNING,9.034,40.11,40.07,168.0,182.0,169.5,3.9,0.0
2023-05-04,run,running,RUNNING,1.835,12.28,12.22,144.0,180.0,38.4,1.5,1.4
2023-05-04,other,yoga,TRAINING,0.0,20.31,20.31,102.0,121.0,3.1,0.2,0.0
2023-05-05,run,running,RUNNING,2.794,13.75,13.59,155.0,170.0,44.1,2.3,0.0
2023-05-05,run,track_running,RUNNING,4.21,19.41,17.9,188.0,210.0,240.5,3.5,3.3
2023-05-05,run,running,RUNNING,2.715,16.62,16.61,158.0,171.0,38.1,2.2,0.0
2023-05-05,other,yoga,TRAINING,0.0,7.68,7.68,92.0,108.0,1.1,0.0,0.0
2023-05-06,run,running,RUNNING,6.033,35.14,33.47,148.0,169.0,70.9,2.5,1.2
2023-05-07,run,running,RUNNING,12.69,62.56,62.37,163.0,190.0,150.7,3.6,0.3
2023-05-07,run,running,RUNNING,1.0,6.25,6.22,157.0,175.0,21.2,1.0,0.5
2023-05-07,other,strength_training,TRAINING,0.0,12.27,12.27,114.0,137.0,4.8,0.3,0.0
2023-05-07,other,yoga,TRAINING,0.0,33.7,33.7,89.0,113.0,1.9,0.1,0.0
2023-05-08,run,running,RUNNING,2.769,14.39,14.28,153.0,168.0,41.4,2.2,0.0
2023-05-08,run,running,RUNNING,8.763,40.11,39.78,170.0,192.0,148.1,3.6,0.0
2023-05-08,run,running,RUNNING,1.016,5.77,5.74,152.0,166.0,14.7,1.1,0.0
2023-05-08,other,yoga,TRAINING,0.0,7.68,7.68,97.0,116.0,1.1,0.0,0.0
2023-05-09,run,running,RUNNING,3.096,15.87,15.75,153.0,161.0,48.6,2.4,0.0
2023-05-09,run,track_running,RUNNING,5.82,27.24,25.55,161.0,204.0,159.1,2.9,3.0
2023-05-09,run,running,RUNNING,0.967,6.01,5.75,144.0,155.0,9.7,0.7,0.0
2023-05-10,other,strength_training,FITNESS_EQUIPMENT,0.0,13.17,13.17,112.0,140.0,4.5,0.3,0.0
2023-05-10,other,yoga,TRAINING,0.0,35.38,35.38,82.0,115.0,1.5,0.1,0.0
2023-05-11,run,running,RUNNING,8.474,45.54,45.35,159.0,185.0,122.9,3.1,1.7
2023-05-11,other,yoga,TRAINING,0.0,25.92,25.92,96.0,119.0,2.4,0.1,0.0
2023-05-12,run,running,RUNNING,1.47,7.06,7.04,153.0,163.0,40.2,2.2,0.0
2023-05-12,run,track_running,RUNNING,2.53,29.83,17.67,112.0,161.0,50.2,0.9,2.2
2023-05-12,run,running,RUNNING,0.998,7.16,6.98,142.0,154.0,10.8,0.8,0.0
2023-05-12,other,yoga,TRAINING,0.0,19.85,19.85,89.0,112.0,1.3,0.1,0.0
2023-05-13,other,yoga,TRAINING,0.0,9.84,9.84,87.0,105.0,0.9,0.0,0.0
2023-05-13,run,running,RUNNING,2.327,11.89,11.87,144.0,155.0,26.7,2.0,0.0
2023-05-13,run,track_running,RUNNING,1.51,4.58,4.53,183.0,205.0,102.5,2.1,2.7
2023-05-13,run,running,RUNNING,1.278,8.08,8.08,150.0,156.0,16.1,1.2,0.0
2023-05-14,run,running,RUNNING,11.341,58.74,58.49,155.0,175.0,118.5,3.2,0.8
2023-05-14,other,strength_training,TRAINING,0.0,12.08,12.08,110.0,139.0,3.8,0.2,0.0
2023-05-14,other,yoga,TRAINING,0.0,33.86,33.86,87.0,114.0,2.3,0.1,0.0
2023-05-15,run,running,RUNNING,2.765,14.05,14.03,150.0,172.0,44.8,2.3,0.0
2023-05-15,run,running,RUNNING,6.461,25.08,25.05,187.0,200.0,154.7,3.6,0.5
2023-05-15,run,running,RUNNING,1.348,9.52,9.47,146.0,167.0,38.0,1.1,1.6
2023-05-16,other,strength_training,TRAINING,0.0,12.34,12.34,107.0,130.0,3.5,0.2,0.0
2023-05-16,other,yoga,TRAINING,0.0,41.69,41.69,83.0,118.0,1.5,0.1,0.0
2023-05-17,run,running,RUNNING,2.003,11.0,10.92,142.0,157.0,24.7,1.8,0.0
2023-05-17,run,track_running,RUNNING,6.36,29.63,27.2,159.0,200.0,121.7,3.2,1.0
2023-05-17,run,running,RUNNING,1.749,12.63,12.37,136.0,144.0,10.5,0.7,0.0
2023-05-17,other,yoga,TRAINING,0.0,8.28,8.28,99.0,110.0,1.2,0.0,0.0
2023-05-17,other,yoga,TRAINING,0.0,29.07,29.07,92.0,122.0,2.1,0.1,0.0
2023-05-18,run,running,RUNNING,2.707,14.8,14.44,140.0,153.0,36.2,2.0,0.5
2023-05-18,run,track_running,RUNNING,1.98,15.13,13.68,133.0,168.0,56.8,1.0,2.3
2023-05-18,other,yoga,TRAINING,0.0,11.04,11.04,76.0,102.0,0.5,0.0,0.0
2023-05-19,run,running,RUNNING,2.731,14.35,14.32,146.0,173.0,39.6,2.2,0.0
2023-05-19,run,running,RUNNING,1.804,11.39,11.34,147.0,174.0,55.7,1.7,2.1
2023-05-19,other,yoga,TRAINING,0.0,3.17,3.17,86.0,103.0,0.3,0.0,0.0
2023-05-21,run,running,RUNNING,8.905,48.89,48.73,162.0,180.0,94.4,3.0,0.7
2023-05-21,other,strength_training,TRAINING,0.0,13.12,13.12,111.0,140.0,4.4,0.3,0.0
2023-05-21,other,yoga,TRAINING,0.0,28.39,28.39,86.0,107.0,1.6,0.1,0.0
2023-05-22,run,running,RUNNING,2.111,11.91,11.81,134.0,153.0,22.3,1.6,0.0
2023-05-22,run,running,RUNNING,3.709,20.57,20.55,147.0,165.0,43.6,2.3,0.0
2023-05-22,run,running,RUNNING,4.167,17.57,17.52,185.0,200.0,140.1,3.1,2.3
2023-05-22,run,running,RUNNING,1.818,9.93,9.9,157.0,170.0,25.0,1.8,0.0
2023-05-22,other,yoga,TRAINING,0.0,3.64,3.64,108.0,120.0,2.6,0.1,0.0
2023-05-22,other,yoga,TRAINING,0.0,31.61,31.61,100.0,121.0,3.7,0.2,0.0
2023-05-23,run,running,RUNNING,2.723,13.48,13.41,153.0,173.0,45.9,2.3,0.0
2023-05-23,run,running,RUNNING,1.074,7.75,7.5,136.0,176.0,36.6,0.8,1.8
2023-05-23,other,yoga,TRAINING,0.0,37.95,37.95,96.0,117.0,2.2,0.1,0.0
2023-05-24,run,running,RUNNING,1.768,9.09,8.98,141.0,160.0,22.4,1.6,0.0
2023-05-24,run,running,RUNNING,3.946,42.55,38.56,135.0,186.0,70.2,1.9,2.3
2023-05-24,run,running,RUNNING,1.8,10.0,9.93,151.0,168.0,25.0,1.8,0.0
2023-05-24,other,yoga,TRAINING,0.0,29.26,29.26,94.0,121.0,2.1,0.1,0.0
2023-05-25,run,running,RUNNING,1.45,8.09,7.27,133.0,155.0,42.2,1.0,2.0
2023-05-25,run,track_running,RUNNING,2.5,34.85,19.46,125.0,166.0,43.4,1.1,2.0
2023-05-25,run,running,RUNNING,0.885,6.26,6.26,145.0,157.0,9.1,0.6,0.0
2023-05-25,other,yoga,TRAINING,0.0,9.35,9.35,110.0,121.0,2.4,0.1,0.0
2023-05-26,other,yoga,TRAINING,0.0,5.61,5.61,96.0,109.0,0.9,0.0,0.0
2023-05-26,run,running,RUNNING,2.741,14.2,13.92,146.0,158.0,33.0,2.1,0.0
2023-05-26,run,running,RUNNING,0.485,2.72,2.17,133.0,151.0,30.4,0.9,1.3
2023-05-26,run,running,RUNNING,5.143,25.04,24.75,160.0,180.0,69.7,2.8,0.0
2023-05-26,other,yoga,TRAINING,0.0,51.64,51.64,92.0,116.0,2.3,0.1,0.0
2023-05-27,run,running,RUNNING,2.622,13.6,13.58,156.0,169.0,33.6,2.1,0.0
2023-05-27,run,track_running,RUNNING,1.5,4.51,4.48,198.0,208.0,113.7,2.3,2.7
2023-05-27,run,running,RUNNING,1.599,9.53,9.47,151.0,161.0,16.9,1.2,0.0
2023-05-28,run,running,RUNNING,1.706,10.42,10.41,136.0,147.0,14.3,1.0,0.0
2023-05-28,run,track_running,RUNNING,4.99,18.22,18.18,190.0,206.0,172.4,3.4,2.2
2023-05-28,run,running,RUNNING,1.131,7.98,7.95,145.0,154.0,9.6,0.6,0.0
2023-05-29,run,running,RUNNING,5.019,27.73,27.7,143.0,156.0,44.6,2.3,0.1
2023-05-29,run,running,RUNNING,1.164,7.38,7.31,133.0,164.0,37.3,0.6,2.0
2023-05-29,other,yoga,TRAINING,0.0,8.44,8.44,91.0,115.0,1.1,0.0,0.0
2023-05-30,run,running,RUNNING,4.072,19.86,19.85,149.0,178.0,59.4,2.5,0.0
2023-05-30,run,track_running,RUNNING,1.64,10.22,10.14,127.0,149.0,41.8,0.7,2.0
2023-05-30,other,yoga,TRAINING,0.0,36.34,36.34,92.0,116.0,2.3,0.1,0.0
2023-05-31,run,running,RUNNING,1.784,8.53,8.5,146.0,160.0,25.8,1.8,0.0
2023-05-31,run,running,RUNNING,3.547,37.07,29.59,129.0,164.0,88.4,1.4,2.7
2023-05-31,run,running,RUNNING,1.801,8.91,8.88,157.0,169.0,29.4,2.0,0.0
2023-05-31,other,yoga,TRAINING,0.0,12.25,12.25,88.0,108.0,1.0,0.0,0.0
2023-05-31,other,yoga,TRAINING,0.0,36.12,36.12,78.0,102.0,1.1,0.0,0.0
2023-06-01,run,running,RUNNING,2.679,13.52,13.5,148.0,166.0,32.6,2.0,0.0
2023-06-01,run,track_running,RUNNING,0.35,1.46,1.41,173.0,199.0,6.5,0.3,0.1
2023-06-01,run,track_running,RUNNING,4.46,32.19,29.67,147.0,200.0,77.1,2.2,2.1
2023-06-01,run,running,RUNNING,0.68,4.0,3.98,150.0,163.0,7.5,0.5,0.0
2023-06-02,run,running,RUNNING,7.015,37.93,37.8,153.0,175.0,79.3,2.6,1.2
2023-06-02,other,yoga,TRAINING,0.0,18.32,18.32,85.0,114.0,1.1,0.0,0.0
2023-06-03,run,running,RUNNING,13.399,70.17,70.08,151.0,167.0,95.0,3.1,0.0
2023-06-03,run,running,RUNNING,0.334,2.4,1.96,137.0,170.0,23.7,0.4,1.3
2023-06-04,other,yoga,TRAINING,0.0,33.2,33.2,78.0,109.0,1.0,0.0,0.0
2023-06-05,run,track_running,RUNNING,0.77,3.39,3.28,143.0,157.0,9.1,0.6,0.0
2023-06-05,run,track_running,RUNNING,0.43,2.49,2.45,133.0,152.0,3.5,0.2,0.0
2023-06-05,run,running,RUNNING,1.758,8.39,8.36,157.0,181.0,28.1,2.0,0.0
2023-06-05,run,running,RUNNING,8.219,44.97,40.53,150.0,206.0,154.3,3.4,2.1
2023-06-05,other,yoga,TRAINING,0.0,21.66,21.66,99.0,120.0,2.5,0.1,0.0
2023-06-06,run,running,RUNNING,3.236,15.86,15.73,158.0,175.0,54.3,2.5,0.0
2023-06-06,run,track_running,RUNNING,1.73,14.28,10.68,136.0,177.0,70.0,1.4,2.4
2023-06-06,other,yoga,TRAINING,0.0,10.86,10.86,91.0,102.0,1.1,0.0,0.0
2023-06-06,other,yoga,TRAINING,0.0,19.17,19.17,87.0,111.0,1.3,0.1,0.0
2023-06-07,run,running,RUNNING,2.72,14.65,14.63,139.0,152.0,29.4,2.0,0.0
2023-06-07,run,track_running,RUNNING,3.91,25.34,20.32,127.0,176.0,69.0,1.1,2.5
2023-06-07,run,running,RUNNING,2.68,16.27,16.24,143.0,154.0,23.6,1.7,0.0
2023-06-08,run,running,RUNNING,2.698,14.04,13.98,148.0,159.0,37.5,2.2,0.0
2023-06-08,run,running,RUNNING,9.653,47.41,47.31,161.0,178.0,120.2,3.3,0.0
2023-06-08,run,running,RUNNING,1.399,8.57,8.51,149.0,171.0,42.7,1.5,1.6
2023-06-08,other,yoga,TRAINING,0.0,26.77,26.77,98.0,118.0,2.5,0.1,0.0
2023-06-09,run,running,RUNNING,2.644,13.48,13.42,152.0,170.0,41.3,2.2,0.0
2023-06-09,run,track_running,RUNNING,4.79,33.72,27.71,147.0,195.0,130.0,2.3,3.0
2023-06-09,run,running,RUNNING,0.98,6.47,6.47,147.0,157.0,9.6,0.7,0.0
2023-06-10,other,yoga,TRAINING,0.0,31.33,31.33,86.0,107.0,1.2,0.0,0.0
2023-06-12,other,yoga,TRAINING,0.0,43.31,43.31,88.0,115.0,1.6,0.1,0.0
2023-06-12,run,running,RUNNING,3.615,19.69,19.58,138.0,155.0,37.2,2.2,0.0
2023-06-12,run,track_running,RUNNING,4.42,26.56,21.3,123.0,161.0,47.0,1.0,2.1
2023-06-13,run,running,RUNNING,2.103,11.29,11.17,155.0,167.0,31.1,2.0,0.0
2023-06-13,run,track_running,RUNNING,2.02,6.86,6.82,198.0,211.0,151.0,2.7,3.0
2023-06-13,run,running,RUNNING,1.427,8.72,8.7,140.0,151.0,14.1,1.0,0.0
2023-06-14,other,yoga,TRAINING,0.0,40.53,40.53,79.0,117.0,1.2,0.0,0.0
2023-06-14,run,running,RUNNING,2.574,14.19,14.16,145.0,155.0,30.7,2.0,0.0
2023-06-14,run,running,RUNNING,1.112,7.48,7.46,130.0,159.0,38.1,0.6,2.0
2023-06-15,other,strength_training,TRAINING,0.0,12.07,12.07,113.0,135.0,4.7,0.3,0.0
2023-06-15,other,yoga,TRAINING,0.0,40.89,40.89,83.0,114.0,1.4,0.1,0.0
2023-06-15,run,running,RUNNING,2.586,13.19,13.09,152.0,167.0,41.0,2.2,0.0
2023-06-15,run,track_running,RUNNING,2.42,35.79,19.83,113.0,148.0,47.6,0.8,2.1
2023-06-15,run,running,RUNNING,0.939,5.84,5.6,152.0,162.0,12.6,0.9,0.0
2023-06-16,other,strength_training,FITNESS_EQUIPMENT,0.0,12.26,12.26,108.0,141.0,4.6,0.3,0.0
2023-06-16,other,yoga,TRAINING,0.0,10.58,10.58,87.0,115.0,1.0,0.0,0.0
2023-06-16,run,running,RUNNING,7.308,37.72,37.59,156.0,183.0,94.2,2.8,1.5
2023-06-17,bike,mountain_biking,CYCLING,25.836,147.13,133.73,125.0,168.0,47.7,2.2,0.6
2023-06-18,bike,mountain_biking,CYCLING,21.213,117.97,114.82,134.0,187.0,106.6,2.5,2.4
2023-06-19,other,strength_training,TRAINING,0.0,12.37,12.37,124.0,155.0,11.7,0.6,0.2
2023-06-19,other,yoga,TRAINING,0.0,27.68,27.68,85.0,141.0,1.3,0.1,0.0
2023-06-19,run,running,RUNNING,9.664,44.29,44.24,175.0,204.0,161.2,3.7,0.0
2023-06-19,run,running,RUNNING,1.54,11.26,10.8,151.0,183.0,39.9,1.6,1.3
2023-06-20,run,running,RUNNING,5.866,35.37,35.22,150.0,185.0,50.9,2.2,1.0
2023-06-20,other,strength_training,TRAINING,0.0,12.66,12.66,125.0,155.0,10.0,0.7,0.0
2023-06-20,other,yoga,TRAINING,0.0,17.3,17.3,89.0,112.0,1.4,0.1,0.0
2023-06-20,run,running,RUNNING,2.606,14.05,13.97,145.0,162.0,33.0,2.1,0.0
2023-06-20,run,running,RUNNING,0.76,5.46,5.36,147.0,171.0,37.5,0.8,1.9
2023-06-21,other,yoga,TRAINING,0.0,16.67,16.67,86.0,114.0,1.4,0.1,0.0
2023-06-21,run,running,RUNNING,1.792,9.04,9.0,149.0,164.0,24.4,1.8,0.0
2023-06-21,run,running,RUNNING,3.864,44.81,38.84,130.0,184.0,72.3,1.9,2.3
2023-06-21,run,running,RUNNING,1.764,9.55,9.3,155.0,164.0,23.0,1.7,0.0
2023-06-22,run,running,RUNNING,1.808,10.14,10.1,137.0,161.0,19.6,1.3,0.0
2023-06-22,run,track_running,RUNNING,5.05,39.02,35.87,148.0,199.0,131.7,2.5,2.9
2023-06-22,run,running,RUNNING,0.846,7.84,7.64,135.0,173.0,33.2,0.8,1.6
2023-06-23,other,yoga,TRAINING,0.0,8.68,8.68,97.0,114.0,1.2,0.0,0.0
2023-06-24,other,hiking,HIKING,2.384,27.77,25.5,98.0,146.0,4.9,0.3,0.0
2023-06-24,bike,mountain_biking,CYCLING,3.094,15.99,15.23,110.0,123.0,4.4,0.3,0.0
2023-06-24,other,hiking,HIKING,2.371,36.08,28.78,92.0,120.0,2.7,0.2,0.0
2023-06-24,run,running,RUNNING,4.214,21.98,21.93,150.0,162.0,45.7,2.3,0.0
2023-06-24,run,running,RUNNING,6.823,38.52,38.45,163.0,193.0,84.1,3.0,0.0
2023-06-24,run,running,RUNNING,0.651,4.81,4.61,139.0,156.0,22.0,0.5,1.1
2023-06-25,other,hiking,HIKING,12.965,152.01,141.9,110.0,151.0,15.3,0.9,0.1
2023-06-26,other,strength_training,TRAINING,0.0,12.17,12.17,136.0,172.0,25.7,1.3,0.5
2023-06-26,other,yoga,TRAINING,0.0,30.95,30.95,97.0,126.0,3.0,0.2,0.0
2023-06-26,run,running,RUNNING,6.043,30.22,30.13,166.0,198.0,96.3,3.1,0.3
2023-06-26,run,track_running,RUNNING,1.53,10.1,9.02,157.0,203.0,34.3,2.0,0.5
2023-06-26,run,running,RUNNING,1.084,5.68,5.67,164.0,176.0,15.6,1.1,0.0
2023-06-27,other,strength_training,TRAINING,0.0,12.13,12.13,113.0,150.0,5.3,0.4,0.0
2023-06-27,other,yoga,TRAINING,0.0,14.27,14.27,86.0,110.0,1.3,0.0,0.0
2023-06-27,run,running,RUNNING,2.694,13.55,13.48,150.0,164.0,39.3,2.2,0.0
2023-06-27,run,track_running,RUNNING,1.22,10.87,7.2,117.0,142.0,35.8,0.3,2.0
2023-06-28,other,yoga,TRAINING,0.0,15.56,15.56,84.0,115.0,1.1,0.0,0.0
2023-06-28,run,running,RUNNING,1.73,8.88,8.72,145.0,159.0,25.7,1.9,0.0
2023-06-28,run,running,RUNNING,4.789,51.87,43.9,123.0,164.0,89.8,1.5,2.7
2023-06-28,run,running,RUNNING,1.705,9.3,9.3,150.0,160.0,24.4,1.8,0.0
2023-06-29,other,strength_training,TRAINING,0.0,10.04,10.04,107.0,126.0,3.0,0.2,0.0
2023-06-29,other,yoga,TRAINING,0.0,37.08,37.08,78.0,114.0,1.4,0.1,0.0
2023-06-29,run,running,RUNNING,2.666,13.43,13.3,148.0,160.0,35.6,2.1,0.0
2023-06-29,run,track_running,RUNNING,4.4,28.83,23.49,153.0,206.0,162.6,2.7,3.1
2023-06-29,run,running,RUNNING,1.361,8.44,8.25,151.0,161.0,16.1,1.2,0.0
2023-06-30,other,yoga,TRAINING,0.0,7.45,7.45,85.0,107.0,0.7,0.0,0.0
2023-06-30,run,running,RUNNING,6.426,35.46,35.0,139.0,171.0,54.3,2.3,0.8
2023-07-01,other,strength_training,TRAINING,0.0,12.47,12.47,120.0,147.0,7.5,0.5,0.0
2023-07-01,other,yoga,TRAINING,0.0,18.51,18.51,82.0,107.0,1.2,0.0,0.0
2023-07-01,run,running,RUNNING,13.463,71.16,71.0,152.0,168.0,107.7,3.1,1.0
2023-07-02,run,running,RUNNING,0.691,3.89,3.72,119.0,142.0,5.0,0.3,0.0
2023-07-03,other,yoga,TRAINING,0.0,17.39,17.39,92.0,118.0,1.8,0.1,0.0
2023-07-03,run,running,RUNNING,2.655,14.03,13.9,143.0,161.0,30.4,2.0,0.0
2023-07-03,run,running,RUNNING,6.286,25.01,24.99,188.0,199.0,141.7,3.5,0.4
2023-07-03,run,track_running,RUNNING,1.49,12.46,8.37,149.0,196.0,81.3,2.0,2.5
2023-07-03,run,running,RUNNING,1.025,6.43,6.2,142.0,157.0,9.8,0.7,0.0
2023-07-03,other,yoga,TRAINING,0.0,21.18,21.18,104.0,131.0,1.9,0.1,0.0
2023-07-04,run,running,RUNNING,6.323,37.05,36.87,144.0,169.0,48.6,2.2,0.6
2023-07-04,other,strength_training,FITNESS_EQUIPMENT,0.0,12.22,12.22,115.0,139.0,5.4,0.4,0.0
2023-07-04,other,yoga,TRAINING,0.0,9.01,9.01,94.0,110.0,1.1,0.0,0.0
2023-07-04,run,running,RUNNING,8.147,40.29,40.03,158.0,172.0,75.3,2.9,0.0
2023-07-05,other,yoga,TRAINING,0.0,6.66,6.66,84.0,97.0,0.6,0.0,0.0
2023-07-05,run,running,RUNNING,1.748,9.32,9.3,143.0,162.0,21.7,1.6,0.0
2023-07-05,run,running,RUNNING,4.571,47.69,42.88,133.0,182.0,49.3,1.8,1.8
2023-07-05,run,running,RUNNING,2.261,14.61,13.21,146.0,165.0,47.9,1.8,1.7
2023-07-06,other,strength_training,FITNESS_EQUIPMENT,0.0,12.21,12.21,108.0,133.0,3.5,0.2,0.0
2023-07-06,other,yoga,TRAINING,0.0,22.01,22.01,90.0,111.0,1.4,0.1,0.0
2023-07-06,run,running,RUNNING,2.668,13.93,13.89,146.0,161.0,35.7,2.1,0.0
2023-07-06,run,track_running,RUNNING,3.31,38.4,28.78,108.0,167.0,53.3,1.0,2.2
2023-07-06,run,running,RUNNING,0.669,4.28,4.27,144.0,154.0,7.2,0.5,0.0
2023-07-07,run,running,RUNNING,6.312,36.68,36.6,134.0,165.0,42.3,2.1,0.4
2023-07-08,run,running,RUNNING,11.479,62.7,62.56,157.0,180.0,104.6,3.0,1.3
2023-07-09,other,strength_training,FITNESS_EQUIPMENT,0.0,15.23,15.23,112.0,148.0,7.8,0.5,0.0
2023-07-09,other,yoga,TRAINING,0.0,25.26,25.26,82.0,104.0,1.2,0.0,0.0
2023-07-09,other,stop_watch,,0.0,2.6,2.6,,,,,
2023-07-10,run,running,RUNNING,8.777,43.24,43.17,174.0,195.0,124.4,3.4,0.0
2023-07-10,run,running,RUNNING,0.67,6.46,5.16,159.0,179.0,40.1,1.4,1.5
2023-07-11,run,running,RUNNING,3.007,15.36,15.34,151.0,170.0,43.5,2.3,0.0
2023-07-11,run,running,RUNNING,0.814,4.92,4.01,136.0,163.0,19.8,0.8,0.6
2023-07-13,other,yoga,TRAINING,0.0,16.48,16.48,99.0,120.0,2.3,0.1,0.0
2023-07-13,other,strength_training,TRAINING,0.0,13.16,13.16,94.0,127.0,2.0,0.1,0.0
2023-07-13,run,running,RUNNING,2.662,13.76,13.63,148.0,169.0,48.2,2.2,0.6
2023-07-13,run,track_running,RUNNING,2.14,12.46,11.51,147.0,185.0,90.5,1.8,2.7
2023-07-13,run,running,RUNNING,1.036,6.14,6.12,147.0,157.0,13.6,1.0,0.0
2023-07-14,run,running,RUNNING,6.902,36.16,36.12,151.0,178.0,78.4,2.5,1.6
2023-07-15,other,hiking,HIKING,4.775,74.5,59.92,114.0,146.0,17.1,1.2,0.0
2023-07-15,run,running,RUNNING,0.164,1.13,1.13,140.0,154.0,1.6,0.1,0.0
2023-07-15,run,running,RUNNING,1.387,10.02,10.02,155.0,172.0,23.6,1.7,0.0
2023-07-15,run,running,RUNNING,1.204,7.64,7.62,153.0,173.0,15.6,1.1,0.0
2023-07-15,run,running,RUNNING,7.607,34.36,34.29,184.0,200.0,151.8,3.6,0.6
2023-07-15,run,running,RUNNING,2.953,18.38,18.36,144.0,156.0,23.5,1.7,0.0
2023-07-16,other,hiking,HIKING,10.809,163.48,139.45,109.0,155.0,19.9,1.4,0.0
2023-07-17,other,yoga,TRAINING,0.0,8.55,8.55,89.0,110.0,0.9,0.0,0.0
2023-07-17,other,strength_training,FITNESS_EQUIPMENT,0.0,10.15,10.15,95.0,125.0,2.0,0.1,0.0
2023-07-17,run,running,RUNNING,2.049,11.48,11.16,149.0,163.0,24.5,1.8,0.0
2023-07-17,run,running,RUNNING,4.525,20.09,20.07,176.0,189.0,78.6,2.9,0.0
2023-07-17,run,running,RUNNING,1.089,7.17,7.07,143.0,172.0,11.7,0.7,0.0
2023-07-18,other,yoga,TRAINING,0.0,17.9,17.9,88.0,117.0,1.4,0.1,0.0
2023-07-18,run,running,RUNNING,2.594,13.63,13.53,151.0,163.0,38.1,2.2,0.0
2023-07-18,run,track_running,RUNNING,4.43,36.81,27.2,143.0,202.0,154.5,2.4,3.2
2023-07-18,run,running,RUNNING,1.002,6.36,6.35,150.0,161.0,12.3,0.9,0.0
2023-07-19,other,stop_watch,,0.0,10.02,10.02,,,,,
2023-07-19,run,running,RUNNING,1.717,8.73,8.6,150.0,169.0,25.1,1.8,0.0
2023-07-19,run,running,RUNNING,7.071,67.31,60.35,132.0,186.0,85.0,2.2,2.3
2023-07-20,other,strength_training,TRAINING,0.0,12.05,12.05,119.0,145.0,6.6,0.4,0.0
2023-07-20,run,running,RUNNING,6.536,37.69,37.34,143.0,172.0,62.3,2.3,1.4
2023-07-21,other,yoga,TRAINING,0.0,4.3,4.3,74.0,94.0,0.3,0.0,0.0
2023-07-21,run,running,RUNNING,2.316,11.82,11.78,155.0,166.0,33.4,2.1,0.0
2023-07-21,run,running,RUNNING,4.557,16.32,16.3,197.1,211.0,224.7,3.5,3.1
2023-07-21,run,running,RUNNING,1.787,11.89,11.85,133.0,143.0,12.6,0.9,0.0
2023-07-22,run,running,RUNNING,14.682,78.55,77.64,151.0,178.0,110.4,3.1,1.3
2023-07-23,other,yoga,TRAINING,0.0,16.0,16.0,90.0,111.0,1.4,0.1,0.0
2023-07-24,other,strength_training,TRAINING,0.0,11.78,11.78,117.0,142.0,6.3,0.4,0.0
2023-07-24,run,running,RUNNING,8.386,43.83,43.77,150.0,173.0,89.0,2.7,1.5
2023-07-24,other,yoga,TRAINING,0.0,6.5,6.5,94.0,107.0,0.9,0.0,0.0
2023-07-25,other,yoga,TRAINING,0.0,16.43,16.43,95.0,113.0,2.0,0.1,0.0
2023-07-25,run,running,RUNNING,6.492,36.41,36.3,141.0,166.0,56.4,2.3,0.6
2023-07-26,run,running,RUNNING,4.138,21.5,21.47,149.0,165.0,44.7,2.3,0.0
2023-07-26,run,track_running,RUNNING,4.76,26.44,23.88,167.0,205.0,144.7,2.9,2.8
2023-07-26,run,running,RUNNING,0.98,6.05,5.87,152.0,167.0,11.0,0.8,0.0
2023-07-27,other,strength_training,TRAINING,0.0,11.14,11.14,120.0,142.0,6.3,0.4,0.0
2023-07-27,other,yoga,TRAINING,0.0,9.0,34.65,94.0,117.0,3.8,0.2,0.0
2023-07-27,run,running,RUNNING,9.363,47.46,47.39,155.0,179.0,93.5,2.9,1.0
2023-07-28,other,yoga,TRAINING,0.0,17.69,17.69,81.0,107.0,1.0,0.0,0.0
2023-07-28,run,running,RUNNING,2.392,12.93,12.8,140.0,155.0,22.7,1.7,0.0
2023-07-28,run,running,RUNNING,7.891,35.35,35.26,169.0,199.0,137.8,3.2,2.1
2023-07-28,run,running,RUNNING,1.006,5.85,5.67,143.0,153.0,10.1,0.7,0.0
2023-07-29,run,running,RUNNING,16.305,82.58,82.49,154.0,171.0,116.9,3.2,0.8
2023-07-29,other,yoga,TRAINING,0.0,17.75,17.75,97.0,113.0,2.3,0.1,0.0
2023-07-30,other,yoga,TRAINING,0.0,16.55,16.55,88.0,112.0,1.3,0.1,0.0
2023-07-31,run,running,RUNNING,2.718,13.78,13.76,151.0,164.0,39.9,2.2,0.0
2023-07-31,run,running,RUNNING,1.758,9.27,9.04,164.0,206.0,80.0,2.2,2.2
2023-07-31,other,yoga,TRAINING,0.0,7.72,7.72,103.0,230.0,2.5,0.1,0.0
2023-07-31,run,running,RUNNING,0.353,2.42,2.4,134.0,142.0,2.9,0.2,0.0
2023-08-01,other,yoga,TRAINING,0.0,6.66,6.66,81.0,99.0,0.6,0.0,0.0
2023-08-01,run,running,RUNNING,2.65,13.73,13.68,143.0,157.0,31.1,2.0,0.0
2023-08-01,run,running,RUNNING,6.331,25.34,25.3,179.0,196.0,147.2,3.6,0.0
2023-08-01,run,running,RUNNING,1.207,10.8,8.25,131.0,162.0,33.5,0.8,1.6
2023-08-02,run,running,RUNNING,1.756,8.23,8.12,147.0,163.0,23.3,1.7,0.0
2023-08-02,run,running,RUNNING,4.634,44.57,39.96,140.0,177.0,124.1,2.2,3.0
2023-08-02,run,running,RUNNING,2.146,13.49,12.81,142.0,159.0,39.1,1.9,1.0
2023-08-03,other,yoga,TRAINING,0.0,8.8,8.8,94.0,106.0,1.2,0.0,0.0
2023-08-03,run,running,RUNNING,3.079,15.76,15.65,149.0,172.0,41.8,2.2,0.0
2023-08-04,run,running,RUNNING,5.31,32.72,32.64,145.0,167.0,46.6,2.0,1.1
2023-08-04,other,yoga,TRAINING,0.0,24.26,24.26,92.0,117.0,1.8,0.1,0.0
2023-08-05,other,yoga,TRAINING,0.0,25.42,25.42,88.0,110.0,1.4,0.1,0.0
2023-08-06,run,running,RUNNING,6.559,32.97,32.93,164.0,182.0,88.5,3.0,0.0
2023-08-06,run,running,RUNNING,2.532,21.6,19.03,140.0,230.0,35.6,1.7,0.9
2023-08-07,run,running,RUNNING,1.06,5.42,5.38,155.0,175.0,16.0,1.2,0.0
2023-08-07,run,running,RUNNING,5.202,47.78,40.33,148.0,196.0,94.2,2.3,2.4
2023-08-07,run,running,RUNNING,1.443,7.01,6.88,162.0,179.0,26.4,1.9,0.0
2023-08-07,run,running,RUNNING,1.374,8.93,8.68,144.0,165.0,34.1,1.2,1.2
2023-08-08,run,running,RUNNING,2.899,16.12,16.07,150.0,169.0,40.8,2.2,0.0
2023-08-08,run,running,RUNNING,1.009,5.64,5.62,149.0,161.0,15.1,1.1,0.0
2023-08-08,run,running,RUNNING,7.255,36.07,36.02,164.0,185.0,93.6,3.1,0.0
2023-08-08,run,running,RUNNING,1.221,7.18,6.93,151.0,165.0,13.9,1.0,0.0
2023-08-08,other,yoga,TRAINING,0.0,24.16,24.16,110.0,134.0,5.7,0.4,0.0
2023-08-08,other,stop_watch,,0.0,4.65,4.65,,,,,
2023-08-09,run,running,RUNNING,2.132,11.81,11.79,152.0,179.0,32.9,2.1,0.0
2023-08-09,run,running,RUNNING,1.054,7.14,7.02,132.0,139.0,7.9,0.5,0.0
2023-08-09,other,yoga,TRAINING,0.0,3.99,3.99,98.0,111.0,1.4,0.1,0.0
2023-08-09,run,running,RUNNING,2.11,11.88,11.87,147.0,160.0,24.3,1.8,0.0
2023-08-09,run,running,RUNNING,1.39,8.87,8.75,139.0,158.0,18.8,1.1,0.3
2023-08-09,other,yoga,TRAINING,0.0,29.99,29.99,99.0,123.0,3.2,0.2,0.0
2023-08-10,run,running,RUNNING,1.053,5.44,5.43,149.0,173.0,16.4,1.2,0.0
2023-08-10,run,running,RUNNING,7.072,57.52,51.24,136.0,176.0,72.0,2.3,2.0
2023-08-10,other,stop_watch,,0.0,5.15,5.15,,,,,
2023-08-11,run,running,RUNNING,1.052,5.34,5.31,153.0,165.0,13.5,1.0,0.0
2023-08-11,run,running,RUNNING,6.766,35.16,33.21,170.0,209.0,160.6,3.3,2.3
2023-08-11,run,running,RUNNING,2.719,17.41,17.33,153.0,168.0,27.9,2.0,0.0
2023-08-11,other,stop_watch,,0.0,2.57,2.57,,,,,
2023-08-11,run,running,RUNNING,5.642,31.4,31.36,153.0,166.0,53.8,2.5,0.0
2023-08-11,run,running,RUNNING,1.396,10.05,10.0,141.0,177.0,25.8,0.9,0.9
2023-08-11,other,yoga,TRAINING,0.0,26.75,26.75,102.0,125.0,4.5,0.3,0.0
2023-08-11,other,stop_watch,,0.0,14.79,14.79,,,,,
2023-08-12,run,running,RUNNING,1.455,7.34,7.33,153.0,170.0,20.5,1.5,0.0
2023-08-12,run,track_running,RUNNING,5.23,38.42,29.87,153.0,206.0,131.4,2.7,2.7
2023-08-12,run,running,RUNNING,0.652,4.65,4.63,141.0,151.0,6.6,0.4,0.0
2023-08-12,run,running,RUNNING,0.665,4.29,4.28,150.0,159.0,16.9,0.7,0.4
2023-08-12,run,running,RUNNING,1.951,6.41,6.37,195.0,210.0,144.5,2.7,2.9
2023-08-12,run,running,RUNNING,2.112,14.12,13.48,156.0,187.0,53.2,2.0,1.6
2023-08-13,run,running,RUNNING,1.758,8.7,8.53,156.0,170.0,30.7,2.0,0.0
2023-08-13,run,running,RUNNING,0.453,3.58,3.52,150.0,161.0,23.1,0.6,1.0
2023-08-13,run,running,RUNNING,3.64,18.76,18.61,163.0,200.0,75.9,2.5,1.0
2023-08-13,run,track_running,RUNNING,3.43,31.43,29.08,139.0,177.0,89.2,2.0,2.5
2023-08-13,run,running,RUNNING,0.704,4.32,4.27,147.0,155.0,8.3,0.5,0.0
2023-08-15,run,running,RUNNING,5.888,39.26,39.22,162.0,177.0,64.6,2.7,0.0
2023-08-16,other,hiking,HIKING,4.588,72.92,65.7,121.0,143.0,19.6,1.4,0.0
2023-08-16,other,hiking,HIKING,4.173,54.58,51.85,84.0,100.0,1.8,0.1,0.0
2023-08-16,run,running,RUNNING,8.926,51.78,51.59,142.0,165.0,76.5,2.5,1.4
2023-08-18,other,hiking,HIKING,4.343,49.16,48.47,109.0,163.0,20.8,1.4,0.0
2023-08-19,run,running,RUNNING,3.152,17.41,17.26,139.0,159.0,31.1,2.0,0.0
2023-08-19,run,running,RUNNING,8.633,41.31,41.29,171.0,202.0,157.0,3.4,2.1
2023-08-19,run,running,RUNNING,0.929,6.86,6.86,149.0,160.0,11.7,0.8,0.0
2023-08-21,run,running,RUNNING,8.016,36.33,36.28,178.0,200.0,179.8,3.8,0.7
2023-08-21,run,running,RUNNING,0.503,2.43,2.43,170.0,187.0,9.0,0.6,0.0
2023-08-21,run,running,RUNNING,0.942,10.73,8.02,148.0,229.0,27.6,1.1,1.4
2023-08-22,other,yoga,TRAINING,0.0,13.95,13.95,96.0,114.0,1.6,0.1,0.0
2023-08-22,run,running,RUNNING,2.681,13.68,13.37,152.0,175.0,56.2,2.4,0.4
2023-08-22,run,track_running,RUNNING,3.59,23.03,22.72,133.0,176.0,64.9,1.3,2.3
2023-08-23,run,running,RUNNING,7.147,40.02,39.97,159.0,176.0,64.5,2.7,0.0
2023-08-23,run,running,RUNNING,0.978,6.56,5.87,167.0,191.0,42.1,1.7,1.4
2023-08-23,other,strength_training,TRAINING,0.0,29.86,29.86,109.0,138.0,6.6,0.4,0.0
2023-08-23,other,yoga,TRAINING,0.0,14.81,14.81,87.0,118.0,1.2,0.0,0.0
2023-08-24,run,running,RUNNING,1.981,11.01,10.98,141.0,157.0,22.7,1.7,0.0
2023-08-24,run,track_running,RUNNING,3.13,11.34,11.28,187.0,205.0,118.9,3.0,2.1
2023-08-24,run,running,RUNNING,0.828,5.46,5.43,130.0,148.0,7.0,0.5,0.0
2023-08-25,other,yoga,TRAINING,0.0,32.74,32.74,77.0,116.0,1.4,0.1,0.0
2023-08-25,run,running,RUNNING,2.374,13.58,13.56,135.0,146.0,22.5,1.6,0.0
2023-08-25,run,track_running,RUNNING,2.85,14.44,14.39,153.0,198.0,80.6,2.5,1.9
2023-08-25,run,running,RUNNING,1.609,9.75,9.4,151.0,164.0,16.4,1.2,0.0
2023-08-26,run,running,RUNNING,17.011,91.42,91.27,164.0,179.0,119.8,3.3,0.0
2023-08-28,other,yoga,TRAINING,0.0,15.46,15.46,89.0,122.0,1.4,0.1,0.0
2023-08-28,run,running,RUNNING,2.829,13.72,13.38,156.0,172.0,59.6,2.4,0.7
2023-08-28,run,running,RUNNING,2.207,11.22,11.2,143.0,152.0,26.0,1.9,0.0
2023-08-29,run,running,RUNNING,10.025,46.63,46.43,156.0,178.0,123.9,3.4,0.0
2023-08-29,run,running,RUNNING,0.725,5.0,4.97,150.0,178.0,30.3,0.8,1.4
2023-08-30,other,yoga,TRAINING,0.0,16.51,16.51,90.0,111.0,1.7,0.1,0.0
2023-08-30,run,running,RUNNING,1.774,9.05,8.75,144.0,160.0,21.9,1.6,0.0
2023-08-30,run,running,RUNNING,4.594,33.97,28.02,150.0,184.0,91.3,2.4,2.2
2023-08-30,run,running,RUNNING,2.148,13.48,12.51,144.0,159.0,51.0,1.9,1.9
2023-08-31,other,yoga,TRAINING,0.0,27.74,27.74,87.0,118.0,1.7,0.1,0.0
2023-08-31,run,running,RUNNING,2.673,14.61,14.3,142.0,154.0,27.8,2.0,0.0
2023-08-31,run,track_running,RUNNING,7.57,43.57,42.96,151.0,200.0,119.7,3.1,2.0
2023-08-31,run,running,RUNNING,0.878,6.17,6.15,143.0,150.0,6.7,0.5,0.0
2023-09-01,other,yoga,TRAINING,0.0,3.21,3.21,87.0,106.0,0.9,0.0,0.0
2023-09-01,run,running,RUNNING,2.631,13.44,13.42,149.0,162.0,34.7,2.1,0.0
2023-09-01,run,track_running,RUNNING,1.13,7.47,7.21,138.0,168.0,29.5,0.8,1.3
2023-09-03,run,running,RUNNING,1.988,11.63,11.52,152.0,164.0,29.5,2.0,0.0
2023-09-03,run,running,RUNNING,6.033,21.0,20.94,200.0,214.0,248.9,4.1,2.5
2023-09-03,run,running,RUNNING,0.483,5.63,2.62,144.0,167.0,35.6,0.9,1.7
2023-09-03,run,running,RUNNING,0.629,4.22,4.2,146.0,160.0,9.1,0.6,0.0
2023-09-04,run,running,RUNNING,6.74,38.19,37.8,150.0,183.0,65.9,2.4,1.3
2023-09-05,run,running,RUNNING,7.437,34.92,34.87,167.0,184.0,108.0,3.2,0.0
2023-09-05,run,running,RUNNING,0.447,3.03,2.64,151.0,177.0,29.6,0.6,1.5
2023-09-05,other,yoga,TRAINING,0.0,14.87,14.87,102.0,119.0,2.5,0.1,0.0
2023-09-06,run,running,RUNNING,2.721,13.79,13.76,150.0,165.0,41.9,2.2,0.0
2023-09-06,run,track_running,RUNNING,2.01,6.76,6.73,188.0,202.0,70.7,2.4,1.6
2023-09-06,run,running,RUNNING,0.677,4.05,3.82,140.0,157.0,7.8,0.5,0.0
2023-09-06,other,yoga,TRAINING,0.0,23.34,23.34,93.0,113.0,1.8,0.1,0.0
2023-09-06,run,running,RUNNING,7.593,40.3,40.27,141.0,159.0,50.9,2.4,0.0
2023-09-06,run,running,RUNNING,0.766,5.3,5.25,132.0,160.0,30.6,0.5,1.7
2023-09-06,other,yoga,TRAINING,0.0,10.58,10.58,80.0,129.0,0.8,0.0,0.0
2023-09-07,run,running,RUNNING,2.613,12.81,12.79,148.0,163.0,34.7,2.1,0.0
2023-09-07,run,track_running,RUNNING,7.0,28.29,26.27,159.0,204.0,125.9,3.1,2.0
2023-09-07,run,running,RUNNING,0.653,4.36,4.12,136.0,149.0,5.3,0.3,0.0
2023-09-08,other,yoga,TRAINING,0.0,21.8,21.8,88.0,114.0,1.3,0.1,0.0
2023-09-08,run,running,RUNNING,2.636,13.39,13.09,146.0,160.0,31.0,2.0,0.0
2023-09-08,run,track_running,RUNNING,0.49,2.8,2.78,133.0,159.0,24.1,0.3,1.4
2023-09-09,run,running,RUNNING,2.686,14.02,14.0,155.0,167.0,36.3,2.1,0.0
2023-09-09,run,track_running,RUNNING,1.51,4.39,4.33,182.0,206.0,86.6,2.1,2.4
2023-09-09,run,running,RUNNING,1.049,6.28,6.03,152.0,162.0,12.1,0.9,0.0
2023-09-10,other,yoga,TRAINING,0.0,6.2,6.2,94.0,112.0,0.9,0.0,0.0
2023-09-10,run,running,RUNNING,2.645,13.99,13.8,154.0,165.0,34.2,2.1,0.0
2023-09-10,run,track_running,RUNNING,3.01,9.72,9.7,197.0,211.0,141.8,3.1,2.4
2023-09-10,run,running,RUNNING,1.005,6.01,5.75,149.0,157.0,11.0,0.8,0.0
2023-09-11,other,yoga,TRAINING,0.0,23.0,23.0,91.0,112.0,1.8,0.1,0.0
2023-09-11,run,running,RUNNING,2.634,13.56,13.54,139.0,152.0,27.4,2.0,0.0
2023-09-11,run,track_running,RUNNING,4.23,33.48,27.88,139.0,182.0,136.0,2.1,3.1
2023-09-11,run,track_running,RUNNING,0.76,4.67,4.4,147.0,158.0,8.5,0.6,0.0
2023-09-12,other,yoga,TRAINING,0.0,22.18,22.18,96.0,128.0,1.9,0.1,0.0
2023-09-12,run,running,RUNNING,7.602,35.83,35.79,159.0,180.0,92.7,3.1,0.0
2023-09-12,run,running,RUNNING,1.79,11.48,11.42,141.0,176.0,23.1,1.2,0.4
2023-09-13,run,running,RUNNING,1.75,8.49,8.47,143.0,158.0,22.3,1.6,0.0
2023-09-13,run,running,RUNNING,4.868,41.95,31.81,138.0,186.0,134.6,2.3,3.1
2023-09-13,run,running,RUNNING,2.276,14.45,12.99,142.0,162.0,45.0,2.0,1.2
2023-09-13,other,yoga,TRAINING,0.0,24.44,24.44,94.0,114.0,1.7,0.1,0.0
2023-09-14,run,running,RUNNING,2.608,13.65,13.33,141.0,152.0,30.6,2.0,0.0
2023-09-14,run,track_running,RUNNING,3.64,21.11,18.85,144.0,196.0,106.7,2.1,2.8
2023-09-14,run,track_running,RUNNING,0.89,5.55,5.55,145.0,158.0,9.8,0.7,0.0
2023-09-14,other,yoga,TRAINING,0.0,23.69,23.69,91.0,114.0,1.7,0.1,0.0
2023-09-15,run,running,RUNNING,2.652,13.55,13.5,142.0,159.0,30.8,2.0,0.0
2023-09-15,run,running,RUNNING,1.695,10.1,10.01,152.0,175.0,64.6,1.7,2.2
2023-09-17,run,running,RUNNING,2.28,13.34,13.27,151.0,162.0,30.2,2.0,0.0
2023-09-17,run,running,RUNNING,5.763,20.47,20.43,199.0,210.0,221.2,3.9,2.4
2023-09-18,run,running,RUNNING,9.87,49.18,49.14,155.0,178.0,92.2,3.1,0.0
2023-09-18,run,running,RUNNING,0.447,4.1,3.49,140.0,168.0,15.1,0.4,0.6
2023-09-18,other,yoga,TRAINING,0.0,19.4,19.4,90.0,120.0,1.4,0.1,0.0
2023-09-19,run,running,RUNNING,2.549,12.99,12.97,144.0,155.0,31.9,2.1,0.0
2023-09-19,run,track_running,RUNNING,4.83,26.53,21.63,149.0,207.0,182.1,2.5,3.4
2023-09-19,run,running,RUNNING,0.876,5.98,5.9,139.0,146.0,7.2,0.5,0.0
2023-09-19,other,yoga,TRAINING,0.0,24.22,24.22,90.0,115.0,1.4,0.1,0.0
2023-09-20,run,running,RUNNING,6.28,30.33,30.28,153.0,164.0,76.2,2.8,0.0
2023-09-21,run,running,RUNNING,2.621,12.6,12.58,149.0,160.0,32.5,2.1,0.0
2023-09-21,run,track_running,RUNNING,3.98,23.98,20.23,150.0,190.0,122.0,2.2,2.9
2023-09-21,run,running,RUNNING,1.037,6.63,6.62,147.0,165.0,11.3,0.8,0.0
2023-09-21,other,yoga,TRAINING,0.0,23.0,23.0,104.0,122.0,3.7,0.2,0.0
2023-09-23,other,yoga,TRAINING,0.0,15.37,15.37,92.0,119.0,1.5,0.1,0.0
2023-09-23,run,running,RUNNING,7.096,39.93,39.76,145.0,189.0,69.3,2.4,1.5
2023-09-25,run,running,RUNNING,8.268,42.13,42.06,148.0,164.0,67.3,2.7,0.0
2023-09-25,run,running,RUNNING,0.497,4.49,2.77,141.0,176.0,28.8,0.5,1.5
2023-09-25,other,yoga,TRAINING,0.0,15.01,15.01,90.0,115.0,1.2,0.0,0.0
2023-09-26,run,running,RUNNING,2.686,13.4,13.33,148.0,161.0,35.4,2.1,0.0
2023-09-26,run,track_running,RUNNING,5.53,35.6,27.82,143.0,182.0,145.1,2.2,3.2
2023-09-26,run,running,RUNNING,1.005,6.51,6.27,150.0,157.0,11.0,0.7,0.0
2023-09-26,other,yoga,TRAINING,0.0,25.03,25.03,102.0,120.0,3.1,0.2,0.0
2023-09-27,run,running,RUNNING,3.012,15.94,15.65,144.0,157.0,35.0,2.1,0.0
2023-09-27,run,running,RUNNING,0.482,4.11,2.83,135.0,155.0,22.3,0.4,1.2
2023-09-27,other,yoga,TRAINING,0.0,25.55,25.55,83.0,104.0,1.2,0.0,0.0
2023-09-28,run,running,RUNNING,1.739,8.59,8.45,147.0,162.0,25.9,1.9,0.0
2023-09-28,run,running,RUNNING,2.681,28.34,22.3,131.0,168.0,72.3,1.4,2.4
2023-09-28,run,running,RUNNING,2.144,13.94,12.02,141.0,163.0,48.1,1.9,1.6
2023-09-28,other,yoga,TRAINING,0.0,27.52,27.52,82.0,111.0,1.4,0.1,0.0
2023-09-29,run,running,RUNNING,2.804,14.3,14.2,151.0,162.0,40.6,2.2,0.0
2023-09-29,run,track_running,RUNNING,7.33,28.55,24.81,170.0,208.0,183.5,3.2,2.9
2023-09-29,run,running,RUNNING,1.2,8.32,8.2,134.0,142.0,8.6,0.6,0.0
2023-09-29,other,yoga,TRAINING,0.0,24.15,24.15,91.0,109.0,1.5,0.1,0.0
2023-09-30,run,running,RUNNING,14.607,83.59,83.56,149.0,167.0,83.7,2.9,0.0
2023-10-02,run,running,RUNNING,7.505,35.04,35.03,165.0,184.0,127.6,3.4,0.0
2023-10-02,run,running,RUNNING,0.524,3.77,3.04,140.0,160.0,38.2,0.4,2.0
2023-10-02,run,running,RUNNING,0.683,4.12,4.1,144.0,162.0,8.4,0.6,0.0
2023-10-02,other,yoga,TRAINING,0.0,24.08,24.08,90.0,115.0,1.4,0.1,0.0
2023-10-03,run,running,RUNNING,2.67,12.92,12.89,157.0,170.0,45.1,2.3,0.0
2023-10-03,run,track_running,RUNNING,7.43,38.62,36.17,163.0,210.0,228.5,3.2,3.4
2023-10-03,run,running,RUNNING,1.376,8.36,8.35,147.0,157.0,14.7,1.0,0.0
2023-10-03,other,yoga,TRAINING,0.0,24.54,24.54,97.0,116.0,2.1,0.1,0.0
2023-10-04,run,running,RUNNING,5.691,28.74,28.71,146.0,161.0,53.1,2.4,0.0
2023-10-05,run,running,RUNNING,2.155,10.96,10.82,152.0,159.0,33.5,2.1,0.0
2023-10-05,run,track_running,RUNNING,6.22,31.64,30.69,160.0,210.0,196.0,2.9,3.3
2023-10-05,run,running,RUNNING,1.428,9.12,8.85,153.0,166.0,16.1,1.1,0.0
2023-10-05,other,yoga,TRAINING,0.0,26.84,26.84,103.0,128.0,3.3,0.2,0.0
2023-10-06,other,walking,STEPS,11.857,192.56,159.15,105.0,128.0,15.4,1.1,0.0
2023-10-06,run,running,RUNNING,2.604,12.84,12.77,158.0,169.0,41.1,2.2,0.0
2023-10-06,run,track_running,RUNNING,1.2,8.96,8.84,130.0,156.0,49.9,0.6,2.2
2023-10-06,other,yoga,TRAINING,0.0,25.42,25.42,100.0,132.0,3.8,0.2,0.0
2023-10-08,run,running,RUNNING,17.382,91.24,91.08,162.0,176.0,125.2,3.4,0.0
2023-10-08,other,yoga,TRAINING,0.0,26.99,26.99,87.0,115.0,1.4,0.1,0.0
2023-10-09,run,running,RUNNING,8.021,40.5,40.46,146.0,160.0,65.3,2.7,0.0
2023-10-09,run,running,RUNNING,0.517,4.01,2.48,139.0,163.0,38.8,0.5,2.0
2023-10-09,other,yoga,TRAINING,0.0,25.3,25.3,88.0,113.0,1.3,0.1,0.0
2023-10-10,run,running,RUNNING,2.638,13.5,13.3,145.0,157.0,28.4,2.0,0.0
2023-10-10,run,track_running,RUNNING,2.07,24.22,10.42,134.0,191.0,35.3,1.9,0.7
2023-10-10,run,track_running,RUNNING,0.45,2.24,1.75,144.0,170.0,36.3,0.4,2.0
2023-10-10,run,running,RUNNING,1.085,5.56,5.53,148.0,157.0,15.8,1.1,0.0
2023-10-10,other,yoga,TRAINING,0.0,24.04,24.04,91.0,112.0,1.7,0.1,0.0
2023-10-11,run,running,RUNNING,2.681,13.25,13.24,147.0,163.0,37.3,2.2,0.0
2023-10-11,run,track_running,RUNNING,2.57,13.53,12.88,156.0,189.0,106.7,2.1,2.8
2023-10-11,run,running,RUNNING,1.087,6.88,6.85,142.0,152.0,10.4,0.7,0.0
2023-10-12,run,running,RUNNING,0.776,4.03,4.03,137.0,152.0,9.5,0.7,0.0
2023-10-12,run,running,RUNNING,1.742,8.51,8.32,146.0,162.0,23.0,1.7,0.0
2023-10-12,run,running,RUNNING,5.916,49.52,40.99,135.0,169.0,122.6,2.2,3.0
2023-10-12,other,yoga,TRAINING,0.0,24.05,24.05,104.0,151.0,3.1,0.2,0.0
2023-10-13,run,running,RUNNING,2.666,13.05,13.02,148.0,158.0,37.2,2.1,0.1
2023-10-13,run,running,RUNNING,8.761,40.09,40.05,161.0,180.0,119.5,3.3,0.0
2023-10-13,run,running,RUNNING,0.689,5.3,3.78,150.0,173.0,57.1,1.0,2.3
2023-10-13,other,yoga,TRAINING,0.0,25.06,25.06,100.0,120.0,2.4,0.1,0.0
2023-10-14,run,running,RUNNING,7.41,41.03,40.94,150.0,186.0,80.2,2.5,1.8
2023-10-14,other,yoga,TRAINING,0.0,9.54,9.54,89.0,104.0,1.0,0.0,0.0
2023-10-16,run,running,RUNNING,2.677,13.19,12.93,147.0,159.0,33.3,2.1,0.0
2023-10-16,run,track_running,RUNNING,4.4,22.05,18.62,156.0,203.0,82.4,2.6,1.5
2023-10-16,run,running,RUNNING,0.316,2.53,2.18,138.0,157.0,3.6,0.2,0.0
2023-10-17,other,strength_training,TRAINING,0.0,66.04,25.53,95.0,149.0,12.3,0.5,0.4
2023-10-18,other,yoga,TRAINING,0.0,26.08,26.08,86.0,112.0,1.4,0.1,0.0
2023-10-19,run,running,RUNNING,8.898,49.01,48.91,154.0,188.0,95.2,2.8,1.7
2023-10-19,other,strength_training,FITNESS_EQUIPMENT,0.0,19.31,8.44,96.0,141.0,3.4,0.2,0.0
2023-10-19,other,yoga,TRAINING,0.0,15.65,15.65,92.0,118.0,1.7,0.1,0.0
2023-10-21,run,running,RUNNING,2.072,10.16,10.12,161.0,173.0,36.3,2.1,0.0
2023-10-21,run,running,RUNNING,6.007,22.94,22.91,198.0,207.0,172.7,3.8,0.3
2023-10-21,run,running,RUNNING,1.0,6.56,6.48,153.0,166.0,12.3,0.9,0.0
2023-10-22,run,running,RUNNING,1.679,8.61,8.48,153.0,167.0,26.9,2.0,0.0
2023-10-22,run,running,RUNNING,3.342,31.09,26.19,141.0,181.0,106.0,2.1,2.8
2023-10-22,run,running,RUNNING,2.162,12.88,11.94,152.0,168.0,52.0,2.1,1.1
2023-10-23,run,running,RUNNING,3.968,19.44,19.42,146.0,159.0,43.3,2.3,0.0
2023-10-23,run,track_running,RUNNING,1.28,6.7,5.99,150.0,184.0,49.4,1.5,2.0
2023-10-23,run,running,RUNNING,0.64,4.26,4.23,135.0,145.0,5.2,0.3,0.0
2023-10-23,other,yoga,TRAINING,0.0,24.5,24.5,97.0,120.0,2.1,0.1,0.0
2023-10-24,run,running,RUNNING,3.096,15.48,15.44,155.0,169.0,49.8,2.4,0.0
2023-10-24,run,track_running,RUNNING,2.0,7.24,7.23,180.0,201.0,49.5,2.3,0.4
2023-10-24,run,track_running,RUNNING,3.91,17.47,17.36,157.0,206.0,115.7,2.5,2.6
2023-10-24,run,running,RUNNING,0.84,4.86,4.63,146.0,156.0,9.8,0.7,0.0
2023-10-24,other,yoga,TRAINING,0.0,26.04,26.04,102.0,128.0,3.0,0.2,0.0
2023-10-25,run,running,RUNNING,2.106,10.6,10.56,146.0,159.0,27.9,2.0,0.0
2023-10-25,run,running,RUNNING,6.382,29.35,26.84,152.0,206.0,167.8,3.1,2.9
2023-10-25,run,running,RUNNING,0.768,5.68,5.37,143.0,151.0,6.5,0.4,0.0
2023-10-26,run,running,RUNNING,1.943,9.83,9.82,148.0,162.0,29.5,2.0,0.0
2023-10-26,run,running,RUNNING,4.969,26.51,26.25,144.0,153.0,47.7,2.3,0.0
2023-10-26,run,running,RUNNING,1.081,9.8,6.5,131.0,161.0,46.2,0.8,2.1
2023-10-27,run,track_running,RUNNING,1.67,8.16,8.15,162.0,177.0,33.3,2.1,0.0
2023-10-27,run,track_running,RUNNING,2.89,14.74,14.68,150.0,159.0,42.5,2.3,0.0
2023-10-27,run,track_running,RUNNING,2.58,30.95,12.0,139.0,186.0,41.3,2.1,0.4
2023-10-27,run,running,RUNNING,1.033,6.36,6.13,146.0,153.0,11.7,0.8,0.0
2023-10-27,other,yoga,TRAINING,0.0,27.03,27.03,101.0,123.0,2.9,0.2,0.0
2023-10-28,run,running,RUNNING,14.443,73.65,73.47,149.0,169.0,102.7,3.2,0.0
2023-10-30,run,track_running,RUNNING,1.98,10.4,10.33,151.0,161.0,30.7,2.0,0.0
2023-10-30,run,running,RUNNING,9.826,40.02,39.97,181.0,201.0,210.8,4.2,0.1
2023-10-30,run,track_running,RUNNING,0.71,4.8,4.63,138.0,162.0,21.3,0.6,0.9
2023-10-30,other,yoga,TRAINING,0.0,23.62,23.62,102.0,121.0,2.5,0.1,0.0
2023-10-31,run,running,RUNNING,2.753,15.18,14.88,143.0,163.0,34.7,2.1,0.0
2023-10-31,run,track_running,RUNNING,6.09,27.2,25.94,168.0,205.0,192.8,3.3,3.0
2023-10-31,run,running,RUNNING,1.077,6.38,6.17,160.0,181.0,17.3,1.3,0.0
2023-10-31,other,yoga,TRAINING,0.0,25.75,25.75,94.0,117.0,1.8,0.1,0.0
2023-11-01,run,running,RUNNING,7.842,42.5,42.41,149.0,179.0,80.7,2.5,1.8
2023-11-03,run,running,RUNNING,2.509,12.34,12.21,136.0,152.0,23.3,1.7,0.0
2023-11-03,run,track_running,RUNNING,2.74,34.65,14.2,127.0,174.0,28.0,2.0,0.0
2023-11-03,run,running,RUNNING,1.224,7.98,7.75,158.0,164.0,19.8,1.4,0.0
2023-11-03,other,yoga,TRAINING,0.0,26.31,26.31,95.0,118.0,1.6,0.1,0.0
2023-11-04,run,running,RUNNING,16.01,85.03,84.97,149.0,170.0,111.2,3.3,0.0
2023-11-06,run,running,RUNNING,2.057,10.71,10.45,116.0,131.0,12.4,0.9,0.0
2023-11-06,run,track_running,RUNNING,7.37,35.82,35.49,144.0,170.0,139.8,2.3,3.1
2023-11-06,run,running,RUNNING,1.023,6.81,6.62,145.0,155.0,10.1,0.7,0.0
2023-11-06,other,yoga,TRAINING,0.0,9.51,9.51,69.0,94.0,0.2,0.0,0.0
2023-11-07,run,running,RUNNING,2.16,11.04,11.02,147.0,162.0,29.0,2.0,0.0
2023-11-07,run,track_running,RUNNING,4.01,17.7,17.59,168.0,193.0,115.1,2.6,2.5
2023-11-07,run,track_running,RUNNING,1.16,7.33,7.32,143.0,150.0,13.1,0.9,0.0
2023-11-07,other,yoga,TRAINING,0.0,30.77,30.77,94.0,117.0,2.0,0.1,0.0
2023-11-08,run,running,RUNNING,6.51,36.32,35.67,143.0,159.0,57.9,2.4,0.4
2023-11-08,other,yoga,TRAINING,0.0,28.04,28.04,91.0,118.0,1.5,0.1,0.0
2023-11-09,run,running,RUNNING,1.988,9.9,9.65,132.0,145.0,20.0,1.5,0.0
2023-11-09,run,running,RUNNING,10.418,47.39,46.76,160.0,198.0,141.0,3.5,0.1
2023-11-09,run,track_running,RUNNING,0.5,3.62,3.23,151.0,170.0,6.9,0.5,0.0
2023-11-09,other,yoga,TRAINING,0.0,26.77,26.77,106.0,126.0,4.6,0.3,0.0
2023-11-10,run,running,RUNNING,1.933,10.28,10.1,142.0,157.0,25.6,1.9,0.0
2023-11-10,run,track_running,RUNNING,1.88,13.84,13.38,105.0,134.0,38.1,0.7,2.0
2023-11-10,other,yoga,TRAINING,0.0,30.46,30.46,91.0,119.0,1.7,0.1,0.0
2023-11-12,run,running,RUNNING,2.215,13.15,13.12,154.0,163.0,27.8,2.0,0.0
2023-11-12,run,running,RUNNING,5.003,17.89,17.84,189.0,213.0,234.2,3.8,2.6
2023-11-12,run,running,RUNNING,0.614,4.09,3.83,151.0,159.0,9.2,0.6,0.0
2023-11-12,other,yoga,TRAINING,0.0,9.5,9.5,92.0,112.0,1.1,0.0,0.0
2023-11-13,run,running,RUNNING,5.009,25.41,25.38,150.0,180.0,48.9,2.4,0.0
2023-11-13,other,yoga,TRAINING,0.0,23.83,23.83,86.0,107.0,1.2,0.0,0.0
2023-11-14,run,running,RUNNING,2.503,13.69,13.57,143.0,149.0,28.4,2.0,0.0
2023-11-14,run,track_running,RUNNING,5.69,30.13,27.85,147.0,182.0,116.3,2.4,2.7
2023-11-14,run,track_running,RUNNING,0.21,0.54,0.52,132.0,137.0,10.8,0.0,0.7
2023-11-14,run,track_running,RUNNING,1.19,7.36,7.28,149.0,163.0,15.4,1.1,0.0
2023-11-15,run,running,RUNNING,1.293,7.13,7.08,144.0,155.0,19.3,1.2,0.1
2023-11-15,run,running,RUNNING,4.636,25.49,25.46,147.0,163.0,41.2,2.2,0.0
2023-11-15,other,yoga,TRAINING,0.0,29.86,29.86,89.0,128.0,1.8,0.1,0.0
2023-11-19,other,yoga,TRAINING,0.0,22.92,22.92,91.0,121.0,1.5,0.1,0.0
2023-11-20,other,yoga,TRAINING,0.0,20.57,20.57,84.0,106.0,1.2,0.1,0.0
2023-11-21,run,running,RUNNING,2.229,12.25,12.17,141.0,154.0,23.6,1.8,0.0
2023-11-21,run,track_running,RUNNING,6.02,30.24,28.88,149.0,199.0,68.1,2.8,0.0
2023-11-24,run,running,RUNNING,6.48,40.14,39.83,146.0,160.0,41.7,2.3,0.0
2023-11-24,other,yoga,TRAINING,0.0,28.55,28.55,87.0,116.0,1.4,0.1,0.0
2023-11-25,run,running,RUNNING,5.87,31.22,31.18,152.0,162.0,52.7,2.6,0.0
2023-11-25,other,yoga,TRAINING,0.0,28.67,28.67,91.0,113.0,1.7,0.1,0.0
2023-11-26,other,strength_training,FITNESS_EQUIPMENT,0.0,74.64,22.53,98.0,167.0,24.7,0.9,1.1
2023-11-26,other,yoga,TRAINING,0.0,28.31,28.31,93.0,133.0,2.4,0.2,0.0
2023-11-27,run,running,RUNNING,3.287,16.37,16.11,127.0,144.0,21.9,1.8,0.0
2023-11-27,run,running,RUNNING,10.847,45.42,45.15,169.0,204.0,166.8,3.8,1.2
2023-11-27,run,running,RUNNING,0.755,4.79,4.47,143.0,155.0,7.8,0.6,0.0
2023-11-28,run,running,RUNNING,8.113,42.86,42.81,167.0,190.0,92.3,3.2,0.0
2023-11-28,other,yoga,TRAINING,0.0,33.84,33.84,99.0,125.0,2.9,0.2,0.0
2023-11-29,run,track_running,RUNNING,2.38,12.92,12.23,171.0,192.0,43.1,2.4,0.0
2023-11-29,run,track_running,RUNNING,1.32,6.57,5.73,133.0,161.0,34.6,0.7,2.0
2023-11-29,run,track_running,RUNNING,1.28,6.91,6.42,128.0,158.0,26.3,0.8,1.3
2023-11-29,other,yoga,TRAINING,0.0,31.06,31.06,96.0,128.0,2.5,0.2,0.0
2023-11-30,other,yoga,TRAINING,0.0,12.57,12.57,82.0,106.0,0.8,0.0,0.0
2023-12-01,run,running,RUNNING,2.596,12.93,12.69,149.0,161.0,35.2,2.2,0.0
2023-12-01,run,running,RUNNING,4.284,21.65,21.33,158.0,182.0,59.3,2.7,0.0
2023-12-01,run,running,RUNNING,0.998,7.12,6.77,134.0,154.0,27.8,0.6,1.6
2023-12-01,other,yoga,TRAINING,0.0,31.03,31.03,90.0,124.0,1.8,0.1,0.0
2023-12-03,run,running,RUNNING,2.552,14.29,14.22,161.0,180.0,42.3,2.3,0.0
2023-12-03,run,running,RUNNING,4.64,18.23,18.19,191.0,206.0,159.4,3.6,2.1
2023-12-03,run,running,RUNNING,1.373,7.93,7.65,167.0,178.0,24.9,2.0,0.0
2023-12-04,run,track_running,RUNNING,2.63,15.68,15.5,176.0,194.0,51.1,2.5,0.0
2023-12-04,run,running,RUNNING,9.088,38.85,38.72,176.0,191.0,148.1,3.8,0.0
2023-12-04,run,track_running,RUNNING,0.57,5.09,4.27,117.0,133.0,18.0,0.2,1.2
2023-12-05,run,running,RUNNING,9.948,53.43,53.28,148.0,174.0,92.6,3.0,1.3
2023-12-05,other,yoga,TRAINING,0.0,21.38,21.38,79.0,120.0,1.0,0.0,0.0
2023-12-06,other,strength_training,FITNESS_EQUIPMENT,0.0,90.5,21.75,96.0,160.0,16.7,0.7,0.6
2023-12-06,other,yoga,TRAINING,0.0,31.14,31.14,84.0,117.0,1.5,0.1,0.0
2023-12-07,run,running,RUNNING,11.654,60.12,59.96,142.0,153.0,76.4,3.0,0.3
2023-12-07,other,yoga,TRAINING,0.0,32.4,32.4,90.0,118.0,1.8,0.1,0.0
2023-12-08,run,running,RUNNING,6.761,38.05,37.7,146.0,165.0,76.6,2.6,1.7
2023-12-09,run,running,RUNNING,8.365,46.6,46.35,165.0,191.0,109.0,3.3,0.1
2023-12-10,run,running,RUNNING,10.481,57.22,56.91,162.0,189.0,156.2,3.7,1.5
2023-12-11,run,running,RUNNING,3.422,16.1,15.98,157.0,194.0,56.5,2.6,0.0
2023-12-11,run,running,RUNNING,8.25,33.21,33.15,182.0,206.0,217.5,4.0,2.5
2023-12-11,run,running,RUNNING,0.955,5.53,5.5,162.0,176.0,16.8,1.3,0.0
2023-12-12,run,running,RUNNING,10.038,52.09,51.64,155.0,169.0,102.1,3.1,1.1
2023-12-12,other,yoga,TRAINING,0.0,37.36,37.36,89.0,120.0,1.9,0.1,0.0
2023-12-13,other,strength_training,TRAINING,0.0,80.16,20.84,95.0,164.0,28.1,0.5,1.8
2023-12-14,run,running,RUNNING,11.814,67.25,67.0,130.0,180.0,90.0,3.1,0.5
2023-12-14,other,yoga,TRAINING,0.0,32.42,32.42,81.0,122.0,1.4,0.1,0.0
2023-12-15,run,running,RUNNING,2.535,12.51,12.18,145.0,163.0,33.5,2.1,0.0
2023-12-15,run,running,RUNNING,11.691,50.04,50.0,175.0,200.0,192.2,4.1,0.0
2023-12-15,run,track_running,RUNNING,0.42,3.51,1.77,89.0,102.0,21.1,0.0,1.6
2023-12-15,run,track_running,RUNNING,0.36,2.12,2.05,122.0,131.0,2.7,0.2,0.0
2023-12-16,other,strength_training,TRAINING,0.0,56.3,16.96,111.0,177.0,49.7,1.1,2.1
2023-12-16,run,running,RUNNING,6.79,37.16,36.81,149.0,183.0,81.3,2.5,2.1
2023-12-17,run,running,RUNNING,1.039,5.38,5.32,146.0,160.0,13.4,1.0,0.0
2023-12-17,run,running,RUNNING,4.49,40.67,35.95,115.0,154.0,80.4,1.2,2.7
2023-12-17,run,running,RUNNING,1.887,13.2,11.27,141.0,167.0,45.6,1.7,1.9
2023-12-17,other,yoga,TRAINING,0.0,28.57,28.57,97.0,124.0,2.3,0.1,0.0
2023-12-18,run,running,RUNNING,7.178,38.79,38.76,155.0,184.0,79.2,2.6,1.6
2023-12-18,other,yoga,TRAINING,0.0,24.41,24.41,97.0,116.0,2.1,0.1,0.0
2023-12-19,run,running,RUNNING,2.162,11.18,11.13,152.0,162.0,30.3,2.1,0.0
2023-12-19,run,track_running,RUNNING,6.04,32.54,31.08,143.0,182.0,85.7,2.4,2.2
2023-12-20,other,strength_training,TRAINING,0.0,71.76,18.62,95.0,165.0,17.7,0.7,0.6
2023-12-21,run,running,RUNNING,9.416,49.26,49.05,159.0,180.0,104.5,3.1,0.7
2023-12-21,other,yoga,TRAINING,0.0,30.88,30.88,78.0,114.0,1.0,0.0,0.0
2023-12-22,run,running,RUNNING,2.499,12.48,12.38,155.0,174.0,34.3,2.1,0.0
2023-12-22,run,track_running,RUNNING,9.67,42.14,42.03,179.0,209.0,339.0,3.8,3.8
2023-12-22,run,running,RUNNING,1.501,8.39,8.36,159.0,167.0,18.6,1.3,0.0
2023-12-23,run,running,RUNNING,1.352,7.37,7.18,143.0,155.0,17.6,1.3,0.0
2023-12-23,run,running,RUNNING,5.859,30.94,30.9,148.0,158.0,45.3,2.3,0.0
2023-12-24,other,strength_training,TRAINING,0.0,35.34,11.23,123.0,170.0,50.0,1.7,1.9
2023-12-24,run,track_running,RUNNING,1.71,12.37,9.87,115.0,152.0,41.9,0.5,2.1
2023-12-25,run,running,RUNNING,9.429,50.43,50.36,153.0,189.0,121.8,2.8,2.4
2023-12-25,other,yoga,TRAINING,0.0,9.46,9.46,81.0,116.0,0.6,0.0,0.0
2023-12-25,other,yoga,TRAINING,0.0,16.55,16.55,95.0,130.0,1.8,0.1,0.0
2023-12-26,run,running,RUNNING,3.599,20.01,19.35,158.0,184.0,47.4,2.3,0.0
2023-12-26,run,running,RUNNING,9.688,47.19,47.08,179.0,205.0,264.6,3.8,3.2
2023-12-26,run,running,RUNNING,1.425,10.6,10.32,145.0,159.0,14.4,1.0,0.0
2023-12-27,other,yoga,TRAINING,0.0,16.45,16.45,85.0,117.0,1.2,0.0,0.0
2023-12-27,other,strength_training,TRAINING,0.0,84.57,20.23,119.0,177.0,59.7,1.7,2.1
2023-12-28,run,running,RUNNING,8.598,54.58,54.4,152.0,192.0,104.4,2.9,2.0
2023-12-29,other,resort_skiing,ALPINE_SKIING,11.829,20.59,20.16,98.0,140.0,3.8,0.2,0.0
2023-12-29,run,running,RUNNING,6.339,36.66,36.63,149.0,179.0,63.2,2.6,0.0
2023-12-29,run,running,RUNNING,1.74,16.5,15.34,143.0,186.0,78.1,1.5,2.5
2023-12-30,run,running,RUNNING,5.703,29.03,28.83,158.0,180.0,73.7,2.8,0.0
2024-01-02,run,track_running,RUNNING,2.01,9.7,9.68,146.0,166.0,29.4,2.0,0.0
2024-01-02,run,running,RUNNING,6.281,30.1,30.03,177.0,202.0,132.9,3.4,0.3
2024-01-02,other,yoga,TRAINING,0.0,29.71,29.71,94.0,117.0,2.1,0.1,0.0
2024-01-03,run,running,RUNNING,3.393,17.45,17.04,142.0,156.0,32.4,2.1,0.0
2024-01-03,run,running,RUNNING,8.839,36.13,36.06,177.0,197.0,161.3,3.7,0.3
2024-01-03,run,running,RUNNING,1.932,10.04,9.96,165.0,176.0,33.3,2.1,0.0
2024-01-03,run,running,RUNNING,6.373,34.75,34.44,150.0,165.0,61.2,2.3,0.9
2024-01-03,other,yoga,TRAINING,0.0,27.95,27.95,90.0,111.0,1.7,0.1,0.0
2024-01-04,other,yoga,TRAINING,0.0,35.85,35.85,94.0,122.0,2.1,0.1,0.0
2024-01-05,run,running,RUNNING,2.086,10.7,10.67,155.0,166.0,25.3,1.9,0.0
2024-01-05,run,running,RUNNING,8.57,39.3,39.25,176.0,202.0,223.0,3.5,3.0
2024-01-05,other,yoga,TRAINING,0.0,37.01,37.01,88.0,115.0,1.7,0.1,0.0
2024-01-06,run,running,RUNNING,9.094,47.57,47.5,151.0,168.0,62.7,2.6,0.0
2024-01-06,run,running,RUNNING,1.502,13.04,12.99,131.0,182.0,77.6,1.0,2.6
2024-01-07,run,running,RUNNING,9.631,51.1,50.79,150.0,166.0,63.8,2.6,0.0
2024-01-07,run,running,RUNNING,1.996,19.35,18.36,122.0,178.0,72.3,1.0,2.5
2024-01-08,run,track_running,RUNNING,2.86,14.89,14.53,147.0,162.0,34.1,2.1,0.0
2024-01-08,run,track_running,RUNNING,6.99,37.72,33.25,146.0,176.0,89.7,2.5,2.1
2024-01-08,other,yoga,TRAINING,0.0,35.9,35.9,87.0,129.0,2.0,0.1,0.0
2024-01-09,run,running,RUNNING,8.128,40.67,40.6,150.0,163.0,66.6,2.7,0.0
2024-01-09,run,running,RUNNING,0.789,6.34,5.96,111.0,136.0,18.8,0.3,1.1
2024-01-09,other,yoga,TRAINING,0.0,17.5,17.5,81.0,148.0,1.0,0.0,0.0
2024-01-09,other,yoga,TRAINING,0.0,20.99,20.99,84.0,114.0,1.3,0.0,0.0
2024-01-10,other,strength_training,TRAINING,0.0,65.71,15.71,96.0,152.0,15.9,0.4,0.7
2024-01-10,other,yoga,TRAINING,0.0,29.23,29.23,86.0,116.0,1.6,0.1,0.0
2024-01-11,run,running,RUNNING,1.662,8.31,8.18,127.0,137.0,13.4,1.0,0.0
2024-01-11,run,running,RUNNING,0.976,5.0,4.98,123.0,132.0,8.2,0.6,0.0
2024-01-11,run,running,RUNNING,2.911,10.86,10.83,141.0,154.0,23.4,1.7,0.0
2024-01-11,run,running,RUNNING,1.529,9.17,8.92,132.0,146.0,11.9,0.8,0.0
2024-01-12,other,yoga,TRAINING,0.0,27.21,27.21,88.0,128.0,1.7,0.1,0.0
2024-01-13,run,running,RUNNING,3.44,17.32,17.31,152.0,172.0,43.7,2.3,0.0
2024-01-13,run,running,RUNNING,1.589,11.62,11.59,141.0,192.0,58.5,1.3,2.2
2024-01-14,run,running,RUNNING,2.728,13.88,13.87,149.0,158.0,32.1,2.1,0.0
2024-01-14,run,running,RUNNING,4.978,18.85,18.81,155.0,177.0,72.0,2.5,1.2
2024-01-14,run,running,RUNNING,1.677,9.37,9.07,122.0,141.0,11.1,0.8,0.0
2024-01-14,other,yoga,TRAINING,0.0,28.51,28.51,99.0,131.0,2.3,0.1,0.0
2024-01-15,run,running,RUNNING,8.181,41.88,41.65,151.0,164.0,58.0,2.5,0.0
2024-01-15,run,running,RUNNING,1.124,8.96,7.98,138.0,177.0,47.1,1.1,2.1
2024-01-15,other,yoga,TRAINING,0.0,29.75,29.75,93.0,122.0,2.0,0.1,0.0
2024-01-16,run,running,RUNNING,2.949,15.03,14.98,157.0,171.0,36.1,2.1,0.0
2024-01-16,run,running,RUNNING,7.347,29.05,28.83,186.0,200.0,188.2,3.6,2.2
2024-01-16,run,running,RUNNING,2.566,14.72,14.69,155.0,170.0,28.1,2.0,0.0
2024-01-16,other,yoga,TRAINING,0.0,28.48,28.48,91.0,118.0,2.0,0.1,0.0
2024-01-17,other,strength_training,TRAINING,0.0,94.51,24.38,89.0,152.0,12.7,0.2,0.6
2024-01-17,other,yoga,TRAINING,0.0,27.48,27.48,87.0,112.0,1.4,0.1,0.0
2024-01-18,run,running,RUNNING,8.548,43.62,43.52,154.0,168.0,68.1,2.7,0.0
2024-01-18,run,running,RUNNING,1.369,11.08,11.02,135.0,182.0,35.7,1.0,1.6
2024-01-18,other,yoga,TRAINING,0.0,28.24,28.24,89.0,118.0,1.7,0.1,0.0
2024-01-19,other,yoga,TRAINING,0.0,25.97,25.97,82.0,118.0,1.0,0.0,0.0
2024-01-20,run,running,RUNNING,5.499,32.21,32.15,153.0,190.0,97.0,2.6,2.1
2024-01-20,other,yoga,TRAINING,0.0,22.02,22.02,83.0,110.0,1.1,0.0,0.0
2024-01-21,run,running,RUNNING,2.656,14.07,13.97,177.0,196.0,58.5,2.5,0.0
2024-01-21,run,running,RUNNING,5.209,19.17,19.12,199.0,218.0,189.6,3.7,2.1
2024-01-21,run,running,RUNNING,1.342,9.31,8.93,139.0,155.0,12.1,0.9,0.0
2024-01-21,other,yoga,TRAINING,0.0,27.91,27.91,86.0,119.0,1.3,0.1,0.0
2024-01-22,run,running,RUNNING,7.86,41.47,41.45,150.0,162.0,54.3,2.5,0.0
2024-01-22,run,running,RUNNING,1.224,8.22,8.19,139.0,175.0,34.7,1.0,1.5
2024-01-22,other,yoga,TRAINING,0.0,38.34,38.34,96.0,130.0,3.6,0.2,0.0
2024-01-23,run,running,RUNNING,2.386,11.79,11.76,133.0,147.0,23.1,1.8,0.0
2024-01-23,run,running,RUNNING,2.427,8.3,8.26,172.0,208.0,139.5,2.4,3.0
2024-01-23,run,running,RUNNING,0.976,4.82,4.78,172.0,191.0,17.3,1.3,0.0
2024-01-23,run,track_running,RUNNING,1.58,8.74,8.7,85.0,119.0,8.9,0.6,0.0
2024-01-23,run,track_running,RUNNING,1.24,7.11,6.24,74.0,106.0,9.9,0.2,0.4
2024-01-23,other,yoga,TRAINING,0.0,28.98,28.98,87.0,112.0,1.2,0.0,0.0
2024-01-24,other,strength_training,TRAINING,0.0,93.54,23.45,98.0,175.0,34.2,1.3,1.2
2024-01-24,other,yoga,TRAINING,0.0,16.48,16.48,92.0,115.0,1.4,0.1,0.0
2024-01-25,run,track_running,RUNNING,1.85,10.19,10.18,122.0,138.0,12.5,0.9,0.0
2024-01-25,run,track_running,RUNNING,3.4,22.31,19.78,166.0,199.0,89.7,2.6,3.3
2024-01-25,run,running,RUNNING,0.309,1.82,1.53,138.0,150.0,3.3,0.2,0.0
2024-01-25,other,yoga,TRAINING,0.0,28.02,28.02,84.0,122.0,1.5,0.1,0.0
2024-01-26,run,running,RUNNING,3.199,17.07,16.79,155.0,165.0,46.3,2.3,0.0
2024-01-26,run,track_running,RUNNING,1.7,14.28,12.57,130.0,166.0,46.6,1.1,2.0
2024-01-26,other,yoga,TRAINING,0.0,28.39,28.39,87.0,121.0,1.8,0.1,0.0
2024-01-27,run,running,RUNNING,2.32,11.67,11.39,156.0,164.0,33.5,2.1,0.0
2024-01-27,run,running,RUNNING,0.979,5.63,5.57,147.0,155.0,13.8,1.0,0.0
2024-01-28,other,strength_training,TRAINING,0.0,87.22,22.11,99.0,154.0,15.8,0.5,0.6
2024-01-28,other,yoga,TRAINING,0.0,17.26,17.26,78.0,109.0,0.7,0.0,0.0
2024-01-29,run,running,RUNNING,2.035,10.8,10.63,157.0,172.0,39.9,2.2,0.0
2024-01-29,run,track_running,RUNNING,6.43,32.53,30.37,136.0,176.0,58.5,2.1,1.7
2024-01-29,run,running,RUNNING,0.801,4.73,4.67,104.0,123.0,4.7,0.3,0.0
2024-01-29,other,yoga,TRAINING,0.0,21.39,21.39,78.0,115.0,1.0,0.0,0.0
2024-01-30,run,track_running,RUNNING,1.94,10.57,10.52,143.0,163.0,24.1,1.8,0.0
2024-01-30,run,running,RUNNING,6.747,35.58,35.55,143.0,158.0,49.3,2.4,0.0
2024-01-30,other,yoga,TRAINING,0.0,30.47,30.47,82.0,116.0,1.4,0.1,0.0
2024-01-31,other,strength_training,TRAINING,0.0,93.36,19.6,94.0,152.0,6.2,0.4,0.0
2024-01-31,other,yoga,TRAINING,0.0,27.5,27.5,92.0,122.0,1.8,0.1,0.0
2024-02-01,run,running,RUNNING,11.24,58.54,58.43,160.0,182.0,87.1,3.1,0.0
2024-02-01,run,running,RUNNING,1.701,15.1,14.91,137.0,183.0,40.3,1.1,2.0
2024-02-01,other,yoga,TRAINING,0.0,5.35,5.35,84.0,109.0,0.7,0.0,0.0
2024-02-01,other,yoga,TRAINING,0.0,22.57,22.57,92.0,130.0,2.4,0.1,0.0
2024-02-02,run,track_running,RUNNING,1.97,10.38,10.17,153.0,165.0,28.5,2.0,0.0
2024-02-02,run,track_running,RUNNING,4.89,25.85,25.08,175.0,203.0,180.6,3.1,3.1
2024-02-02,run,running,RUNNING,1.429,8.17,7.98,154.0,164.0,16.3,1.2,0.0
2024-02-03,other,resort_skiing,ALPINE_SKIING,9.471,18.59,12.43,94.0,130.0,13.8,0.3,0.7
2024-02-03,other,resort_skiing,ALPINE_SKIING,14.311,64.58,47.13,96.0,152.0,11.7,0.3,0.5
2024-02-04,run,running,RUNNING,14.098,73.45,73.38,158.0,170.0,92.9,3.1,0.0
2024-02-04,other,yoga,TRAINING,0.0,31.0,31.0,92.0,121.0,1.6,0.1,0.0
2024-02-05,run,running,RUNNING,1.319,6.87,6.58,143.0,152.0,14.5,1.2,0.0
2024-02-05,run,running,RUNNING,5.86,30.06,30.02,147.0,156.0,43.6,2.4,0.0
2024-02-05,run,running,RUNNING,1.583,13.43,12.86,132.0,180.0,47.5,1.2,2.2
2024-02-05,other,yoga,TRAINING,0.0,26.64,26.64,82.0,122.0,1.3,0.1,0.0
2024-02-06,run,running,RUNNING,3.064,15.0,14.95,164.0,179.0,58.9,2.8,0.0
2024-02-06,run,indoor_running,RUNNING,4.727,31.33,18.85,167.0,212.0,203.4,3.2,3.4
2024-02-06,other,yoga,TRAINING,0.0,25.78,25.78,92.0,132.0,1.8,0.1,0.0
2024-02-07,other,strength_training,TRAINING,0.0,52.8,13.88,100.0,179.0,21.0,1.0,0.7
2024-02-07,other,yoga,TRAINING,0.0,34.75,34.75,83.0,120.0,1.2,0.1,0.0
2024-02-08,run,running,RUNNING,11.61,60.74,60.68,156.0,169.0,77.9,3.1,0.0
2024-02-08,run,running,RUNNING,1.977,15.5,15.44,136.0,180.0,45.2,1.4,2.1
2024-02-08,other,yoga,TRAINING,0.0,28.46,28.46,93.0,118.0,1.8,0.1,0.0
2024-02-09,run,running,RUNNING,7.921,41.22,41.17,147.0,160.0,63.3,2.9,0.0
2024-02-09,run,running,RUNNING,1.258,8.98,8.94,136.0,179.0,54.3,1.1,2.4
2024-02-10,run,running,RUNNING,2.856,14.66,14.63,153.0,166.0,34.2,2.2,0.0
2024-02-10,run,running,RUNNING,8.799,36.48,36.4,180.0,202.0,161.2,3.9,0.5
2024-02-10,run,running,RUNNING,0.719,3.87,3.85,157.0,164.0,10.1,0.8,0.0
2024-02-10,other,strength_training,TRAINING,0.0,76.37,19.81,100.0,163.0,18.4,0.9,0.7
2024-02-11,run,running,RUNNING,8.497,45.19,45.15,147.0,158.0,53.2,2.6,0.0
2024-02-11,run,running,RUNNING,0.805,5.78,5.75,129.0,173.0,28.5,0.8,1.7
2024-02-11,other,yoga,TRAINING,0.0,27.5,27.5,86.0,124.0,1.4,0.1,0.0
2024-02-12,other,yoga,TRAINING,0.0,22.84,22.84,85.0,115.0,1.4,0.1,0.0
2024-02-13,run,track_running,RUNNING,1.34,7.51,7.37,139.0,157.0,17.6,1.3,0.0
2024-02-13,run,running,RUNNING,8.31,45.2,45.16,139.0,159.0,48.8,2.4,0.0
2024-02-13,run,running,RUNNING,0.984,8.69,8.16,128.0,175.0,44.1,0.7,2.1
2024-02-14,run,running,RUNNING,11.227,58.78,58.72,153.0,164.0,79.4,2.9,0.0
2024-02-14,run,running,RUNNING,1.121,8.65,8.62,129.0,176.0,31.1,0.6,1.6
2024-02-15,run,track_running,RUNNING,1.57,9.04,8.85,149.0,162.0,23.2,1.7,0.0
2024-02-15,run,running,RUNNING,10.942,47.23,47.13,166.0,192.0,147.7,3.6,0.0
2024-02-15,run,running,RUNNING,0.98,5.19,5.13,156.0,164.0,13.4,1.0,0.0
2024-02-15,other,yoga,TRAINING,0.0,26.48,26.48,85.0,133.0,1.8,0.1,0.0
2024-02-16,other,yoga,TRAINING,0.0,31.18,31.18,87.0,117.0,1.4,0.1,0.0
2024-02-17,run,running,RUNNING,3.862,20.0,19.98,107.0,164.0,18.1,1.3,0.0
2024-02-17,run,running,RUNNING,1.364,9.43,9.4,95.0,124.0,46.2,0.4,2.2
2024-02-17,other,yoga,TRAINING,0.0,32.17,32.17,92.0,128.0,1.7,0.1,0.0
2024-02-18,run,running,RUNNING,2.975,15.42,15.39,169.0,189.0,54.2,2.5,0.0
2024-02-18,run,running,RUNNING,4.846,18.1,18.06,203.0,212.0,261.2,3.9,3.0
2024-02-18,run,running,RUNNING,0.632,4.24,4.23,152.0,160.0,8.4,0.6,0.0
2024-02-18,other,yoga,TRAINING,0.0,27.85,27.85,83.0,107.0,1.1,0.0,0.0
2024-02-19,other,strength_training,TRAINING,0.0,89.67,29.35,97.0,151.0,16.4,0.4,0.7
2024-02-19,other,yoga,TRAINING,0.0,31.69,31.69,82.0,120.0,1.2,0.0,0.0
2024-02-20,run,track_running,RUNNING,1.88,10.91,10.83,141.0,154.0,21.0,1.5,0.0
2024-02-20,run,running,RUNNING,8.722,45.23,45.16,152.0,166.0,81.7,3.0,0.0
2024-02-20,run,running,RUNNING,1.524,11.59,11.29,126.0,153.0,36.3,0.6,2.0
2024-02-20,other,yoga,TRAINING,0.0,34.66,34.66,94.0,119.0,2.1,0.1,0.0
2024-02-21,run,running,RUNNING,8.732,45.42,45.33,153.0,164.0,71.6,2.8,0.0
2024-02-22,run,track_running,RUNNING,1.83,9.47,9.43,143.0,160.0,21.8,1.6,0.0
2024-02-22,run,running,RUNNING,7.668,31.76,31.68,176.0,194.0,125.8,3.4,0.1
2024-02-22,run,track_running,RUNNING,1.76,14.45,12.1,120.0,155.0,29.0,0.9,1.2
2024-02-22,other,yoga,TRAINING,0.0,26.31,26.31,97.0,121.0,2.1,0.1,0.0
2024-02-24,run,running,RUNNING,4.631,25.02,25.0,146.0,157.0,41.7,2.2,0.0
2024-02-24,run,running,RUNNING,1.411,11.35,11.22,118.0,158.0,43.1,0.7,2.1
2024-02-24,other,yoga,TRAINING,0.0,17.16,17.16,82.0,116.0,1.0,0.0,0.0
2024-02-25,run,running,RUNNING,2.417,12.31,12.3,155.0,163.0,38.1,2.2,0.0
2024-02-25,run,running,RUNNING,5.146,19.21,19.17,199.0,211.0,183.5,3.8,1.5
2024-02-25,run,running,RUNNING,1.297,7.41,7.38,147.0,163.0,18.0,1.3,0.0
2024-02-25,other,yoga,TRAINING,0.0,26.5,26.5,81.0,107.0,1.0,0.0,0.0
2024-02-26,other,strength_training,TRAINING,0.0,80.71,25.03,101.0,158.0,13.5,0.6,0.3
2024-02-26,other,yoga,TRAINING,0.0,30.33,30.33,87.0,112.0,1.4,0.1,0.0
2024-02-27,run,running,RUNNING,9.011,45.01,44.95,163.0,179.0,99.3,3.1,0.0
2024-02-27,run,running,RUNNING,1.722,13.21,13.16,134.0,176.0,27.6,1.0,1.0
2024-02-27,other,yoga,TRAINING,0.0,29.16,29.16,91.0,129.0,2.3,0.1,0.0
2024-02-28,run,track_running,RUNNING,1.92,9.7,9.7,147.0,160.0,24.6,1.8,0.0
2024-02-28,run,running,RUNNING,9.588,39.85,39.58,165.0,194.0,138.5,3.4,1.1
2024-02-28,run,running,RUNNING,0.964,6.32,6.28,155.0,166.0,13.5,1.0,0.0
2024-02-29,run,running,RUNNING,8.059,44.05,43.98,142.0,153.0,47.0,2.3,0.0
2024-02-29,run,running,RUNNING,1.349,9.95,9.71,124.0,164.0,34.0,0.9,1.5
2024-02-29,other,yoga,TRAINING,0.0,26.0,26.0,95.0,122.0,1.9,0.1,0.0
2024-03-01,run,track_running,RUNNING,1.97,10.64,10.45,140.0,158.0,25.4,1.9,0.0
2024-03-01,run,track_running,RUNNING,6.99,27.77,27.69,178.0,200.0,173.3,3.5,2.1
2024-03-01,run,track_running,RUNNING,1.0,3.22,3.22,164.0,177.0,40.5,1.0,2.0
2024-03-01,run,running,RUNNING,0.835,5.58,5.48,155.0,166.0,14.2,1.0,0.0
2024-03-01,other,yoga,TRAINING,0.0,27.04,27.04,93.0,119.0,1.8,0.1,0.0
2024-03-03,run,running,RUNNING,11.488,66.76,66.69,173.0,196.0,174.3,3.9,0.0
2024-03-03,run,running,RUNNING,1.6,12.08,12.03,149.0,172.0,56.0,1.5,2.1
2024-03-03,other,yoga,TRAINING,0.0,26.82,26.82,92.0,114.0,1.7,0.1,0.0
2024-03-04,run,track_running,RUNNING,1.71,8.56,8.52,141.0,155.0,19.8,1.4,0.0
2024-03-04,run,track_running,RUNNING,5.01,31.41,31.34,116.0,144.0,121.2,1.2,3.2
2024-03-04,run,track_running,RUNNING,1.57,9.7,9.57,144.0,160.0,17.8,1.3,0.0
2024-03-04,other,yoga,TRAINING,0.0,29.1,29.1,87.0,126.0,2.0,0.1,0.0
2024-03-05,other,yoga,TRAINING,0.0,20.67,20.67,89.0,117.0,1.5,0.1,0.0
2024-03-05,other,strength_training,TRAINING,0.0,74.53,20.99,100.0,151.0,14.8,0.5,0.5
2024-03-05,other,yoga,TRAINING,0.0,25.53,25.53,74.0,103.0,0.6,0.0,0.0
2024-03-07,other,yoga,TRAINING,0.0,27.02,27.02,84.0,116.0,1.6,0.1,0.0
2024-03-08,other,yoga,TRAINING,0.0,31.29,31.29,90.0,115.0,1.7,0.1,0.0
2024-03-09,run,running,RUNNING,4.866,25.73,25.69,156.0,167.0,58.5,2.6,0.0
2024-03-09,run,running,RUNNING,1.386,10.28,10.26,140.0,168.0,45.1,1.1,2.1
2024-03-11,run,running,RUNNING,1.918,10.04,9.97,146.0,159.0,25.2,1.9,0.0
2024-03-11,run,running,RUNNING,4.447,25.21,25.14,145.0,155.0,42.5,2.3,0.0
2024-03-11,run,track_running,RUNNING,0.87,6.35,5.37,148.0,168.0,33.0,1.1,1.5
2024-03-12,run,running,RUNNING,9.01,46.74,46.69,160.0,180.0,78.4,3.0,0.0
2024-03-12,run,running,RUNNING,0.804,5.71,5.69,144.0,185.0,29.3,0.9,1.3
2024-03-12,other,yoga,TRAINING,0.0,26.71,26.71,97.0,123.0,2.5,0.2,0.0
2024-03-13,run,running,RUNNING,9.811,52.35,52.32,152.0,164.0,65.1,2.7,0.0
2024-03-13,run,running,RUNNING,1.242,10.5,9.41,132.0,178.0,36.4,0.9,1.9
2024-03-14,run,running,RUNNING,2.161,11.86,11.83,145.0,159.0,28.1,2.0,0.0
2024-03-14,run,running,RUNNING,13.623,60.6,57.92,172.0,205.0,209.8,4.3,0.4
2024-03-14,run,running,RUNNING,1.285,7.71,6.97,160.0,176.0,18.4,1.3,0.0
2024-03-15,run,running,RUNNING,8.007,42.44,42.4,146.0,162.0,50.2,2.4,0.0
2024-03-15,run,running,RUNNING,1.006,7.05,7.03,135.0,171.0,29.1,0.8,1.3
2024-03-15,other,yoga,TRAINING,0.0,30.16,30.16,93.0,123.0,2.0,0.1,0.0
2024-03-16,run,running,RUNNING,2.728,14.21,14.18,154.0,165.0,32.2,2.1,0.0
2024-03-16,run,running,RUNNING,5.506,23.02,23.02,165.0,200.0,142.2,3.2,2.1
2024-03-16,run,running,RUNNING,3.639,21.6,21.57,154.0,167.0,33.3,2.1,0.0
2024-03-16,other,strength_training,TRAINING,0.0,60.83,17.48,102.0,156.0,9.1,0.6,0.0
2024-03-17,run,running,RUNNING,4.818,27.54,27.49,145.0,155.0,39.1,2.2,0.0
2024-03-17,run,running,RUNNING,0.8,6.47,6.43,128.0,161.0,20.9,0.5,1.1
2024-03-17,other,yoga,TRAINING,0.0,30.95,30.95,91.0,120.0,1.6,0.1,0.0
2024-03-18,run,track_running,RUNNING,2.1,12.52,12.5,146.0,156.0,28.2,2.0,0.0
2024-03-18,run,track_running,RUNNING,6.46,44.98,41.67,118.0,158.0,132.8,1.5,3.3
2024-03-18,run,running,RUNNING,1.344,8.41,8.37,137.0,144.0,11.9,0.8,0.0
2024-03-18,other,yoga,TRAINING,0.0,30.56,30.56,103.0,128.0,3.8,0.2,0.0
2024-03-19,run,running,RUNNING,8.09,43.21,43.18,156.0,169.0,68.4,2.7,0.0
2024-03-19,run,running,RUNNING,1.04,7.7,7.65,138.0,166.0,13.8,0.6,0.3
2024-03-19,other,yoga,TRAINING,0.0,29.73,29.73,94.0,121.0,1.9,0.1,0.0
2024-03-20,run,running,RUNNING,12.011,60.02,59.98,161.0,177.0,110.5,3.3,0.0
2024-03-20,run,running,RUNNING,1.392,10.53,10.47,138.0,179.0,36.2,1.1,1.5
2024-03-20,other,yoga,TRAINING,0.0,29.86,29.86,98.0,122.0,2.4,0.1,0.0
2024-03-21,run,running,RUNNING,1.921,10.01,9.83,148.0,159.0,26.1,1.9,0.0
2024-03-21,run,running,RUNNING,12.768,56.46,56.4,168.0,191.0,195.1,3.9,1.0
2024-03-21,run,running,RUNNING,1.286,7.71,7.45,147.0,161.0,16.4,1.2,0.0
2024-03-21,other,yoga,TRAINING,0.0,19.7,19.7,97.0,126.0,2.0,0.1,0.0
2024-03-22,run,running,RUNNING,8.129,44.13,43.99,150.0,159.0,65.8,2.7,0.0
2024-03-22,run,running,RUNNING,1.432,10.66,10.6,134.0,161.0,25.6,0.8,1.0
2024-03-23,run,running,RUNNING,2.524,14.15,13.79,,,6.3,0.4,0.0
2024-03-23,run,running,RUNNING,9.334,45.65,45.35,165.0,201.0,222.2,3.7,2.6
2024-03-23,run,running,RUNNING,1.426,8.87,8.84,146.0,154.0,15.3,1.1,0.0
2024-03-23,other,strength_training,TRAINING,0.0,83.0,21.16,95.0,162.0,11.2,0.7,0.1
2024-03-23,other,yoga,TRAINING,0.0,29.18,29.18,87.0,112.0,1.4,0.1,0.0
2024-03-25,run,track_running,RUNNING,1.59,9.06,8.6,142.0,158.0,18.5,1.3,0.0
2024-03-25,run,track_running,RUNNING,9.96,43.85,42.4,169.0,202.0,211.1,3.7,2.4
2024-03-25,run,running,RUNNING,1.64,10.35,10.02,143.0,152.0,15.8,1.1,0.0
2024-03-26,run,running,RUNNING,8.75,46.08,46.04,150.0,167.0,66.1,2.7,0.0
2024-03-26,run,running,RUNNING,1.245,9.65,9.59,127.0,176.0,25.8,0.9,0.9
2024-03-27,run,running,RUNNING,12.791,65.01,64.96,141.0,159.0,79.4,2.9,0.0
2024-03-27,run,running,RUNNING,1.583,12.66,12.55,128.0,150.0,34.9,0.8,1.8
2024-03-27,other,yoga,TRAINING,0.0,23.5,23.5,90.0,122.0,4.1,0.3,0.0
2024-03-28,run,running,RUNNING,1.286,6.72,6.63,122.0,132.0,10.0,0.7,0.0
2024-03-28,run,running,RUNNING,12.526,49.64,49.55,180.0,202.0,236.4,4.2,2.0
2024-03-28,run,running,RUNNING,0.425,3.4,3.12,132.0,147.0,4.0,0.3,0.0
2024-03-29,other,strength_training,TRAINING,0.0,77.23,16.13,91.0,153.0,15.8,0.4,0.7
2024-03-29,run,running,RUNNING,5.677,31.73,31.7,136.0,147.0,34.9,2.1,0.0
2024-03-29,run,running,RUNNING,0.704,5.06,5.03,109.0,126.0,19.0,0.4,1.0
2024-03-30,run,running,RUNNING,11.517,63.85,63.81,157.0,183.0,98.8,3.1,0.0
2024-04-01,run,running,RUNNING,2.667,14.38,14.2,151.0,178.0,32.7,2.1,0.0
2024-04-01,run,running,RUNNING,9.526,47.51,47.4,170.0,200.0,142.2,3.4,1.4
2024-04-01,run,running,RUNNING,1.854,11.4,11.35,145.0,165.0,18.4,1.3,0.0
2024-04-01,other,yoga,TRAINING,0.0,32.19,32.19,99.0,123.0,2.8,0.2,0.0
2024-04-02,other,strength_training,TRAINING,0.0,69.2,18.5,94.0,150.0,6.1,0.3,0.1
2024-04-02,run,running,RUNNING,8.057,43.18,43.03,144.0,157.0,59.6,2.6,0.0
2024-04-02,run,running,RUNNING,1.027,7.64,7.5,133.0,155.0,23.4,0.7,1.0
2024-04-02,other,yoga,TRAINING,0.0,33.03,33.03,84.0,118.0,1.5,0.1,0.0
2024-04-03,run,running,RUNNING,12.128,60.46,60.43,157.0,168.0,115.8,3.3,0.0
2024-04-03,run,running,RUNNING,1.363,12.44,11.85,137.0,167.0,60.4,1.1,2.3
2024-04-04,run,running,RUNNING,2.012,10.17,10.15,142.0,153.0,26.2,1.9,0.0
2024-04-04,run,running,RUNNING,8.513,37.69,37.58,160.0,181.0,116.3,3.3,0.0
2024-04-04,other,yoga,TRAINING,0.0,27.7,27.7,88.0,116.0,1.6,0.1,0.0
2024-04-05,run,running,RUNNING,7.884,39.26,39.2,150.0,165.0,83.3,3.0,0.0
2024-04-05,run,running,RUNNING,0.905,6.72,4.84,135.0,165.0,59.8,0.7,2.3
2024-04-05,other,yoga,TRAINING,0.0,19.94,19.94,88.0,106.0,1.8,0.1,0.0
2024-04-06,run,running,RUNNING,4.74,24.83,24.8,147.0,163.0,49.5,2.3,0.0
2024-04-06,other,yoga,TRAINING,0.0,34.88,34.88,83.0,110.0,1.4,0.1,0.0
2024-04-07,run,running,RUNNING,2.073,10.75,10.67,157.0,167.0,36.8,2.1,0.0
2024-04-07,run,track_running,RUNNING,0.51,1.22,1.18,146.0,163.0,60.0,0.6,2.4
2024-04-07,run,running,RUNNING,5.471,25.25,25.2,175.0,193.0,95.6,3.1,0.0
2024-04-07,other,strength_training,TRAINING,0.0,70.39,14.8,90.0,164.0,35.6,0.5,2.0
2024-04-07,other,yoga,TRAINING,0.0,30.0,30.0,,,,,
2024-04-08,run,running,RUNNING,9.006,43.14,43.11,161.0,174.0,113.5,3.2,0.0
2024-04-08,run,running,RUNNING,1.799,13.54,13.35,132.0,172.0,56.5,1.0,2.2
2024-04-08,other,yoga,TRAINING,0.0,29.5,29.5,91.0,118.0,2.2,0.1,0.0
2024-04-09,other,yoga,TRAINING,0.0,29.73,29.73,82.0,112.0,1.3,0.0,0.0
2024-04-10,run,track_running,RUNNING,1.89,9.49,9.48,150.0,155.0,27.9,1.9,0.0
2024-04-10,run,track_running,RUNNING,5.96,33.2,30.19,142.0,185.0,122.8,2.2,2.9
2024-04-10,run,track_running,RUNNING,2.01,10.87,10.78,149.0,159.0,24.3,1.7,0.0
2024-04-10,other,yoga,TRAINING,0.0,23.99,23.99,96.0,113.0,2.3,0.1,0.0
2024-04-11,run,running,RUNNING,6.601,35.07,35.06,146.0,158.0,58.1,2.5,0.0
2024-04-11,other,yoga,TRAINING,0.0,30.54,30.54,89.0,124.0,2.1,0.1,0.0
2024-04-13,run,running,RUNNING,4.213,21.94,21.91,158.0,174.0,57.9,2.5,0.0
2024-04-13,run,running,RUNNING,1.37,9.93,9.86,140.0,187.0,46.2,1.3,2.0
2024-04-13,other,yoga,TRAINING,0.0,20.02,20.02,81.0,109.0,1.3,0.1,0.0
2024-04-14,run,running,RUNNING,2.056,10.56,10.52,158.0,169.0,31.3,2.0,0.0
2024-04-14,run,track_running,RUNNING,8.16,30.05,30.0,196.0,208.0,311.9,4.8,2.2
2024-04-14,run,running,RUNNING,1.005,6.55,6.42,144.0,157.0,10.5,0.7,0.0
2024-04-14,other,strength_training,TRAINING,0.0,80.02,15.52,96.0,162.0,23.9,0.5,1.1
2024-04-14,other,yoga,TRAINING,0.0,30.35,30.35,88.0,118.0,1.6,0.1,0.0
2024-04-15,run,running,RUNNING,7.588,38.66,38.63,150.0,158.0,65.9,2.6,0.0
2024-04-17,run,running,RUNNING,2.838,15.22,15.17,144.0,159.0,32.5,2.1,0.0
2024-04-17,run,running,RUNNING,14.172,68.21,68.1,162.0,189.0,208.7,4.0,1.5
2024-04-18,run,running,RUNNING,10.007,51.68,51.58,155.0,164.0,81.7,3.0,0.0
2024-04-18,run,running,RUNNING,2.094,18.61,18.1,127.0,154.0,23.1,0.9,0.7
2024-04-18,other,yoga,TRAINING,0.0,31.81,31.81,88.0,112.0,1.7,0.1,0.0
2024-04-19,run,running,RUNNING,1.505,7.82,7.8,120.0,128.0,13.8,1.0,0.0
2024-04-19,run,running,RUNNING,3.92,31.14,24.43,129.0,163.0,146.5,1.7,3.4
2024-04-19,other,yoga,TRAINING,0.0,18.77,18.77,83.0,115.0,1.3,0.0,0.0
2024-04-20,run,running,RUNNING,3.334,16.47,16.43,157.0,174.0,52.1,2.4,0.0
2024-04-20,run,running,RUNNING,8.473,36.43,36.33,136.0,151.0,54.9,2.3,0.7
2024-04-20,run,running,RUNNING,2.632,15.81,15.78,126.0,136.0,17.1,1.2,0.0
2024-04-20,other,strength_training,TRAINING,0.0,82.33,18.69,91.0,154.0,17.4,0.6,0.6
2024-04-20,other,yoga,TRAINING,0.0,30.89,30.89,81.0,105.0,1.2,0.0,0.0
2024-04-21,run,running,RUNNING,15.008,75.03,74.97,153.0,164.0,105.9,3.2,0.0
2024-04-21,run,running,RUNNING,0.682,5.31,5.28,136.0,160.0,12.0,0.4,0.3
2024-04-21,other,yoga,TRAINING,0.0,29.19,29.19,81.0,111.0,1.1,0.0,0.0
2024-04-22,other,strength_training,TRAINING,0.0,84.54,23.45,102.0,162.0,21.5,0.8,0.8
2024-04-22,other,yoga,TRAINING,0.0,33.56,33.56,84.0,115.0,1.6,0.1,0.0
2024-04-23,run,running,RUNNING,9.746,48.03,47.96,127.0,147.0,47.9,2.4,0.0
2024-04-23,run,running,RUNNING,1.984,19.17,17.95,85.0,106.0,35.2,0.5,2.0
2024-04-23,other,yoga,TRAINING,0.0,32.46,32.46,87.0,116.0,1.6,0.1,0.0
2024-04-24,run,running,RUNNING,5.092,26.24,26.17,136.0,147.0,36.3,2.1,0.0
2024-04-24,run,running,RUNNING,1.953,9.26,9.22,141.0,154.0,24.5,1.8,0.0
2024-04-24,run,track_running,RUNNING,5.74,32.37,27.44,128.0,160.0,128.9,1.6,3.2
2024-04-24,run,track_running,RUNNING,1.26,7.88,7.83,151.0,161.0,18.3,1.3,0.0
2024-04-24,other,yoga,TRAINING,0.0,34.01,34.01,98.0,120.0,3.3,0.2,0.0
2024-04-25,run,running,RUNNING,5.453,30.02,29.98,144.0,155.0,40.8,2.2,0.0
2024-04-25,run,running,RUNNING,9.01,45.79,45.61,146.0,159.0,73.0,2.8,0.0
2024-04-26,other,yoga,TRAINING,0.0,32.17,32.17,75.0,105.0,1.2,0.0,0.0
2024-04-27,other,yoga,TRAINING,0.0,28.52,28.52,82.0,112.0,1.4,0.1,0.0
2024-04-28,run,running,RUNNING,4.662,29.74,29.61,134.0,155.0,29.9,2.0,0.0
2024-05-01,other,strength_training,FITNESS_EQUIPMENT,0.0,34.59,13.48,92.0,140.0,4.2,0.3,0.0
2024-05-01,run,running,RUNNING,6.262,36.47,36.41,144.0,162.0,49.8,2.4,0.0
2024-05-01,other,yoga,TRAINING,0.0,31.92,31.92,77.0,112.0,1.0,0.0,0.0
2024-05-02,run,running,RUNNING,6.34,36.07,35.97,144.0,165.0,47.3,2.4,0.0
2024-05-02,other,yoga,TRAINING,0.0,11.03,11.03,99.0,126.0,1.6,0.1,0.0
2024-05-02,other,yoga,TRAINING,0.0,9.87,9.87,85.0,105.0,0.8,0.0,0.0
2024-05-03,run,running,RUNNING,5.713,31.92,31.89,147.0,165.0,45.5,2.4,0.0
2024-05-03,run,running,RUNNING,2.177,12.19,12.14,149.0,165.0,27.3,1.9,0.1
2024-05-03,other,yoga,TRAINING,0.0,18.84,18.84,82.0,114.0,1.0,0.0,0.0
2024-05-04,other,strength_training,TRAINING,0.0,19.79,10.85,81.0,122.0,1.6,0.1,0.0
2024-05-05,other,strength_training,FITNESS_EQUIPMENT,0.0,36.29,18.35,88.0,122.0,3.0,0.2,0.0
2024-05-05,other,yoga,TRAINING,0.0,30.26,30.26,80.0,112.0,1.2,0.0,0.0
2024-05-06,run,running,RUNNING,3.495,17.54,17.38,157.0,172.0,56.2,2.6,0.0
2024-05-06,other,strength_training,TRAINING,0.0,24.15,12.56,111.0,148.0,8.7,0.6,0.0
2024-05-07,run,running,RUNNING,5.783,30.23,30.05,148.0,164.0,53.3,2.5,0.0
2024-05-07,other,yoga,TRAINING,0.0,29.04,29.04,90.0,117.0,1.7,0.1,0.0
2024-05-09,run,running,RUNNING,3.894,20.11,20.08,154.0,169.0,49.3,2.5,0.0
2024-05-09,other,yoga,TRAINING,0.0,32.28,32.28,86.0,112.0,1.5,0.1,0.0
2024-05-10,run,running,RUNNING,4.651,25.02,24.97,156.0,169.0,62.5,2.8,0.0
2024-05-10,other,strength_training,TRAINING,0.0,14.48,10.08,95.0,129.0,2.3,0.1,0.0
2024-05-10,other,yoga,TRAINING,0.0,28.56,28.56,94.0,112.0,2.2,0.1,0.0
2024-05-11,run,running,RUNNING,5.008,26.24,26.03,150.0,164.0,51.1,2.5,0.0
2024-05-11,other,yoga,TRAINING,0.0,28.61,28.61,82.0,111.0,1.2,0.1,0.0
2024-05-12,other,strength_training,TRAINING,0.0,84.48,16.88,80.0,148.0,9.6,0.3,0.4
2024-05-13,run,running,RUNNING,6.011,30.63,30.57,152.0,165.0,72.8,3.0,0.0
2024-05-14,run,running,RUNNING,5.635,30.15,30.0,151.0,162.0,54.3,2.6,0.0
2024-05-14,other,yoga,TRAINING,0.0,22.39,22.39,90.0,119.0,1.7,0.1,0.0
2024-05-15,other,yoga,TRAINING,0.0,6.55,6.55,94.0,113.0,1.5,0.1,0.0
2024-05-16,run,running,RUNNING,6.567,34.55,34.5,153.0,167.0,75.2,3.0,0.0
2024-05-16,run,running,RUNNING,0.65,4.56,3.93,135.0,152.0,10.1,0.7,0.1
2024-05-17,run,track_running,RUNNING,1.94,9.74,9.7,157.0,172.0,34.0,2.2,0.0
2024-05-17,run,running,RUNNING,1.984,15.08,15.0,134.0,171.0,52.5,1.3,2.3
2024-05-17,run,running,RUNNING,1.883,10.2,10.17,153.0,162.0,25.9,2.0,0.0
2024-05-18,run,running,RUNNING,5.849,30.01,29.97,164.0,180.0,72.9,3.0,0.0
2024-05-19,other,strength_training,TRAINING,0.0,74.71,18.03,91.0,137.0,3.7,0.3,0.0
2024-05-19,other,yoga,TRAINING,0.0,34.71,34.71,87.0,113.0,1.5,0.1,0.0
2024-05-20,run,running,RUNNING,7.009,36.53,36.45,154.0,171.0,74.3,3.0,0.0
2024-05-20,run,running,RUNNING,0.524,3.93,3.91,131.0,149.0,9.9,0.5,0.3
2024-05-20,other,yoga,TRAINING,0.0,24.07,24.07,100.0,120.0,3.2,0.2,0.0
2024-05-21,run,running,RUNNING,7.025,36.16,36.04,154.0,175.0,70.0,3.0,0.0
2024-05-21,run,running,RUNNING,1.88,10.16,10.1,153.0,163.0,26.2,2.0,0.0
2024-05-21,other,yoga,TRAINING,0.0,37.69,37.69,100.0,126.0,3.3,0.2,0.0
2024-05-22,run,running,RUNNING,7.668,39.07,39.04,155.0,177.0,94.7,3.3,0.0
2024-05-23,other,strength_training,TRAINING,0.0,63.81,13.16,91.0,139.0,3.9,0.3,0.0
2024-05-23,other,yoga,TRAINING,0.0,26.19,26.19,92.0,117.0,2.1,0.1,0.0
2024-05-24,run,running,RUNNING,2.581,12.88,12.85,161.0,175.0,41.2,2.4,0.0
2024-05-24,run,running,RUNNING,4.532,23.37,23.27,161.0,172.0,68.0,3.0,0.0
2024-05-25,other,strength_training,FITNESS_EQUIPMENT,0.0,59.79,14.0,103.0,156.0,18.5,0.9,0.7
2024-05-25,run,running,RUNNING,5.962,31.54,31.51,154.0,166.0,69.1,3.0,0.0
2024-05-26,other,strength_training,TRAINING,0.0,26.73,7.0,81.0,122.0,1.9,0.1,0.0
2024-05-26,other,yoga,TRAINING,0.0,32.39,32.39,86.0,120.0,1.9,0.1,0.0
2024-05-27,run,track_running,RUNNING,3.16,16.28,16.25,156.0,173.0,56.9,2.7,0.0
2024-05-27,run,running,RUNNING,0.406,3.92,3.73,140.0,163.0,17.4,0.7,0.8
2024-05-28,run,running,RUNNING,1.706,9.32,9.25,143.0,162.0,22.8,2.0,0.0
2024-05-28,run,running,RUNNING,5.73,29.83,29.81,157.0,171.0,66.2,2.9,0.0
2024-05-28,run,running,RUNNING,1.717,8.8,8.68,156.0,170.0,29.1,2.1,0.0
2024-05-28,other,yoga,TRAINING,0.0,13.38,13.38,101.0,120.0,2.4,0.2,0.0
2024-05-29,run,running,RUNNING,9.169,45.29,45.23,161.0,191.0,130.5,3.7,0.0
2024-05-30,other,strength_training,TRAINING,0.0,69.54,12.19,96.0,142.0,4.8,0.4,0.0
2024-05-30,other,yoga,TRAINING,0.0,33.85,33.85,83.0,127.0,1.5,0.1,0.0
2024-05-31,run,running,RUNNING,4.044,20.75,20.7,157.0,168.0,56.4,2.7,0.0
2024-05-31,other,yoga,TRAINING,0.0,19.18,19.18,83.0,105.0,1.0,0.0,0.0
2024-06-01,other,yoga,TRAINING,0.0,38.21,38.21,77.0,120.0,1.4,0.1,0.0
2024-06-02,run,running,RUNNING,6.068,31.89,31.8,159.0,177.0,81.8,3.1,0.0
2024-06-02,other,strength_training,TRAINING,0.0,75.24,16.0,104.0,160.0,34.5,1.4,1.6
2024-06-02,other,yoga,TRAINING,0.0,31.37,31.37,91.0,119.0,2.6,0.2,0.0
2024-06-03,run,running,RUNNING,8.02,42.08,42.01,154.0,168.0,83.7,3.1,0.0
2024-06-03,run,running,RUNNING,0.847,6.71,6.65,129.0,164.0,18.7,0.6,1.0
2024-06-04,run,running,RUNNING,8.587,45.04,44.94,156.0,166.0,77.6,3.1,0.0
2024-06-04,run,running,RUNNING,1.033,8.26,7.68,140.0,177.0,35.1,0.9,2.0
2024-06-05,run,running,RUNNING,2.452,12.54,12.51,156.0,168.0,35.4,2.2,0.0
2024-06-05,run,running,RUNNING,3.552,15.21,15.12,179.0,194.0,71.1,2.9,0.0
2024-06-05,run,running,RUNNING,1.65,9.01,8.9,152.0,164.0,22.3,1.8,0.0
2024-06-05,other,yoga,TRAINING,0.0,33.63,33.63,90.0,117.0,2.0,0.1,0.0
2024-06-06,other,strength_training,FITNESS_EQUIPMENT,0.0,62.38,13.3,91.0,145.0,3.4,0.2,0.0
2024-06-06,other,yoga,TRAINING,0.0,22.71,22.71,76.0,101.0,0.9,0.0,0.0
2024-06-07,bike,cycling,CYCLING,8.776,30.48,30.27,128.0,150.0,20.6,1.3,0.3
2024-06-07,bike,cycling,CYCLING,10.52,32.11,31.77,140.0,179.0,65.4,2.4,1.7
2024-06-07,run,running,RUNNING,5.6,29.42,29.31,156.0,175.0,60.7,2.7,0.0
2024-06-07,other,yoga,TRAINING,0.0,30.82,30.82,93.0,122.0,2.1,0.1,0.0
2024-06-08,other,yoga,TRAINING,0.0,29.75,29.75,87.0,112.0,1.6,0.1,0.0
2024-06-09,run,running,RUNNING,2.477,13.46,13.43,146.0,158.0,29.7,2.1,0.0
2024-06-09,run,running,RUNNING,4.036,16.37,16.35,188.0,200.0,108.8,3.3,0.3
2024-06-09,run,running,RUNNING,0.781,4.39,4.37,158.0,171.0,12.7,1.0,0.0
2024-06-09,other,strength_training,FITNESS_EQUIPMENT,0.0,87.7,21.29,96.0,162.0,21.9,0.7,1.0
2024-06-09,other,yoga,TRAINING,0.0,30.33,30.33,89.0,119.0,1.6,0.1,0.0
2024-06-10,bike,cycling,CYCLING,20.017,59.77,59.74,137.0,175.0,45.5,2.2,0.7
2024-06-10,run,track_running,RUNNING,1.69,9.18,9.15,138.0,159.0,22.0,1.8,0.0
2024-06-10,run,track_running,RUNNING,0.74,4.14,3.25,152.0,175.0,25.5,1.1,0.9
2024-06-10,other,yoga,TRAINING,0.0,32.13,32.13,93.0,145.0,2.3,0.1,0.0
2024-06-11,run,running,RUNNING,8.353,41.3,41.22,157.0,167.0,87.5,3.1,0.0
2024-06-11,other,strength_training,FITNESS_EQUIPMENT,0.0,50.47,5.96,94.0,148.0,11.8,0.3,0.6
2024-06-12,run,track_running,RUNNING,2.41,11.93,11.85,149.0,163.0,34.7,2.2,0.0
2024-06-12,run,track_running,RUNNING,4.07,17.07,17.05,173.0,197.0,102.2,3.0,1.8
2024-06-12,run,running,RUNNING,1.041,7.35,7.33,93.0,130.0,6.3,0.5,0.0
2024-06-12,other,yoga,TRAINING,0.0,32.05,32.05,87.0,115.0,1.7,0.1,0.0
2024-06-13,other,strength_training,TRAINING,0.0,76.46,14.56,93.0,148.0,9.3,0.6,0.1
2024-06-13,run,running,RUNNING,7.062,35.0,34.94,156.0,169.0,79.8,3.0,0.0
2024-06-13,other,yoga,TRAINING,0.0,34.02,34.02,82.0,113.0,1.3,0.1,0.0
2024-06-14,run,running,RUNNING,6.371,32.41,32.36,154.0,169.0,68.2,2.9,0.0
2024-06-15,run,running,RUNNING,2.487,12.81,12.73,146.0,160.0,33.3,2.1,0.0
2024-06-15,run,running,RUNNING,5.012,20.11,20.05,185.0,195.0,118.8,3.4,0.0
2024-06-15,run,running,RUNNING,1.858,10.0,10.0,154.0,168.0,26.7,2.0,0.0
2024-06-15,bike,cycling,CYCLING,16.669,75.13,75.12,95.0,123.0,4.6,0.3,0.0
2024-06-15,other,strength_training,TRAINING,0.0,82.89,15.73,94.0,143.0,6.8,0.5,0.0
2024-06-16,other,yoga,TRAINING,0.0,32.61,32.61,83.0,111.0,1.3,0.1,0.0
2024-06-17,run,running,RUNNING,9.002,44.8,44.77,153.0,166.0,88.9,3.1,0.0
2024-06-17,other,yoga,TRAINING,0.0,19.43,19.43,89.0,138.0,1.5,0.1,0.0
2024-06-18,run,track_running,RUNNING,2.4,11.42,11.42,154.0,169.0,37.1,2.2,0.0
2024-06-18,run,running,RUNNING,0.84,6.97,5.24,136.0,159.0,42.5,0.8,2.1
2024-06-18,other,yoga,TRAINING,0.0,34.29,34.29,82.0,106.0,1.3,0.1,0.0
2024-06-19,run,running,RUNNING,2.45,12.06,12.0,155.0,164.0,35.4,2.2,0.0
2024-06-19,run,running,RUNNING,5.423,25.29,24.86,175.0,197.0,132.4,3.3,2.0
2024-06-19,run,running,RUNNING,2.256,12.61,12.53,160.0,171.0,33.1,2.1,0.0
2024-06-19,other,strength_training,FITNESS_EQUIPMENT,0.0,85.67,13.64,100.0,174.0,45.7,1.0,2.1
2024-06-20,run,running,RUNNING,7.856,40.4,40.28,149.0,163.0,67.3,2.8,0.0
2024-06-20,other,yoga,TRAINING,0.0,33.38,33.38,92.0,115.0,2.1,0.1,0.0
2024-06-21,bike,cycling,CYCLING,10.595,30.72,30.31,155.0,186.0,101.4,2.9,2.0
2024-06-21,bike,cycling,CYCLING,23.704,70.73,70.02,146.0,178.0,105.6,2.9,2.1
2024-06-21,run,running,RUNNING,7.008,35.02,34.92,155.0,169.0,93.1,3.1,0.0
2024-06-21,other,yoga,TRAINING,0.0,32.19,32.19,90.0,122.0,2.1,0.1,0.0
2024-06-22,run,running,RUNNING,2.529,13.22,13.19,146.0,158.0,30.4,2.1,0.0
2024-06-22,run,running,RUNNING,6.553,29.68,29.6,173.0,187.0,142.5,3.4,1.5
2024-06-22,run,running,RUNNING,1.33,7.51,7.5,154.0,167.0,16.8,1.2,0.0
2024-06-22,other,strength_training,TRAINING,0.0,100.29,19.78,81.0,147.0,5.3,0.4,0.0
2024-06-22,other,yoga,TRAINING,0.0,34.52,34.52,79.0,109.0,1.2,0.0,0.0
2024-06-23,other,yoga,TRAINING,0.0,34.09,34.09,91.0,116.0,1.9,0.1,0.0
2024-06-24,run,running,RUNNING,9.827,51.38,51.35,148.0,160.0,76.7,3.0,0.0
2024-06-24,other,yoga,TRAINING,0.0,35.89,35.89,89.0,116.0,1.8,0.1,0.0
2024-06-25,bike,cycling,CYCLING,22.032,68.11,67.93,134.0,179.0,58.8,2.4,0.7
2024-06-25,run,running,RUNNING,8.891,40.42,40.33,163.0,199.0,155.2,3.6,0.9
2024-06-25,other,yoga,TRAINING,0.0,33.86,33.86,97.0,126.0,2.8,0.2,0.0
2024-06-26,run,running,RUNNING,6.196,31.39,31.37,151.0,161.0,61.1,2.6,0.0
2024-06-26,other,strength_training,TRAINING,0.0,84.81,16.89,84.0,154.0,10.5,0.2,0.5
2024-06-26,other,yoga,TRAINING,0.0,10.38,10.38,85.0,99.0,0.9,0.0,0.0
2024-06-27,run,track_running,RUNNING,2.43,12.55,12.37,152.0,171.0,38.9,2.2,0.0
2024-06-27,run,running,RUNNING,1.217,6.96,6.95,140.0,148.0,12.9,0.9,0.0
2024-06-27,run,running,RUNNING,3.225,18.05,18.03,141.0,150.0,33.3,2.1,0.0
2024-06-27,other,yoga,TRAINING,0.0,35.47,35.47,88.0,111.0,1.8,0.1,0.0
2024-06-28,run,running,RUNNING,2.213,12.01,12.0,151.0,161.0,29.0,2.0,0.0
2024-06-28,run,running,RUNNING,2.126,11.15,11.09,149.0,159.0,30.5,2.0,0.0
2024-06-28,run,track_running,RUNNING,3.0,9.87,9.83,177.0,205.0,127.6,2.9,2.4
2024-06-28,run,running,RUNNING,1.169,6.59,6.57,141.0,148.0,13.3,0.9,0.0
2024-06-30,run,running,RUNNING,2.744,15.01,14.97,146.0,162.0,34.1,2.1,0.0
2024-06-30,run,running,RUNNING,1.449,21.09,17.78,121.0,159.0,45.6,0.9,2.1
2024-06-30,run,running,RUNNING,1.178,6.76,6.75,153.0,162.0,15.8,1.1,0.0
2024-06-30,other,strength_training,FITNESS_EQUIPMENT,0.0,92.87,20.47,94.0,165.0,38.5,0.7,2.0
2024-06-30,other,yoga,TRAINING,0.0,37.45,37.45,89.0,115.0,1.9,0.1,0.0
2024-07-01,run,running,RUNNING,3.467,18.33,18.3,160.0,170.0,50.2,2.4,0.0
2024-07-01,run,track_running,RUNNING,2.06,11.06,11.05,154.0,161.0,38.3,2.2,0.0
2024-07-01,run,track_running,RUNNING,3.68,32.06,20.51,142.0,198.0,74.6,2.1,2.2
2024-07-01,run,track_running,RUNNING,1.27,7.83,7.75,144.0,155.0,17.3,1.3,0.0
2024-07-01,other,yoga,TRAINING,0.0,31.92,31.92,83.0,136.0,1.3,0.1,0.0
2024-07-02,run,running,RUNNING,6.008,30.61,30.58,154.0,167.0,64.7,2.7,0.0
2024-07-02,run,running,RUNNING,6.027,31.26,31.2,147.0,157.0,57.7,2.5,0.0
2024-07-02,other,yoga,TRAINING,0.0,34.08,34.08,87.0,154.0,18.1,0.1,1.2
2024-07-03,run,running,RUNNING,2.522,12.46,12.45,153.0,168.0,37.9,2.2,0.0
2024-07-03,run,running,RUNNING,6.881,32.83,32.42,170.0,194.0,146.4,3.3,2.0
2024-07-03,run,running,RUNNING,2.3,13.16,13.13,149.0,164.0,28.0,2.0,0.0
2024-07-03,other,strength_training,TRAINING,0.0,88.45,18.05,89.0,149.0,17.1,0.4,0.8
2024-07-04,run,running,RUNNING,6.129,32.68,32.61,142.0,155.0,46.4,2.3,0.0
2024-07-05,run,running,RUNNING,4.961,25.1,24.96,157.0,176.0,57.2,2.5,0.0
2024-07-05,run,running,RUNNING,3.135,15.89,15.52,159.0,166.0,41.4,2.2,0.0
2024-07-06,run,running,RUNNING,11.114,62.9,62.7,160.0,181.0,148.5,3.6,0.0
2024-07-07,other,strength_training,TRAINING,0.0,102.64,22.41,84.0,148.0,14.8,0.3,0.7
2024-07-07,other,yoga,TRAINING,0.0,34.85,34.85,87.0,119.0,1.6,0.1,0.0
2024-07-08,run,running,RUNNING,3.399,17.41,17.35,153.0,162.0,49.6,2.4,0.0
2024-07-08,run,track_running,RUNNING,2.01,9.62,9.62,152.0,163.0,33.2,2.1,0.0
2024-07-08,run,track_running,RUNNING,8.16,39.8,36.18,175.0,201.0,184.7,3.7,2.1
2024-07-08,run,running,RUNNING,1.414,8.39,7.73,156.0,168.0,21.5,1.6,0.0
2024-07-08,other,yoga,TRAINING,0.0,31.69,31.69,87.0,153.0,10.6,0.1,0.6
2024-07-09,other,strength_training,TRAINING,0.0,78.37,15.63,94.0,157.0,23.2,0.4,1.2
2024-07-10,bike,mountain_biking,CYCLING,12.202,58.83,57.42,144.0,181.0,138.8,2.7,2.8
2024-07-10,run,running,RUNNING,5.803,31.13,31.09,143.0,173.0,55.4,2.5,0.0
2024-07-10,run,running,RUNNING,1.561,24.93,18.82,126.0,174.0,42.1,1.5,1.6
2024-07-10,other,yoga,TRAINING,0.0,34.31,34.31,86.0,121.0,2.0,0.1,0.0
2024-07-11,run,running,RUNNING,11.582,60.03,59.89,156.0,180.0,104.1,3.2,0.0
2024-07-11,other,yoga,TRAINING,0.0,38.29,38.29,83.0,119.0,1.3,0.0,0.0
2024-07-12,run,running,RUNNING,2.583,12.82,12.81,154.0,173.0,42.1,2.2,0.0
2024-07-12,run,track_running,RUNNING,3.18,17.3,12.22,152.0,194.0,69.4,2.7,0.0
2024-07-12,run,running,RUNNING,5.781,30.52,30.47,147.0,173.0,67.2,2.7,0.0
2024-07-12,other,yoga,TRAINING,0.0,44.01,44.01,75.0,107.0,1.0,0.0,0.0
2024-07-13,run,running,RUNNING,0.898,4.58,4.53,150.0,160.0,13.4,1.0,0.0
2024-07-13,run,running,RUNNING,1.389,7.26,7.22,144.0,171.0,21.2,1.5,0.0
2024-07-13,run,running,RUNNING,5.028,26.71,26.54,158.0,191.0,129.9,2.7,2.5
2024-07-13,run,running,RUNNING,1.103,6.2,6.18,156.0,178.0,18.0,1.2,0.0
2024-07-14,other,strength_training,TRAINING,0.0,65.25,15.0,85.0,141.0,3.3,0.2,0.0
2024-07-15,run,running,RUNNING,3.733,19.92,19.86,149.0,158.0,42.6,2.2,0.0
2024-07-15,run,track_running,RUNNING,1.98,9.12,9.1,153.0,175.0,35.0,2.1,0.0
2024-07-15,run,track_running,RUNNING,4.7,45.54,40.28,141.0,179.0,180.0,2.3,3.4
2024-07-15,run,running,RUNNING,1.683,10.92,10.91,150.0,165.0,21.8,1.5,0.0
2024-07-15,other,yoga,TRAINING,0.0,37.69,37.69,91.0,122.0,2.0,0.1,0.0
2024-07-16,run,running,RUNNING,8.715,44.3,44.09,159.0,174.0,93.7,3.0,0.0
2024-07-17,run,running,RUNNING,9.162,49.26,49.2,159.0,173.0,95.4,3.1,0.0
2024-07-19,run,running,RUNNING,2.815,15.05,15.0,152.0,163.0,36.1,2.1,0.0
2024-07-19,bike,cycling,CYCLING,9.566,35.77,35.32,113.0,143.0,12.6,0.9,0.0
2024-07-19,run,track_running,RUNNING,2.0,10.36,10.33,157.0,169.0,37.5,2.2,0.0
2024-07-19,run,track_running,RUNNING,4.19,31.43,26.88,157.0,202.0,114.0,2.6,2.5
2024-07-19,run,running,RUNNING,1.434,8.1,8.08,159.0,165.0,20.0,1.4,0.0
2024-07-19,bike,cycling,CYCLING,10.862,47.36,46.4,115.0,137.0,4.8,0.3,0.0
2024-07-19,other,yoga,TRAINING,0.0,36.73,36.73,95.0,120.0,2.4,0.1,0.0
2024-07-20,run,running,RUNNING,6.2,33.03,33.0,148.0,161.0,49.8,2.4,0.0
2024-07-20,other,strength_training,FITNESS_EQUIPMENT,0.0,83.04,16.92,88.0,143.0,4.9,0.3,0.0
2024-07-20,other,yoga,TRAINING,0.0,35.43,35.43,85.0,127.0,1.8,0.1,0.0
2024-07-21,run,running,RUNNING,7.02,35.25,35.21,156.0,170.0,73.5,2.8,0.0
2024-07-21,other,strength_training,FITNESS_EQUIPMENT,0.0,52.75,19.91,85.0,127.0,2.1,0.1,0.0
2024-07-21,run,running,RUNNING,7.012,35.07,35.03,153.0,167.0,73.9,2.8,0.0
2024-07-21,other,yoga,TRAINING,0.0,37.0,37.0,95.0,120.0,2.4,0.1,0.0
2024-07-22,run,running,RUNNING,5.011,24.79,24.77,157.0,169.0,66.1,2.7,0.0
2024-07-22,run,running,RUNNING,3.127,39.75,29.22,127.0,168.0,71.8,1.5,2.3
2024-07-22,other,strength_training,FITNESS_EQUIPMENT,0.0,84.97,18.7,86.0,152.0,10.9,0.3,0.4
2024-07-22,other,yoga,TRAINING,0.0,38.35,38.35,89.0,119.0,1.9,0.1,0.0
2024-07-23,run,running,RUNNING,9.447,49.57,49.51,152.0,168.0,80.3,3.0,0.0
2024-07-23,other,yoga,TRAINING,0.0,22.33,22.33,87.0,115.0,1.6,0.1,0.0
2024-07-24,run,running,RUNNING,2.971,15.26,15.24,150.0,160.0,39.1,2.2,0.0
2024-07-24,run,track_running,RUNNING,2.38,10.76,10.73,161.0,175.0,42.0,2.2,0.0
2024-07-24,run,track_running,RUNNING,3.75,20.29,16.25,169.0,199.0,125.2,2.8,2.3
2024-07-24,run,running,RUNNING,2.004,10.95,10.7,147.0,160.0,24.5,1.7,0.0
2024-07-24,other,yoga,TRAINING,0.0,33.99,33.99,93.0,114.0,2.4,0.1,0.0
2024-07-25,run,running,RUNNING,7.188,35.54,35.52,154.0,168.0,82.1,2.9,0.0
2024-07-25,run,running,RUNNING,7.345,36.18,36.15,151.0,166.0,75.2,2.8,0.0
2024-07-25,other,yoga,TRAINING,0.0,34.09,34.09,89.0,161.0,1.9,0.1,0.0
2024-07-26,run,running,RUNNING,5.012,25.56,25.52,147.0,158.0,49.8,2.3,0.0
2024-07-26,run,running,RUNNING,1.156,8.86,8.82,139.0,173.0,29.9,0.8,1.2
2024-07-26,other,yoga,TRAINING,0.0,30.13,30.13,85.0,111.0,1.5,0.1,0.0
2024-07-27,run,running,RUNNING,2.493,12.05,12.02,148.0,168.0,33.0,2.0,0.0
2024-07-27,run,running,RUNNING,2.709,13.42,13.36,163.0,187.0,46.7,2.3,0.0
2024-07-27,run,track_running,RUNNING,5.0,16.84,16.79,197.0,207.0,250.7,3.8,2.8
2024-07-27,run,running,RUNNING,1.636,9.27,9.09,157.0,189.0,52.4,1.8,1.9
2024-07-27,run,running,RUNNING,1.728,10.72,10.71,142.0,165.0,17.0,1.2,0.0
2024-07-28,other,hiking,HIKING,3.73,28.54,27.45,134.0,178.0,44.8,2.2,0.3
2024-07-29,run,running,RUNNING,8.56,50.9,41.94,161.0,180.0,73.1,2.8,0.0
2024-07-29,run,running,RUNNING,7.17,36.5,36.07,153.0,174.0,69.3,2.7,0.0
2024-07-30,run,running,RUNNING,2.533,12.17,12.14,153.0,170.0,36.8,2.1,0.0
2024-07-30,run,running,RUNNING,2.315,11.61,11.09,146.0,171.0,30.2,2.0,0.0
2024-07-30,run,running,RUNNING,7.044,30.39,30.36,181.0,191.0,143.5,3.5,0.2
2024-07-30,run,running,RUNNING,2.735,12.56,12.54,139.0,152.0,21.1,1.5,0.0
2024-07-31,run,running,RUNNING,5.032,24.82,24.7,156.0,171.0,54.7,2.4,0.0
2024-07-31,run,running,RUNNING,5.197,48.83,44.68,133.0,178.0,78.2,2.1,2.2
2024-07-31,other,strength_training,FITNESS_EQUIPMENT,0.0,98.98,18.48,82.0,153.0,20.5,0.2,1.1
2024-07-31,other,yoga,TRAINING,0.0,32.34,32.34,84.0,154.0,1.2,0.0,0.0
2024-08-01,run,running,RUNNING,6.035,30.68,30.63,150.0,162.0,57.9,2.5,0.0
2024-08-01,other,yoga,TRAINING,0.0,35.8,35.8,85.0,115.0,1.4,0.1,0.0
2024-08-02,run,running,RUNNING,5.298,25.55,25.52,152.0,161.0,61.6,2.6,0.0
2024-08-02,run,running,RUNNING,2.507,16.99,16.89,141.0,170.0,40.1,1.9,0.9
2024-08-02,other,yoga,TRAINING,0.0,36.93,36.93,76.0,102.0,1.1,0.0,0.0
2024-08-03,run,running,RUNNING,2.3,11.3,11.29,149.0,160.0,29.9,2.0,0.0
2024-08-03,run,running,RUNNING,2.365,12.74,12.7,138.0,149.0,22.1,1.5,0.0
2024-08-03,run,track_running,RUNNING,3.03,9.3,9.27,182.0,208.0,141.6,2.8,2.7
2024-08-03,run,running,RUNNING,1.251,8.47,8.45,135.0,150.0,9.6,0.6,0.0
2024-08-04,run,running,RUNNING,7.915,40.12,40.07,150.0,173.0,66.8,2.6,0.0
2024-08-05,run,running,RUNNING,4.927,50.59,42.98,135.0,176.0,90.1,2.0,2.5
2024-08-05,run,running,RUNNING,2.542,14.99,14.73,146.0,162.0,26.3,1.8,0.0
2024-08-05,run,running,RUNNING,4.067,21.39,21.27,146.0,165.0,46.3,2.3,0.0
2024-08-05,run,running,RUNNING,1.73,11.3,11.17,144.0,173.0,48.2,1.4,1.9
2024-08-05,other,yoga,TRAINING,0.0,32.62,32.62,101.0,126.0,3.1,0.2,0.0
2024-08-06,run,running,RUNNING,1.389,8.2,8.08,137.0,155.0,12.6,0.9,0.0
2024-08-06,run,running,RUNNING,0.982,6.56,6.1,147.0,167.0,18.5,0.9,0.3
2024-08-06,run,running,RUNNING,12.051,58.3,58.23,157.0,176.0,99.0,3.1,0.0
2024-08-07,run,running,RUNNING,2.304,12.44,12.43,150.0,164.0,27.3,1.9,0.0
2024-08-07,run,track_running,RUNNING,3.23,28.08,22.57,147.0,190.0,157.5,2.2,3.3
2024-08-07,run,running,RUNNING,2.026,12.58,12.55,151.0,159.0,20.9,1.4,0.0
2024-08-08,run,running,RUNNING,3.184,16.66,16.62,140.0,149.0,31.3,2.0,0.0
2024-08-08,other,yoga,TRAINING,0.0,30.02,30.02,84.0,127.0,1.3,0.0,0.0
2024-08-08,run,running,RUNNING,5.701,29.92,29.81,140.0,160.0,46.8,2.3,0.0
2024-08-08,run,running,RUNNING,1.021,6.69,6.59,139.0,162.0,43.2,0.8,2.0
2024-08-09,run,running,RUNNING,0.457,2.58,2.57,145.0,157.0,5.2,0.3,0.0
2024-08-09,run,running,RUNNING,0.759,4.28,4.22,143.0,156.0,7.9,0.5,0.0
2024-08-09,run,running,RUNNING,10.834,48.59,45.38,182.0,209.0,240.4,3.9,2.5
2024-08-09,run,running,RUNNING,2.685,13.45,13.4,164.0,185.0,35.9,2.1,0.0
2024-08-10,run,running,RUNNING,8.016,41.11,41.05,153.0,171.0,66.7,2.6,0.0
2024-08-10,run,running,RUNNING,1.316,9.73,9.52,141.0,170.0,40.0,1.2,1.6
2024-08-10,run,running,RUNNING,1.018,5.3,5.29,143.0,154.0,12.6,0.9,0.0
2024-08-10,run,track_running,RUNNING,5.49,33.58,27.68,156.0,196.0,147.5,2.7,2.8
2024-08-10,run,running,RUNNING,1.007,5.92,5.91,154.0,165.0,12.6,0.9,0.0
2024-08-11,other,yoga,TRAINING,0.0,32.83,32.83,80.0,109.0,1.2,0.0,0.0
2024-08-12,run,running,RUNNING,8.029,40.69,40.64,161.0,178.0,82.7,2.9,0.0
2024-08-12,run,running,RUNNING,6.048,32.42,32.38,145.0,164.0,49.9,2.3,0.0
2024-08-13,run,running,RUNNING,7.45,38.57,38.25,158.0,174.0,77.3,2.8,0.0
2024-08-13,run,running,RUNNING,6.253,34.79,34.72,143.0,162.0,49.5,2.3,0.0
2024-08-13,other,yoga,TRAINING,0.0,23.07,23.07,85.0,121.0,1.4,0.1,0.0
2024-08-14,run,running,RUNNING,2.156,11.88,11.86,141.0,157.0,22.4,1.6,0.0
2024-08-14,run,running,RUNNING,2.494,14.2,13.99,154.0,178.0,34.3,2.1,0.0
2024-08-14,run,running,RUNNING,5.404,19.39,19.35,190.0,206.0,185.4,3.4,2.5
2024-08-15,other,hiking,HIKING,8.557,134.37,112.38,95.0,140.0,8.8,0.6,0.0
2024-08-16,other,hiking,HIKING,4.278,106.05,61.33,113.0,156.0,23.3,1.5,0.1
2024-08-16,run,running,RUNNING,6.33,32.37,32.32,152.0,167.0,64.2,2.6,0.0
2024-08-17,run,running,RUNNING,11.504,57.84,57.53,155.0,179.0,100.1,3.1,0.0
2024-08-18,run,running,RUNNING,7.021,41.41,41.37,142.0,159.0,50.9,2.4,0.0
2024-08-19,run,running,RUNNING,6.019,31.44,31.34,150.0,171.0,58.6,2.5,0.0
2024-08-19,run,running,RUNNING,0.984,23.76,9.87,108.0,152.0,34.7,0.4,2.0
2024-08-19,run,running,RUNNING,1.87,11.0,10.99,144.0,161.0,18.8,1.3,0.0
2024-08-20,run,running,RUNNING,6.054,32.01,31.95,151.0,174.0,62.1,2.6,0.0
2024-08-20,run,running,RUNNING,8.029,41.85,41.8,139.0,158.0,50.7,2.4,0.0
2024-08-21,run,running,RUNNING,7.087,37.94,37.9,146.0,167.0,60.1,2.5,0.0
2024-08-22,run,running,RUNNING,2.46,11.91,11.83,155.0,172.0,35.4,2.1,0.0
2024-08-22,run,track_running,RUNNING,4.71,22.36,21.23,172.0,196.0,126.6,3.0,2.1
2024-08-22,run,running,RUNNING,1.633,9.56,9.54,148.0,166.0,18.6,1.3,0.0
2024-08-23,run,running,RUNNING,5.792,30.01,29.97,144.0,157.0,44.6,2.3,0.0
2024-08-24,run,running,RUNNING,2.435,12.9,12.27,164.0,187.0,39.2,2.2,0.0
2024-08-24,run,running,RUNNING,10.081,37.09,37.03,198.0,208.0,374.1,4.6,3.2
2024-08-24,run,running,RUNNING,1.639,10.09,10.03,149.0,158.0,16.3,1.1,0.0
2024-08-25,other,strength_training,TRAINING,0.0,92.12,17.48,89.0,147.0,7.2,0.3,0.2
2024-08-26,run,running,RUNNING,7.499,37.06,36.97,158.0,173.0,76.5,2.8,0.0
2024-08-26,run,running,RUNNING,5.893,30.56,30.41,147.0,158.0,46.4,2.3,0.0
2024-08-27,run,running,RUNNING,8.688,44.76,44.72,146.0,162.0,66.5,2.6,0.0
2024-08-27,other,yoga,TRAINING,0.0,27.12,27.12,87.0,113.0,2.1,0.1,0.0
2024-08-28,run,running,RUNNING,3.343,15.25,15.2,159.0,171.0,56.8,2.5,0.0
2024-08-28,run,track_running,RUNNING,4.22,23.81,22.66,164.0,205.0,138.2,2.6,2.8
2024-08-28,run,running,RUNNING,2.058,11.17,11.12,150.0,167.0,22.7,1.6,0.0
2024-08-29,run,running,RUNNING,10.849,46.39,46.33,172.0,186.0,175.7,3.8,0.0
2024-08-29,other,yoga,TRAINING,0.0,34.53,34.53,94.0,132.0,2.4,0.1,0.0
2024-08-30,run,running,RUNNING,3.419,15.11,15.1,157.0,172.0,55.2,2.4,0.0
2024-08-30,run,running,RUNNING,5.795,34.71,30.64,149.0,199.0,133.9,3.1,2.0
2024-08-30,run,running,RUNNING,2.082,10.39,10.22,152.0,165.0,26.9,1.9,0.0
2024-08-30,other,yoga,TRAINING,0.0,31.33,31.33,101.0,123.0,4.2,0.3,0.0
2024-08-31,run,running,RUNNING,16.443,80.1,80.01,163.0,179.0,140.1,3.5,0.0
2024-08-31,other,strength_training,FITNESS_EQUIPMENT,0.0,87.98,16.21,90.0,154.0,22.2,0.4,1.1
2024-09-01,other,yoga,TRAINING,0.0,33.01,33.01,78.0,102.0,1.2,0.0,0.0
2024-09-02,run,running,RUNNING,2.415,12.57,12.54,151.0,160.0,28.1,2.0,0.0
2024-09-02,run,running,RUNNING,3.387,15.59,15.56,160.0,174.0,59.6,2.5,0.0
2024-09-02,run,track_running,RUNNING,5.83,32.83,27.54,154.0,206.0,180.9,2.9,3.1
2024-09-02,run,running,RUNNING,1.665,8.46,8.43,134.0,169.0,25.0,1.7,0.0
2024-09-02,other,yoga,TRAINING,0.0,34.08,34.08,95.0,119.0,2.5,0.1,0.0
2024-09-03,run,running,RUNNING,10.127,46.59,46.55,159.0,172.0,112.7,3.2,0.0
2024-09-04,run,running,RUNNING,8.19,40.64,40.58,154.0,168.0,73.2,2.8,0.0
2024-09-04,run,running,RUNNING,5.766,32.21,32.08,138.0,155.0,40.0,2.2,0.0
2024-09-04,other,yoga,TRAINING,0.0,31.85,31.85,89.0,112.0,1.7,0.1,0.0
2024-09-05,run,running,RUNNING,2.599,12.01,11.95,153.0,163.0,39.7,2.2,0.0
2024-09-05,run,running,RUNNING,5.369,25.92,25.86,149.0,165.0,60.8,2.4,0.5
2024-09-05,other,yoga,TRAINING,0.0,20.89,20.89,71.0,98.0,0.6,0.0,0.0
2024-09-07,run,running,RUNNING,5.008,25.83,25.77,151.0,164.0,49.7,2.4,0.0
2024-09-07,run,running,RUNNING,1.595,12.31,12.16,141.0,170.0,31.0,1.4,0.9
2024-09-07,other,yoga,TRAINING,0.0,11.83,11.83,78.0,109.0,0.8,0.0,0.0
2024-09-08,run,running,RUNNING,2.226,11.19,11.18,149.0,161.0,27.7,2.0,0.0
2024-09-08,run,running,RUNNING,2.961,14.03,13.98,158.0,172.0,44.9,2.3,0.0
2024-09-08,run,track_running,RUNNING,5.01,16.27,16.23,196.0,209.0,208.4,3.7,2.4
2024-09-08,other,yoga,TRAINING,0.0,24.19,24.19,86.0,142.0,1.3,0.0,0.0
2024-09-09,run,running,RUNNING,5.634,30.52,30.44,146.0,158.0,42.3,2.2,0.0
2024-09-09,run,running,RUNNING,10.549,47.11,46.95,162.0,179.0,118.6,3.3,0.0
2024-09-09,other,yoga,TRAINING,0.0,33.25,33.25,83.0,119.0,1.1,0.0,0.0
2024-09-10,run,running,RUNNING,2.158,11.79,11.78,136.0,150.0,18.6,1.3,0.0
2024-09-10,run,running,RUNNING,3.332,14.91,14.88,159.0,172.0,54.7,2.4,0.0
2024-09-10,run,track_running,RUNNING,5.19,29.81,23.28,159.0,202.0,163.0,2.8,3.0
2024-09-10,run,running,RUNNING,0.503,3.23,2.97,138.0,147.0,4.2,0.3,0.0
2024-09-10,other,yoga,TRAINING,0.0,31.62,31.62,94.0,123.0,7.5,0.1,0.3
2024-09-11,run,running,RUNNING,10.652,52.01,51.96,144.0,156.0,68.3,2.7,0.0
2024-09-11,other,yoga,TRAINING,0.0,23.5,23.5,83.0,112.0,1.3,0.0,0.0
2024-09-12,run,running,RUNNING,3.39,15.22,15.21,134.0,156.0,31.9,2.0,0.0
2024-09-12,run,track_running,RUNNING,3.24,22.63,19.54,143.0,169.0,176.1,2.0,3.5
2024-09-12,run,running,RUNNING,1.686,9.25,9.08,146.0,158.0,18.8,1.3,0.0
2024-09-12,other,yoga,TRAINING,0.0,35.24,35.24,78.0,103.0,1.1,0.0,0.0
2024-09-13,run,running,RUNNING,6.605,32.43,32.18,144.0,155.0,51.0,2.4,0.0
2024-09-13,other,yoga,TRAINING,0.0,38.05,38.05,74.0,122.0,0.9,0.0,0.0
2024-09-14,run,running,RUNNING,5.024,26.4,26.37,143.0,157.0,42.1,2.2,0.0
2024-09-14,run,running,RUNNING,2.042,15.18,14.99,127.0,155.0,16.7,1.0,0.1
2024-09-15,run,running,RUNNING,1.843,10.63,10.42,138.0,153.0,17.4,1.2,0.0
2024-09-15,run,running,RUNNING,3.418,16.55,16.53,141.0,163.0,35.5,2.1,0.0
2024-09-15,run,running,RUNNING,5.128,16.53,16.47,128.0,203.0,59.2,2.0,1.8
2024-09-15,run,running,RUNNING,4.042,24.06,23.96,139.0,176.0,55.6,2.0,1.9
2024-09-16,run,running,RUNNING,11.505,52.0,51.94,150.0,174.0,123.2,3.2,0.8
2024-09-16,other,yoga,TRAINING,0.0,33.2,33.2,80.0,112.0,1.2,0.0,0.0
2024-09-17,run,running,RUNNING,13.819,66.96,66.78,147.0,158.0,93.2,3.0,0.0
2024-09-17,other,yoga,TRAINING,0.0,36.3,36.3,87.0,117.0,1.5,0.1,0.0
2024-09-18,run,running,RUNNING,3.339,14.71,14.7,154.0,166.0,52.3,2.4,0.0
2024-09-18,run,track_running,RUNNING,4.81,26.11,25.63,145.0,176.0,190.5,2.2,3.5
2024-09-18,run,running,RUNNING,1.044,6.14,5.9,146.0,155.0,11.1,0.7,0.0
2024-09-18,other,yoga,TRAINING,0.0,27.04,27.04,86.0,111.0,1.2,0.0,0.0
2024-09-19,run,running,RUNNING,10.027,51.03,50.79,141.0,152.0,59.0,2.5,0.1
2024-09-19,other,yoga,TRAINING,0.0,14.75,14.75,76.0,98.0,0.7,0.0,0.0
2024-09-20,run,running,RUNNING,3.482,15.17,15.14,156.0,173.0,50.3,2.4,0.0
2024-09-20,run,running,RUNNING,5.794,30.56,29.56,154.0,204.0,135.3,3.2,1.9
2024-09-21,run,running,RUNNING,16.753,80.84,80.66,155.0,176.0,128.7,3.4,0.0
2024-09-21,other,strength_training,TRAINING,0.0,95.13,15.71,83.0,144.0,4.4,0.3,0.0
2024-09-22,bike,mountain_biking,CYCLING,31.425,87.53,87.31,137.0,174.0,63.1,2.4,0.8
2024-09-22,other,yoga,TRAINING,0.0,36.64,36.64,84.0,112.0,1.2,0.0,0.0
2024-09-23,run,running,RUNNING,3.356,14.56,14.54,155.0,170.0,48.9,2.3,0.0
2024-09-23,run,track_running,RUNNING,6.41,29.14,25.76,176.0,207.0,215.9,3.4,3.0
2024-09-23,run,running,RUNNING,2.06,11.38,11.3,145.0,160.0,18.7,1.3,0.0
2024-09-23,other,yoga,TRAINING,0.0,38.01,38.01,94.0,116.0,2.4,0.1,0.0
2024-09-24,run,running,RUNNING,10.735,46.32,46.21,158.0,172.0,121.1,3.3,0.1
2024-09-24,other,yoga,TRAINING,0.0,36.58,36.58,81.0,113.0,1.4,0.1,0.0
2024-09-25,run,running,RUNNING,3.351,14.8,14.77,160.0,173.0,58.1,2.5,0.0
2024-09-25,run,track_running,RUNNING,6.05,39.69,31.43,155.0,199.0,158.5,2.6,3.1
2024-09-25,run,running,RUNNING,2.101,11.61,11.57,146.0,153.0,19.9,1.4,0.0
2024-09-25,other,yoga,TRAINING,0.0,36.43,36.43,89.0,159.0,1.9,0.1,0.0
2024-09-26,run,running,RUNNING,9.162,49.5,49.38,138.0,153.0,53.2,2.4,0.0
2024-09-27,run,running,RUNNING,3.226,15.18,15.14,148.0,163.0,34.1,2.1,0.0
2024-09-27,run,running,RUNNING,5.805,29.67,29.4,155.0,196.0,132.9,3.1,2.0
2024-09-27,run,running,RUNNING,2.683,15.61,15.53,137.0,151.0,20.5,1.4,0.0
2024-09-29,run,running,RUNNING,7.01,36.2,36.16,145.0,158.0,56.3,2.5,0.0
2024-09-29,other,yoga,TRAINING,0.0,35.51,35.51,83.0,117.0,1.5,0.1,0.0
2024-09-30,run,running,RUNNING,3.337,14.77,14.74,156.0,167.0,53.7,2.5,0.0
2024-09-30,run,track_running,RUNNING,6.35,27.67,23.99,151.0,202.0,128.0,2.7,2.5
2024-09-30,run,running,RUNNING,0.526,3.43,2.88,135.0,147.0,5.8,0.4,0.0
2024-09-30,run,running,RUNNING,0.477,2.41,2.4,142.0,152.0,5.4,0.3,0.0
2024-09-30,other,yoga,TRAINING,0.0,35.26,35.26,89.0,116.0,2.0,0.1,0.0
2024-10-01,run,running,RUNNING,10.282,52.86,52.62,138.0,150.0,59.9,2.5,0.0
2024-10-01,other,yoga,TRAINING,0.0,23.43,23.43,83.0,118.0,1.6,0.1,0.0
2024-10-03,other,yoga,TRAINING,0.0,22.55,22.55,82.0,106.0,1.0,0.0,0.0
2024-10-04,run,running,RUNNING,4.491,23.19,22.91,147.0,163.0,43.0,2.3,0.0
2024-10-05,run,running,RUNNING,3.088,15.52,15.43,144.0,157.0,35.7,2.1,0.0
2024-10-05,run,running,RUNNING,1.736,12.19,11.66,123.0,142.0,23.0,0.9,0.7
2024-10-06,run,running,RUNNING,2.449,13.09,13.08,156.0,169.0,33.1,2.1,0.0
2024-10-06,run,running,RUNNING,10.088,34.24,34.17,200.0,210.0,439.2,5.0,2.9
2024-10-06,run,running,RUNNING,1.322,10.85,10.3,137.0,160.0,13.0,0.9,0.0
2024-10-07,other,yoga,TRAINING,0.0,29.83,29.83,82.0,105.0,1.2,0.0,0.0
2024-10-08,run,running,RUNNING,7.624,38.78,38.72,153.0,162.0,58.0,2.5,0.0
2024-10-08,other,yoga,TRAINING,0.0,11.87,11.87,87.0,114.0,1.2,0.0,0.0
2024-10-09,run,running,RUNNING,3.33,14.7,14.66,146.0,166.0,39.9,2.2,0.0
2024-10-09,run,track_running,RUNNING,3.14,18.71,16.48,148.0,178.0,142.3,2.2,3.2
2024-10-09,run,running,RUNNING,1.734,9.57,9.55,150.0,164.0,19.2,1.4,0.0
2024-10-09,other,yoga,TRAINING,0.0,35.54,35.54,85.0,116.0,1.4,0.1,0.0
2024-10-10,run,running,RUNNING,7.215,40.82,40.79,135.0,148.0,39.1,2.2,0.0
2024-10-11,run,running,RUNNING,3.467,15.58,15.55,162.0,172.0,61.7,2.6,0.0
2024-10-11,run,running,RUNNING,5.695,30.76,29.77,152.0,182.0,112.0,2.9,2.1
2024-10-11,run,running,RUNNING,0.45,2.43,2.43,136.0,150.0,4.1,0.3,0.0
2024-10-12,run,running,RUNNING,8.424,40.7,40.61,150.0,165.0,66.6,2.7,0.0
2024-10-13,other,yoga,TRAINING,0.0,30.81,30.81,77.0,106.0,1.0,0.0,0.0
2024-10-14,run,running,RUNNING,3.36,14.76,14.74,161.0,170.0,58.3,2.5,0.0
2024-10-14,run,running,RUNNING,4.329,27.11,18.55,152.0,189.0,135.8,2.4,3.0
2024-10-14,run,running,RUNNING,2.485,11.92,11.88,152.0,169.0,38.2,2.2,0.0
2024-10-14,other,yoga,TRAINING,0.0,25.08,25.08,88.0,114.0,1.7,0.1,0.0
2024-10-15,run,running,RUNNING,1.553,8.88,8.85,137.0,148.0,15.8,1.1,0.0
2024-10-15,run,running,RUNNING,6.52,33.26,33.24,149.0,165.0,63.4,2.6,0.0
2024-10-17,other,yoga,TRAINING,0.0,24.82,24.82,79.0,112.0,1.1,0.0,0.0
2024-10-18,run,running,RUNNING,6.208,32.72,32.68,148.0,160.0,53.5,2.5,0.0
2024-10-19,run,running,RUNNING,8.024,40.35,40.3,156.0,168.0,70.7,2.9,0.0
2024-10-20,run,running,RUNNING,7.546,40.02,39.96,147.0,162.0,57.5,2.6,0.0
2024-10-20,other,yoga,TRAINING,0.0,36.72,36.72,79.0,113.0,1.2,0.0,0.0
2024-10-21,run,running,RUNNING,3.332,14.83,14.8,157.0,181.0,54.5,2.5,0.0
2024-10-21,run,track_running,RUNNING,4.9,31.4,23.64,153.0,193.0,154.3,2.7,3.1
2024-10-21,run,running,RUNNING,0.529,3.36,3.33,139.0,150.0,5.4,0.4,0.0
2024-10-21,other,yoga,TRAINING,0.0,34.51,34.51,91.0,167.0,1.9,0.1,0.0
2024-10-22,run,running,RUNNING,10.334,50.34,50.3,151.0,163.0,82.6,3.0,0.0
2024-10-23,run,running,RUNNING,3.239,15.02,15.0,154.0,166.0,40.7,2.3,0.0
2024-10-23,run,running,RUNNING,5.682,26.17,26.08,164.0,196.0,96.0,3.0,1.3
2024-10-23,run,running,RUNNING,3.266,17.2,17.08,144.0,156.0,30.8,2.1,0.0
2024-10-24,run,running,RUNNING,9.007,45.48,45.39,147.0,160.0,67.9,2.8,0.0
2024-10-24,other,yoga,TRAINING,0.0,20.83,20.83,85.0,106.0,1.2,0.1,0.0
2024-10-25,run,running,RUNNING,3.341,15.1,15.07,157.0,172.0,56.3,2.6,0.0
2024-10-25,run,track_running,RUNNING,3.56,21.31,19.8,145.0,182.0,148.3,2.1,3.4
2024-10-25,run,running,RUNNING,1.034,5.36,5.33,153.0,161.0,15.6,1.2,0.0
2024-10-26,run,running,RUNNING,12.402,60.27,60.13,154.0,165.0,90.8,3.1,0.0
2024-10-27,other,yoga,TRAINING,0.0,41.23,41.23,78.0,111.0,1.2,0.0,0.0
2024-10-28,run,running,RUNNING,3.322,15.32,15.28,152.0,171.0,50.3,2.4,0.0
2024-10-28,run,track_running,RUNNING,5.85,35.74,27.39,154.0,199.0,236.1,3.0,3.8
2024-10-28,other,yoga,TRAINING,0.0,32.7,32.7,94.0,117.0,2.5,0.1,0.0
2024-10-29,run,running,RUNNING,9.531,40.53,40.45,166.0,177.0,148.0,3.7,0.0
2024-10-30,run,running,RUNNING,3.355,14.97,14.93,159.0,176.0,56.5,2.5,0.0
2024-10-30,run,track_running,RUNNING,7.8,37.82,34.72,149.0,190.0,168.1,2.6,3.2
2024-10-30,run,running,RUNNING,1.161,6.53,6.5,151.0,163.0,13.4,1.0,0.0
2024-10-30,other,yoga,TRAINING,0.0,17.45,17.45,104.0,120.0,3.0,0.2,0.0
2024-10-30,other,yoga,TRAINING,0.0,27.43,27.43,90.0,118.0,2.3,0.1,0.0
2024-10-31,run,running,RUNNING,12.241,62.33,62.21,143.0,155.0,78.6,2.9,0.0
2024-10-31,other,yoga,TRAINING,0.0,34.97,34.97,77.0,114.0,1.2,0.0,0.0
2024-11-01,run,running,RUNNING,3.555,16.05,16.03,158.0,170.0,61.6,2.6,0.0
2024-11-01,run,running,RUNNING,7.588,35.64,32.15,164.0,203.0,201.1,3.6,2.4
2024-11-01,run,running,RUNNING,1.507,8.36,8.25,151.0,159.0,19.7,1.4,0.0
2024-11-03,run,running,RUNNING,14.269,69.41,69.35,157.0,169.0,132.9,3.5,0.0
2024-11-03,other,yoga,TRAINING,0.0,31.24,31.24,82.0,114.0,1.8,0.1,0.0
2024-11-04,run,running,RUNNING,3.024,13.84,13.6,149.0,160.0,42.0,2.2,0.0
2024-11-04,run,track_running,RUNNING,7.38,36.27,34.27,148.0,170.0,174.1,2.6,3.3
2024-11-04,run,running,RUNNING,1.709,9.64,9.58,146.0,153.0,21.3,1.5,0.0
2024-11-04,other,yoga,TRAINING,0.0,31.84,31.84,92.0,119.0,2.0,0.1,0.0
2024-11-05,run,running,RUNNING,11.178,54.77,54.66,147.0,160.0,81.7,3.0,0.0
2024-11-05,other,yoga,TRAINING,0.0,32.84,32.84,82.0,110.0,1.4,0.1,0.0
2024-11-06,run,running,RUNNING,3.425,15.25,15.18,159.0,164.0,54.9,2.5,0.0
2024-11-06,run,track_running,RUNNING,4.76,26.46,25.85,149.0,182.0,213.3,2.5,3.7
2024-11-06,run,running,RUNNING,1.664,10.05,9.95,146.0,152.0,17.1,1.2,0.0
2024-11-06,other,yoga,TRAINING,0.0,38.92,38.92,92.0,113.0,2.1,0.1,0.0
2024-11-07,run,running,RUNNING,11.026,55.55,55.44,146.0,161.0,83.9,3.0,0.0
2024-11-08,run,running,RUNNING,3.504,15.42,15.41,154.0,177.0,52.5,2.4,0.0
2024-11-08,run,running,RUNNING,6.392,38.05,36.44,146.0,188.0,130.4,3.1,2.2
2024-11-08,run,running,RUNNING,1.748,9.35,9.34,141.0,149.0,20.9,1.5,0.0
2024-11-08,other,yoga,TRAINING,0.0,36.03,36.03,90.0,116.0,2.5,0.1,0.0
2024-11-09,run,running,RUNNING,8.269,44.85,44.48,141.0,163.0,53.3,2.5,0.0
2024-11-09,other,yoga,TRAINING,0.0,25.02,25.02,83.0,118.0,1.3,0.1,0.0
2024-11-10,run,running,RUNNING,6.024,31.26,31.22,148.0,162.0,46.8,2.3,0.0
2024-11-11,run,running,RUNNING,3.344,15.33,15.3,156.0,168.0,53.9,2.5,0.0
2024-11-11,run,track_running,RUNNING,7.79,37.03,34.66,142.0,168.0,147.6,2.5,3.1
2024-11-11,run,running,RUNNING,2.147,11.83,11.8,163.0,170.0,33.5,2.1,0.0
2024-11-11,other,yoga,TRAINING,0.0,34.55,34.55,92.0,112.0,2.1,0.1,0.0
2024-11-12,run,running,RUNNING,3.517,15.74,15.61,148.0,154.0,50.9,2.4,0.0
2024-11-12,other,yoga,TRAINING,0.0,33.48,33.48,78.0,108.0,1.2,0.0,0.0
2024-11-13,run,running,RUNNING,3.362,15.23,15.21,129.0,141.0,27.5,2.0,0.0
2024-11-13,run,track_running,RUNNING,2.63,16.19,13.82,117.0,144.0,142.8,0.7,3.5
2024-11-13,run,running,RUNNING,2.677,13.96,13.9,153.0,161.0,38.0,2.1,0.0
2024-11-13,other,yoga,TRAINING,0.0,25.49,25.49,91.0,111.0,2.1,0.1,0.0
2024-11-14,run,running,RUNNING,8.831,47.48,47.34,141.0,154.0,59.4,2.5,0.0
2024-11-14,other,yoga,TRAINING,0.0,30.58,30.58,77.0,112.0,1.1,0.0,0.0
2024-11-15,run,running,RUNNING,7.401,35.88,35.77,157.0,175.0,95.9,3.1,0.0
2024-11-16,run,running,RUNNING,6.622,38.99,38.61,139.0,168.0,62.1,2.4,0.5
2024-11-17,run,running,RUNNING,2.968,14.1,14.02,146.0,157.0,49.0,2.2,0.5
2024-11-17,run,running,RUNNING,5.098,18.17,18.12,185.0,208.0,153.0,3.4,1.7
2024-11-17,run,running,RUNNING,1.794,10.0,9.98,149.0,157.0,19.6,1.4,0.0
2024-11-17,other,yoga,TRAINING,0.0,29.03,29.03,83.0,109.0,1.2,0.0,0.0
2024-11-18,run,running,RUNNING,13.067,66.01,65.82,147.0,158.0,86.7,3.0,0.0
2024-11-18,other,yoga,TRAINING,0.0,23.78,23.78,79.0,108.0,1.1,0.0,0.0
2024-11-19,run,running,RUNNING,6.145,26.72,26.54,159.0,174.0,95.1,3.1,0.0
2024-11-20,run,running,RUNNING,3.373,15.17,15.14,157.0,165.0,51.3,2.4,0.0
2024-11-20,run,track_running,RUNNING,7.74,37.33,32.5,146.0,170.0,155.6,2.3,3.2
2024-11-20,run,running,RUNNING,2.104,11.3,11.28,159.0,170.0,31.2,2.0,0.0
2024-11-20,other,yoga,TRAINING,0.0,30.01,30.01,102.0,154.0,13.8,0.4,0.5
2024-11-21,run,running,RUNNING,9.487,41.82,41.52,161.0,174.0,110.8,3.2,0.0
2024-11-22,run,running,RUNNING,2.405,13.0,12.97,143.0,152.0,22.9,1.6,0.0
2024-11-22,run,running,RUNNING,3.364,15.08,15.03,139.0,159.0,31.3,2.0,0.0
2024-11-22,run,track_running,RUNNING,4.72,26.36,26.19,130.0,157.0,133.6,1.5,3.2
2024-11-22,run,running,RUNNING,2.127,12.43,12.4,150.0,159.0,18.4,1.3,0.0
2024-11-22,other,yoga,TRAINING,0.0,32.06,32.06,91.0,123.0,2.2,0.1,0.0
2024-11-24,run,running,RUNNING,17.698,87.72,87.67,154.0,169.0,114.1,3.2,0.0
2024-11-24,other,yoga,TRAINING,0.0,34.13,34.13,74.0,103.0,1.1,0.0,0.0
2024-11-25,run,running,RUNNING,3.318,14.92,14.75,133.0,144.0,29.4,2.0,0.0
2024-11-25,run,track_running,RUNNING,8.09,41.69,36.22,131.0,175.0,162.0,2.0,3.4
2024-11-25,run,running,RUNNING,1.688,9.39,9.33,164.0,170.0,26.9,1.9,0.0
2024-11-25,other,yoga,TRAINING,0.0,19.91,19.91,80.0,107.0,1.1,0.0,0.0
2024-11-26,run,running,RUNNING,6.202,27.03,26.98,132.0,147.0,36.6,2.1,0.0
2024-11-26,other,yoga,TRAINING,0.0,39.29,39.29,82.0,108.0,1.3,0.0,0.0
2024-11-27,run,running,RUNNING,3.354,14.98,14.95,138.0,144.0,30.8,2.0,0.0
2024-11-27,run,track_running,RUNNING,4.01,22.0,21.73,106.0,129.0,64.4,0.9,2.4
2024-11-27,run,running,RUNNING,2.204,13.07,12.97,129.0,135.0,14.4,1.0,0.0
2024-11-27,other,yoga,TRAINING,0.0,9.4,9.4,81.0,99.0,0.7,0.0,0.0
2024-11-28,run,running,RUNNING,8.74,37.73,37.69,159.0,172.0,125.0,3.3,0.2
2024-11-29,run,running,RUNNING,9.029,48.69,48.64,143.0,154.0,55.2,2.5,0.0
2024-11-29,other,yoga,TRAINING,0.0,26.68,26.68,76.0,100.0,1.0,0.0,0.0
2024-11-30,run,running,RUNNING,6.03,30.98,30.67,146.0,160.0,55.2,2.5,0.0
2024-11-30,run,running,RUNNING,1.79,13.07,12.21,127.0,144.0,22.8,0.8,0.7
2024-12-01,run,running,RUNNING,3.507,16.18,16.1,156.0,163.0,54.8,2.5,0.0
2024-12-01,run,running,RUNNING,5.309,18.29,18.23,160.0,171.0,93.0,2.8,1.6
2024-12-01,run,running,RUNNING,0.841,5.31,5.3,127.0,148.0,7.5,0.5,0.0
2024-12-01,other,yoga,TRAINING,0.0,34.75,34.75,76.0,109.0,1.2,0.0,0.0
2024-12-02,run,running,RUNNING,13.642,57.98,66.9,143.0,157.0,98.4,3.1,0.0
2024-12-03,run,running,RUNNING,9.406,40.61,40.54,156.0,173.0,122.8,3.4,0.0
2024-12-03,other,yoga,TRAINING,0.0,30.38,30.38,95.0,115.0,2.0,0.1,0.0
2024-12-04,run,running,RUNNING,3.374,15.17,15.14,147.0,157.0,43.1,2.3,0.0
2024-12-04,run,track_running,RUNNING,6.67,33.68,30.08,143.0,176.0,141.6,2.4,3.1
2024-12-04,run,running,RUNNING,1.743,11.05,10.98,125.0,136.0,10.7,0.8,0.0
2024-12-04,other,yoga,TRAINING,0.0,38.55,38.55,92.0,120.0,2.4,0.1,0.0
2024-12-05,run,running,RUNNING,10.296,46.83,46.58,151.0,167.0,105.8,3.2,0.0
2024-12-05,other,yoga,TRAINING,0.0,39.85,39.85,76.0,114.0,1.3,0.1,0.0
2024-12-06,run,treadmill_running,RUNNING,7.35,42.97,42.61,142.0,161.0,47.1,2.3,0.0
2024-12-06,other,yoga,TRAINING,0.0,27.87,27.87,73.0,103.0,0.8,0.0,0.0
2024-12-07,run,running,RUNNING,4.107,20.59,20.39,147.0,153.0,44.0,2.3,0.0
2024-12-07,run,running,RUNNING,2.003,14.6,14.58,142.0,176.0,30.2,1.8,0.4
2024-12-08,run,running,RUNNING,2.696,12.77,12.74,140.0,152.0,29.4,2.0,0.0
2024-12-08,run,running,RUNNING,4.814,17.76,17.73,182.0,207.0,219.6,3.6,2.9
2024-12-08,run,running,RUNNING,2.077,11.63,11.59,141.0,156.0,20.6,1.5,0.0
2024-12-08,other,yoga,TRAINING,0.0,33.76,33.76,80.0,102.0,1.1,0.0,0.0
2024-12-09,run,running,RUNNING,10.039,50.03,49.89,144.0,159.0,71.2,2.8,0.0
2024-12-09,other,yoga,TRAINING,0.0,23.4,23.4,82.0,104.0,1.1,0.0,0.0
2024-12-10,run,running,RUNNING,9.593,41.24,41.17,158.0,172.0,133.4,3.5,0.0
2024-12-10,other,yoga,TRAINING,0.0,22.87,22.87,96.0,125.0,3.0,0.2,0.0
2024-12-11,run,running,RUNNING,2.507,13.73,13.69,138.0,146.0,23.0,1.7,0.0
2024-12-11,run,running,RUNNING,3.374,15.19,15.17,142.0,151.0,37.9,2.2,0.0
2024-12-11,run,track_running,RUNNING,7.69,37.32,30.98,141.0,166.0,146.1,2.3,3.2
2024-12-11,run,running,RUNNING,2.111,11.67,11.57,135.0,145.0,18.0,1.3,0.0
2024-12-11,other,yoga,TRAINING,0.0,20.17,20.17,85.0,130.0,1.8,0.1,0.0
2024-12-12,run,running,RUNNING,10.429,47.25,47.17,152.0,167.0,112.9,3.3,0.0
2024-12-12,other,yoga,TRAINING,0.0,28.89,28.89,81.0,104.0,1.2,0.0,0.0
2024-12-13,run,running,RUNNING,10.447,50.53,50.47,144.0,153.0,91.8,2.9,1.2
2024-12-14,run,running,RUNNING,3.32,17.03,16.97,145.0,166.0,33.2,2.1,0.0
2024-12-14,run,running,RUNNING,5.028,20.24,20.23,185.0,195.0,111.7,3.3,0.0
2024-12-14,run,running,RUNNING,1.86,10.57,10.55,146.0,155.0,17.6,1.2,0.0
2024-12-14,other,yoga,TRAINING,0.0,22.52,22.52,79.0,102.0,1.2,0.0,0.0
2024-12-15,run,running,RUNNING,11.424,62.32,62.27,160.0,181.0,90.5,3.1,0.0
2024-12-15,other,yoga,TRAINING,0.0,37.74,37.74,81.0,110.0,1.6,0.1,0.0
2024-12-16,run,running,RUNNING,3.351,14.53,14.5,158.0,175.0,57.5,2.5,0.0
2024-12-16,run,track_running,RUNNING,6.52,30.56,27.62,151.0,178.0,122.9,2.8,2.4
2024-12-16,run,running,RUNNING,2.157,11.68,11.67,143.0,151.0,24.1,1.7,0.0
2024-12-16,other,yoga,TRAINING,0.0,35.88,35.88,79.0,119.0,1.6,0.1,0.0
2024-12-17,run,running,RUNNING,8.834,38.9,38.76,147.0,160.0,64.6,2.7,0.0
2024-12-17,other,yoga,TRAINING,0.0,24.32,24.32,74.0,99.0,0.9,0.0,0.0
2024-12-18,run,running,RUNNING,3.54,17.12,17.03,139.0,148.0,34.5,2.1,0.0
2024-12-18,run,track_running,RUNNING,4.26,30.71,25.36,122.0,150.0,97.6,1.1,3.0
2024-12-18,run,running,RUNNING,1.658,10.24,9.72,135.0,144.0,14.1,1.0,0.0
2024-12-18,other,yoga,TRAINING,0.0,19.35,19.35,96.0,132.0,14.8,0.5,0.5
2024-12-20,run,running,RUNNING,11.513,62.47,62.42,157.0,175.0,104.2,3.2,0.0
2024-12-20,other,yoga,TRAINING,0.0,25.54,25.54,101.0,136.0,3.7,0.2,0.0
2024-12-21,run,running,RUNNING,4.051,20.73,20.7,140.0,155.0,32.5,2.1,0.0
2024-12-21,run,running,RUNNING,6.338,37.39,34.87,161.0,189.0,142.4,3.3,2.0
2024-12-21,run,running,RUNNING,4.261,25.03,25.01,135.0,157.0,26.7,2.0,0.0
2024-12-21,other,yoga,TRAINING,0.0,15.19,15.19,85.0,110.0,1.3,0.1,0.0
2024-12-22,run,running,RUNNING,8.912,51.36,50.7,156.0,172.0,94.4,3.1,0.0
2024-12-22,other,yoga,TRAINING,0.0,25.39,25.39,76.0,103.0,0.9,0.0,0.0
2024-12-23,other,cross_country_skiing_ws,CROSS_COUNTRY_SKIING,3.201,26.6,26.17,124.0,170.0,23.4,1.3,0.3
2024-12-24,run,running,RUNNING,4.117,22.84,22.8,141.0,169.0,31.0,2.0,0.0
2024-12-24,run,running,RUNNING,4.171,26.89,26.85,168.0,197.0,95.8,2.9,1.5
2024-12-24,run,running,RUNNING,4.113,27.06,27.01,137.0,177.0,26.4,1.9,0.0
2024-12-24,other,yoga,TRAINING,0.0,18.28,18.28,73.0,106.0,0.8,0.0,0.0
2024-12-25,run,running,RUNNING,16.293,90.0,89.93,154.0,178.0,115.0,3.3,0.0
2024-12-25,other,yoga,TRAINING,0.0,19.98,19.98,79.0,103.0,1.1,0.0,0.0
2024-12-26,run,running,RUNNING,11.278,61.76,61.69,139.0,154.0,73.4,2.8,0.0
2024-12-27,run,running,RUNNING,4.101,19.47,19.41,151.0,176.0,55.2,2.5,0.0
2024-12-27,run,track_running,RUNNING,7.19,38.31,35.27,158.0,199.0,201.9,3.2,3.1
2024-12-27,run,track_running,RUNNING,1.56,9.52,9.38,150.0,158.0,19.2,1.4,0.0
2024-12-27,other,yoga,TRAINING,0.0,18.22,18.22,80.0,126.0,1.1,0.0,0.0
2024-12-28,run,running,RUNNING,12.138,65.49,65.45,145.0,165.0,75.7,2.9,0.0
2024-12-29,run,running,RUNNING,8.291,40.02,39.94,147.0,162.0,71.8,2.8,0.0
2024-12-29,other,yoga,TRAINING,0.0,13.73,13.73,82.0,108.0,1.0,0.0,0.0
2024-12-30,run,running,RUNNING,3.335,14.63,14.6,149.0,156.0,47.9,2.4,0.0
2024-12-30,run,track_running,RUNNING,5.89,29.86,28.5,162.0,184.0,128.8,3.1,2.2
2024-12-30,run,running,RUNNING,1.647,9.48,9.42,141.0,148.0,15.3,1.1,0.0
2024-12-31,run,running,RUNNING,9.439,41.91,41.81,140.0,156.0,73.9,2.8,0.0
2024-12-31,other,strength_training,FITNESS_EQUIPMENT,0.0,26.6,3.67,114.0,149.0,18.1,0.7,0.5
2025-01-01,run,running,RUNNING,9.031,46.94,46.89,130.0,148.0,57.6,2.5,0.0
2025-01-02,run,running,RUNNING,3.053,13.86,13.81,148.0,160.0,44.1,2.3,0.0
2025-01-02,run,running,RUNNING,3.954,24.76,18.45,136.0,166.0,61.0,2.0,2.1
2025-01-02,run,running,RUNNING,1.122,5.81,5.77,142.0,159.0,13.7,1.0,0.0
2025-01-02,run,treadmill_running,RUNNING,5.55,35.12,19.82,171.0,183.0,98.9,3.1,0.6
2025-01-02,other,yoga,TRAINING,0.0,34.64,34.64,77.0,113.0,1.1,0.0,0.0
2025-01-03,run,running,RUNNING,9.553,50.09,50.06,139.0,150.0,57.2,2.5,0.0
2025-01-04,run,running,RUNNING,16.556,93.49,92.27,134.0,158.0,75.1,2.9,0.0
2025-01-06,run,running,RUNNING,3.065,15.27,15.18,150.0,165.0,41.1,2.2,0.0
2025-01-06,run,running,RUNNING,6.482,31.87,30.72,161.0,197.0,170.0,3.1,2.8
2025-01-06,run,running,RUNNING,1.398,8.94,8.92,130.0,139.0,11.4,0.8,0.0
2025-01-06,other,yoga,TRAINING,0.0,37.11,37.11,73.0,112.0,1.3,0.1,0.0
2025-01-07,run,running,RUNNING,10.097,43.25,43.2,160.0,174.0,144.8,3.6,0.0
2025-01-07,other,yoga,TRAINING,0.0,8.84,8.84,98.0,113.0,1.8,0.1,0.0
2025-01-07,other,yoga,TRAINING,0.0,29.25,29.25,79.0,113.0,1.5,0.1,0.0
2025-01-08,run,running,RUNNING,3.384,15.01,14.98,140.0,149.0,30.8,2.0,0.0
2025-01-08,run,running,RUNNING,4.157,22.1,21.91,136.0,161.0,110.7,1.8,3.0
2025-01-08,run,running,RUNNING,1.691,9.12,9.11,138.0,152.0,16.6,1.2,0.0
2025-01-08,other,yoga,TRAINING,0.0,26.47,26.47,84.0,108.0,1.6,0.1,0.0
2025-01-10,run,running,RUNNING,11.157,52.62,52.5,153.0,162.0,100.2,3.2,0.0
2025-01-10,other,yoga,TRAINING,0.0,18.72,18.72,86.0,118.0,1.6,0.1,0.0
2025-01-11,run,running,RUNNING,4.499,21.43,21.32,152.0,164.0,61.3,2.6,0.0
2025-01-11,run,running,RUNNING,1.705,13.08,13.0,115.0,134.0,8.6,0.6,0.0
2025-01-11,other,yoga,TRAINING,0.0,25.13,25.13,75.0,97.0,0.9,0.0,0.0
2025-01-12,run,track_running,RUNNING,3.3,15.13,15.12,155.0,163.0,53.8,2.5,0.0
2025-01-12,run,track_running,RUNNING,6.6,25.03,24.98,162.0,175.0,119.8,3.2,0.7
2025-01-12,run,running,RUNNING,1.789,11.84,11.7,142.0,149.0,16.9,1.2,0.0
2025-01-12,other,yoga,TRAINING,0.0,58.26,58.26,77.0,113.0,1.3,0.0,0.0
2025-01-13,run,running,RUNNING,11.243,54.4,54.36,149.0,161.0,87.0,3.0,0.0
2025-01-13,other,yoga,TRAINING,0.0,40.84,40.84,71.0,111.0,1.3,0.1,0.0
2025-01-14,run,running,RUNNING,7.423,32.18,32.09,152.0,163.0,89.4,3.0,0.0
2025-01-14,other,strength_training,TRAINING,0.0,12.14,1.67,96.0,127.0,2.8,0.2,0.0
2025-01-14,other,yoga,TRAINING,0.0,24.83,24.83,73.0,102.0,1.0,0.0,0.0
2025-01-15,run,running,RUNNING,3.405,15.03,15.0,144.0,154.0,41.0,2.2,0.0
2025-01-15,run,track_running,RUNNING,4.23,26.2,20.18,125.0,162.0,88.8,2.0,2.6
2025-01-15,run,running,RUNNING,2.248,12.59,12.56,131.0,149.0,19.2,1.4,0.0
2025-01-15,other,yoga,TRAINING,0.0,9.09,9.09,89.0,110.0,1.7,0.1,0.0
2025-01-16,run,running,RUNNING,8.071,40.68,40.64,145.0,158.0,69.9,2.8,0.0
2025-01-16,other,yoga,TRAINING,0.0,27.17,27.17,75.0,109.0,1.0,0.0,0.0
2025-01-17,run,running,RUNNING,5.023,24.37,24.06,152.0,165.0,70.0,2.8,0.0
2025-01-17,run,running,RUNNING,1.691,12.57,12.32,140.0,161.0,26.2,1.8,0.1
2025-01-17,other,yoga,TRAINING,0.0,11.5,11.5,86.0,104.0,1.3,0.0,0.0
2025-01-18,run,running,RUNNING,3.568,16.85,16.83,162.0,178.0,61.0,2.6,0.0
2025-01-18,run,running,RUNNING,1.743,10.74,10.13,136.0,155.0,17.1,1.1,0.1
2025-01-18,run,running,RUNNING,3.0,9.2,9.2,,,,,
2025-01-19,run,treadmill_running,RUNNING,6.221,37.64,36.44,140.0,154.0,50.7,2.4,0.0
2025-01-19,other,yoga,TRAINING,0.0,9.42,9.42,80.0,99.0,0.9,0.0,0.0
2025-01-19,other,yoga,TRAINING,0.0,15.04,15.04,76.0,96.0,1.3,0.1,0.0
2025-01-20,run,running,RUNNING,12.316,58.79,58.73,151.0,162.0,106.8,3.2,0.0
2025-01-20,other,yoga,TRAINING,0.0,22.65,22.65,79.0,109.0,1.4,0.1,0.0
2025-01-21,run,running,RUNNING,3.383,15.07,14.96,172.0,183.0,69.5,2.8,0.0
2025-01-21,run,track_running,RUNNING,7.94,40.87,35.22,133.0,169.0,97.6,2.2,2.6
2025-01-21,run,running,RUNNING,2.144,12.13,12.11,134.0,146.0,17.1,1.2,0.0
2025-01-21,other,yoga,TRAINING,0.0,22.15,22.15,79.0,105.0,1.2,0.0,0.0
2025-01-22,run,treadmill_running,RUNNING,6.511,40.25,38.18,141.0,154.0,46.3,2.3,0.0
2025-01-23,run,running,RUNNING,3.37,15.37,15.17,136.0,145.0,25.5,1.9,0.0
2025-01-23,run,track_running,RUNNING,4.83,26.18,23.13,148.0,180.0,154.6,2.6,3.1
2025-01-23,run,running,RUNNING,2.237,13.26,13.23,131.0,138.0,16.6,1.2,0.0
2025-01-24,run,running,RUNNING,11.314,55.65,55.5,149.0,161.0,94.9,3.1,0.0
2025-01-24,other,yoga,TRAINING,0.0,38.06,38.06,74.0,107.0,1.1,0.0,0.0
2025-01-25,run,running,RUNNING,20.222,94.44,94.34,161.0,175.0,188.4,4.0,0.0
2025-01-25,other,yoga,TRAINING,0.0,19.91,19.91,82.0,104.0,1.6,0.1,0.0
2025-01-26,run,running,RUNNING,6.229,32.24,32.14,144.0,155.0,50.7,2.4,0.0
2025-01-26,other,yoga,TRAINING,0.0,31.81,31.81,75.0,109.0,1.1,0.0,0.0
2025-01-27,run,running,RUNNING,3.349,15.0,14.98,156.0,164.0,57.4,2.5,0.0
2025-01-27,run,track_running,RUNNING,7.75,39.79,33.22,140.0,173.0,149.5,2.4,3.1
2025-01-27,run,running,RUNNING,1.741,9.58,9.55,124.0,135.0,13.8,1.0,0.0
2025-01-28,run,running,RUNNING,12.277,60.08,60.02,140.0,166.0,81.3,3.0,0.0
2025-01-28,other,yoga,TRAINING,0.0,14.05,14.05,72.0,107.0,0.8,0.0,0.0
2025-01-29,run,running,RUNNING,3.743,17.07,17.05,147.0,165.0,47.4,2.3,0.0
2025-01-29,run,track_running,RUNNING,4.0,22.37,21.61,134.0,157.0,89.3,2.0,2.6
2025-01-29,run,running,RUNNING,2.661,15.59,15.57,132.0,142.0,20.5,1.5,0.0
2025-01-29,other,yoga,TRAINING,0.0,14.86,14.86,77.0,111.0,1.4,0.1,0.0
2025-01-29,other,yoga,TRAINING,0.0,11.31,11.31,75.0,106.0,0.8,0.0,0.0
2025-01-30,run,running,RUNNING,12.359,63.0,62.86,141.0,152.0,85.6,3.0,0.0
2025-01-30,other,yoga,TRAINING,0.0,27.55,27.55,73.0,104.0,0.9,0.0,0.0
2025-02-01,run,running,RUNNING,6.767,37.67,37.23,138.0,159.0,78.2,2.7,0.9
2025-02-01,other,yoga,TRAINING,0.0,31.87,31.87,80.0,108.0,1.4,0.1,0.0
2025-02-02,run,running,RUNNING,3.121,14.35,14.33,142.0,160.0,40.9,2.2,0.0
2025-02-02,run,running,RUNNING,7.907,29.61,29.56,164.0,180.0,123.8,3.3,0.2
2025-02-02,run,running,RUNNING,1.378,8.46,8.43,136.0,147.0,15.4,1.1,0.0
2025-02-02,other,yoga,TRAINING,0.0,22.34,22.34,84.0,116.0,1.8,0.1,0.0
2025-02-02,other,yoga,TRAINING,0.0,10.35,10.35,82.0,112.0,1.1,0.0,0.0
2025-02-03,run,running,RUNNING,11.022,53.29,53.25,145.0,157.0,84.8,3.0,0.0
2025-02-04,run,running,RUNNING,3.351,14.48,14.46,138.0,155.0,35.9,2.1,0.0
2025-02-04,run,track_running,RUNNING,4.68,26.24,20.86,135.0,170.0,103.1,2.2,2.7
2025-02-04,run,running,RUNNING,2.201,11.99,11.96,132.0,147.0,20.3,1.5,0.0
2025-02-04,other,yoga,TRAINING,0.0,15.83,15.83,101.0,124.0,4.0,0.3,0.0
2025-02-04,other,yoga,TRAINING,0.0,20.25,20.25,83.0,115.0,1.8,0.1,0.0
2025-02-05,run,running,RUNNING,12.294,60.06,59.93,141.0,154.0,79.7,2.9,0.0
2025-02-06,run,running,RUNNING,3.384,15.39,15.37,145.0,157.0,45.5,2.3,0.0
2025-02-06,run,track_running,RUNNING,1.46,9.71,6.2,123.0,143.0,61.0,0.6,2.4
2025-02-06,run,running,RUNNING,1.714,9.4,9.35,141.0,157.0,20.3,1.5,0.0
2025-02-08,run,running,RUNNING,6.818,38.33,38.11,142.0,163.0,79.8,2.8,0.4
2025-02-08,other,yoga,TRAINING,0.0,39.41,39.41,71.0,110.0,1.4,0.1,0.0
2025-02-09,run,running,RUNNING,3.136,14.89,14.73,143.0,156.0,37.8,2.2,0.0
2025-02-09,other,yoga,TRAINING,0.0,28.79,28.79,77.0,107.0,1.3,0.1,0.0
2025-02-10,run,running,RUNNING,12.261,60.54,60.44,149.0,172.0,99.9,3.2,0.0
2025-02-10,other,yoga,TRAINING,0.0,12.41,12.41,76.0,103.0,0.9,0.0,0.0
2025-02-11,run,running,RUNNING,3.391,14.85,14.83,145.0,156.0,46.6,2.4,0.0
2025-02-11,run,track_running,RUNNING,8.75,42.83,36.32,146.0,172.0,163.8,2.9,3.0
2025-02-11,run,running,RUNNING,2.129,11.52,11.45,153.0,164.0,29.7,2.0,0.0
2025-02-12,run,running,RUNNING,9.025,48.82,48.75,134.0,148.0,51.0,2.4,0.0
2025-02-12,other,strength_training,TRAINING,0.0,40.66,10.57,85.0,135.0,3.3,0.2,0.0
2025-02-12,other,yoga,TRAINING,0.0,14.01,14.01,82.0,104.0,1.3,0.1,0.0
2025-02-13,run,running,RUNNING,3.365,15.83,15.81,,,10.1,0.7,0.0
2025-02-13,run,track_running,RUNNING,1.48,10.87,6.4,,,19.6,0.1,1.3
2025-02-13,run,running,RUNNING,1.685,9.38,9.35,,,7.2,0.5,0.0
2025-02-13,other,yoga,TRAINING,0.0,15.72,15.72,86.0,105.0,1.4,0.1,0.0
2025-02-13,other,yoga,TRAINING,0.0,15.55,15.55,88.0,115.0,1.8,0.1,0.0
2025-02-15,other,yoga,TRAINING,0.0,17.42,17.42,77.0,107.0,1.2,0.0,0.0
2025-02-16,other,yoga,TRAINING,0.0,37.81,37.81,80.0,109.0,1.5,0.1,0.0
2025-02-17,other,yoga,TRAINING,0.0,18.98,18.98,78.0,103.0,1.2,0.0,0.0
2025-02-18,other,yoga,TRAINING,0.0,39.4,39.4,78.0,105.0,1.5,0.1,0.0
2025-02-19,other,yoga,TRAINING,0.0,22.26,22.26,78.0,112.0,1.2,0.1,0.0
2025-02-21,run,running,RUNNING,3.684,21.48,21.46,140.0,155.0,35.2,2.2,0.0
2025-02-22,bike,cycling,CYCLING,17.484,76.14,75.44,108.0,146.0,20.4,1.5,0.1
2025-02-22,run,running,RUNNING,7.158,34.59,34.54,162.0,175.0,111.7,3.4,0.0
2025-02-23,other,yoga,TRAINING,0.0,23.87,23.87,85.0,114.0,1.6,0.1,0.0
2025-02-24,run,running,RUNNING,3.496,16.29,16.26,159.0,179.0,57.4,2.7,0.0
2025-02-24,run,track_running,RUNNING,3.21,11.47,11.45,163.0,176.0,56.0,2.6,0.0
2025-02-24,run,running,RUNNING,1.54,8.13,8.08,137.0,151.0,18.4,1.5,0.0
2025-02-24,other,yoga,TRAINING,0.0,11.68,11.68,92.0,116.0,2.6,0.2,0.0
2025-02-25,other,yoga,TRAINING,0.0,22.32,22.32,91.0,121.0,2.4,0.2,0.0
2025-02-26,run,treadmill_running,RUNNING,5.632,35.04,34.75,135.0,160.0,52.6,2.6,0.0
2025-02-26,other,yoga,TRAINING,0.0,16.78,16.78,80.0,108.0,1.5,0.1,0.0
2025-02-27,run,running,RUNNING,7.154,34.52,34.42,157.0,168.0,93.0,3.2,0.0
2025-02-28,run,running,RUNNING,3.374,14.39,14.36,156.0,171.0,54.3,2.7,0.0
2025-02-28,run,running,RUNNING,3.809,17.9,17.87,136.0,147.0,37.8,2.3,0.0
2025-02-28,other,yoga,TRAINING,0.0,28.46,28.46,81.0,124.0,1.7,0.1,0.0
2025-03-01,run,running,RUNNING,6.185,25.06,25.03,182.0,199.0,166.1,4.0,0.7
2025-03-01,run,running,RUNNING,2.105,11.83,11.8,142.0,152.0,21.5,1.7,0.0
2025-03-01,other,yoga,TRAINING,0.0,41.38,41.38,83.0,122.0,2.2,0.1,0.0
2025-03-02,other,yoga,TRAINING,0.0,36.43,36.43,77.0,118.0,1.4,0.1,0.0
2025-03-03,run,running,RUNNING,3.342,15.2,15.04,143.0,156.0,44.7,2.4,0.0
2025-03-03,run,track_running,RUNNING,6.01,22.56,22.54,155.0,167.0,83.8,3.1,0.0
2025-03-03,other,yoga,TRAINING,0.0,30.6,30.6,81.0,121.0,1.7,0.1,0.0
2025-03-04,run,running,RUNNING,7.332,38.48,38.37,142.0,155.0,60.9,2.8,0.0
2025-03-05,run,running,RUNNING,3.368,14.93,14.89,155.0,179.0,51.3,2.6,0.0
2025-03-05,run,track_running,RUNNING,6.28,26.35,24.39,152.0,179.0,111.3,3.0,2.2
2025-03-05,other,yoga,TRAINING,0.0,26.69,26.69,85.0,121.0,2.4,0.2,0.0
2025-03-05,other,yoga,TRAINING,0.0,13.06,13.06,91.0,133.0,2.0,0.1,0.0
2025-03-06,other,yoga,TRAINING,0.0,24.4,24.4,75.0,102.0,1.2,0.1,0.0
2025-03-07,run,running,RUNNING,7.286,35.94,35.89,145.0,157.0,67.3,2.9,0.0
2025-03-07,other,yoga,TRAINING,0.0,34.11,34.11,76.0,115.0,1.8,0.1,0.0
2025-03-08,run,running,RUNNING,9.014,40.38,40.35,162.0,191.0,147.8,3.8,0.4
2025-03-08,run,running,RUNNING,1.419,8.25,8.22,136.0,145.0,14.4,1.1,0.0
2025-03-09,other,yoga,TRAINING,0.0,45.28,45.28,74.0,108.0,1.1,0.1,0.0
2025-03-10,run,running,RUNNING,7.385,36.15,36.12,153.0,166.0,92.8,3.2,0.0
2025-03-11,run,running,RUNNING,3.392,14.62,14.59,147.0,169.0,44.2,2.4,0.0
2025-03-11,run,track_running,RUNNING,5.86,30.47,28.17,137.0,161.0,82.9,2.5,2.3
2025-03-11,run,running,RUNNING,1.135,6.18,6.16,143.0,152.0,15.9,1.4,0.0
2025-03-11,other,yoga,TRAINING,0.0,29.84,29.84,89.0,117.0,2.8,0.2,0.0
2025-03-11,other,yoga,TRAINING,0.0,10.76,10.76,86.0,106.0,2.0,0.1,0.0
2025-03-12,run,treadmill_running,RUNNING,7.264,39.27,39.03,142.0,163.0,71.5,3.0,0.2
2025-03-13,run,running,RUNNING,3.362,14.68,14.66,161.0,176.0,63.5,2.9,0.0
2025-03-13,run,track_running,RUNNING,1.67,11.39,9.5,132.0,161.0,47.4,1.4,2.1
2025-03-13,run,running,RUNNING,1.047,5.41,5.39,146.0,163.0,18.7,1.5,0.0
2025-03-13,other,yoga,TRAINING,0.0,15.78,15.78,81.0,113.0,1.1,0.0,0.0
2025-03-14,run,running,RUNNING,5.063,24.08,24.05,152.0,165.0,64.2,2.8,0.0
2025-03-16,run,running,RUNNING,3.399,16.55,15.84,157.0,176.0,67.9,2.7,0.6
2025-03-16,run,running,RUNNING,8.106,29.67,29.62,175.0,209.0,238.2,4.2,2.5
2025-03-16,run,running,RUNNING,0.718,4.88,4.85,136.0,147.0,6.1,0.5,0.0
2025-03-17,bike,mountain_biking,CYCLING,34.322,111.24,111.21,149.0,183.0,120.2,3.2,2.0
2025-03-17,other,yoga,TRAINING,0.0,12.73,12.73,85.0,111.0,1.3,0.1,0.0
2025-03-18,run,running,RUNNING,10.227,44.21,44.13,151.0,173.0,87.6,3.1,0.0
2025-03-18,other,yoga,TRAINING,0.0,17.75,17.75,87.0,119.0,1.4,0.1,0.0
2025-03-19,run,running,RUNNING,3.482,15.28,15.18,143.0,167.0,34.0,2.1,0.0
2025-03-19,run,track_running,RUNNING,5.68,31.81,26.47,146.0,176.0,93.9,2.4,2.4
2025-03-21,run,running,RUNNING,7.345,35.19,35.16,159.0,177.0,83.5,3.0,0.0
2025-03-22,run,treadmill_running,RUNNING,7.37,41.47,41.1,149.0,165.0,54.2,2.5,0.0
2025-03-24,run,running,RUNNING,9.445,44.18,44.06,154.0,168.0,86.5,3.1,0.0
2025-03-25,run,running,RUNNING,10.195,51.21,50.8,151.0,172.0,78.5,3.0,0.0
2025-03-26,run,running,RUNNING,3.028,16.58,16.56,142.0,152.0,29.0,2.0,0.0
2025-03-27,run,running,RUNNING,8.179,42.33,42.2,142.3,158.0,52.8,2.5,0.0
2025-03-28,run,running,RUNNING,11.947,59.64,59.53,130.0,145.0,52.8,2.5,0.0
2025-03-31,other,yoga,TRAINING,0.0,43.17,43.17,77.0,117.0,1.3,0.1,0.0
2025-03-31,run,running,RUNNING,3.394,15.24,15.19,152.0,160.0,42.7,2.3,0.0
2025-03-31,run,track_running,RUNNING,4.83,26.2,22.41,141.0,170.0,104.0,2.1,2.9
2025-03-31,run,running,RUNNING,1.694,8.85,8.72,153.0,165.0,20.7,1.6,0.0
2025-04-01,run,running,RUNNING,10.759,52.69,52.61,146.0,160.0,70.8,2.9,0.0
2025-04-02,run,running,RUNNING,3.528,16.06,16.03,159.0,169.0,49.8,2.5,0.0
2025-04-02,run,track_running,RUNNING,5.63,28.29,26.01,139.0,176.0,72.5,2.3,2.2
2025-04-02,run,running,RUNNING,2.093,11.0,10.97,146.0,154.0,21.7,1.8,0.0
2025-04-02,other,yoga,TRAINING,0.0,32.08,32.08,97.0,128.0,2.7,0.2,0.0
2025-04-03,run,running,RUNNING,9.636,41.02,40.94,163.0,174.0,128.4,3.5,0.0
2025-04-03,other,strength_training,FITNESS_EQUIPMENT,0.0,11.95,1.71,115.0,147.0,12.6,0.5,0.4
2025-04-03,other,yoga,TRAINING,0.0,21.95,21.95,76.0,103.0,1.0,0.0,0.0
2025-04-03,other,yoga,TRAINING,0.0,18.91,18.91,82.0,110.0,1.2,0.1,0.0
2025-04-04,run,running,RUNNING,3.365,14.31,14.3,171.0,196.0,73.6,2.8,0.5
2025-04-04,run,track_running,RUNNING,4.11,30.35,24.49,139.0,181.0,120.5,2.1,3.1
2025-04-04,run,running,RUNNING,1.694,9.18,9.07,150.0,160.0,20.4,1.6,0.0
2025-04-04,other,yoga,TRAINING,0.0,15.79,15.79,90.0,125.0,1.7,0.1,0.0
2025-04-04,other,yoga,TRAINING,0.0,22.21,22.21,82.0,110.0,1.4,0.1,0.0
2025-04-05,run,running,RUNNING,13.145,64.21,64.15,161.0,170.0,111.7,3.3,0.0
2025-04-07,run,running,RUNNING,3.47,15.05,15.03,152.0,165.0,46.5,2.4,0.0
2025-04-07,run,track_running,RUNNING,5.85,30.63,28.99,141.0,185.0,129.5,2.3,3.1
2025-04-07,run,running,RUNNING,1.723,9.76,9.74,128.0,137.0,12.4,0.9,0.0
2025-04-07,other,yoga,TRAINING,0.0,35.66,35.66,82.0,114.0,1.8,0.1,0.0
2025-04-08,run,running,RUNNING,10.303,47.51,47.46,154.0,173.0,88.7,3.1,0.0
2025-04-08,other,yoga,TRAINING,0.0,25.7,25.7,78.0,105.0,1.2,0.0,0.0
2025-04-08,other,yoga,TRAINING,0.0,19.39,19.39,85.0,112.0,1.3,0.1,0.0
2025-04-09,run,running,RUNNING,3.24,14.83,14.8,156.0,168.0,47.6,2.4,0.0
2025-04-09,run,track_running,RUNNING,4.59,21.67,21.01,145.0,169.0,111.0,2.1,3.0
2025-04-09,run,running,RUNNING,1.896,10.21,10.19,136.0,156.0,16.9,1.3,0.0
2025-04-10,run,running,RUNNING,10.273,43.67,43.61,163.0,178.0,137.4,3.6,0.0
2025-04-10,other,strength_training,FITNESS_EQUIPMENT,0.0,18.18,2.6,113.0,156.0,24.2,0.5,1.3
2025-04-11,run,running,RUNNING,3.351,14.64,14.62,157.0,171.0,55.7,2.6,0.0
2025-04-11,run,track_running,RUNNING,4.52,27.25,22.8,145.0,176.0,155.3,2.4,3.3
2025-04-11,run,running,RUNNING,1.691,9.08,9.06,147.0,158.0,18.4,1.4,0.0
2025-04-11,other,yoga,TRAINING,0.0,20.9,20.9,84.0,101.0,1.3,0.1,0.0
2025-04-12,run,running,RUNNING,15.255,75.48,75.41,157.0,171.0,111.4,3.3,0.0
2025-04-12,other,yoga,TRAINING,0.0,33.53,33.53,90.0,113.0,2.0,0.1,0.0
2025-04-13,other,yoga,TRAINING,0.0,23.96,23.96,84.0,111.0,1.3,0.1,0.0
2025-04-13,other,yoga,TRAINING,0.0,14.18,14.18,75.0,109.0,0.9,0.0,0.0
2025-04-14,run,running,RUNNING,3.426,15.66,15.61,135.0,143.0,30.9,2.0,0.1
2025-04-14,run,track_running,RUNNING,5.69,31.21,25.23,141.0,169.0,109.7,2.3,2.8
2025-04-14,run,running,RUNNING,1.594,8.58,8.57,141.0,150.0,15.0,1.1,0.0
2025-04-15,run,running,RUNNING,8.25,37.44,37.29,164.0,175.0,115.7,3.4,0.0
2025-04-15,other,strength_training,TRAINING,0.0,10.52,1.4,120.0,150.0,10.4,0.5,0.2
2025-04-15,other,yoga,TRAINING,0.0,43.93,43.93,79.0,107.0,1.4,0.1,0.0
2025-04-15,other,yoga,TRAINING,0.0,6.21,6.21,88.0,108.0,1.0,0.0,0.0
2025-04-16,run,running,RUNNING,3.38,14.79,14.77,164.0,178.0,64.8,2.7,0.0
2025-04-16,run,running,RUNNING,4.928,29.64,24.13,145.0,181.0,166.4,2.5,3.3
2025-04-16,other,yoga,TRAINING,0.0,22.53,22.53,90.0,108.0,1.5,0.1,0.0
2025-04-17,run,running,RUNNING,10.021,48.85,48.77,154.0,163.0,84.2,3.0,0.0
2025-04-17,other,yoga,TRAINING,0.0,22.41,22.41,78.0,122.0,1.4,0.1,0.0
2025-04-18,run,running,RUNNING,3.389,14.96,14.94,171.0,196.0,91.6,2.9,1.4
2025-04-18,run,track_running,RUNNING,6.26,25.82,24.71,165.0,185.0,107.4,3.1,0.7
2025-04-18,run,running,RUNNING,1.181,7.61,7.55,139.0,151.0,9.7,0.7,0.0
2025-04-21,other,yoga,TRAINING,0.0,32.29,32.29,73.0,115.0,1.2,0.0,0.0
2025-04-22,run,running,RUNNING,1.388,7.06,7.03,144.0,159.0,22.5,1.7,0.0
2025-04-22,run,treadmill_running,RUNNING,5.03,26.95,26.02,131.0,167.0,32.8,2.1,0.0
2025-04-22,other,yoga,TRAINING,0.0,39.22,39.22,78.0,105.0,1.1,0.0,0.0
2025-04-23,run,running,RUNNING,10.033,48.15,48.07,151.0,162.0,79.8,3.0,0.0
2025-04-24,run,running,RUNNING,3.355,14.63,14.61,166.0,178.0,61.7,2.6,0.0
2025-04-24,run,track_running,RUNNING,3.17,16.74,16.6,141.0,172.0,63.7,2.1,2.0
2025-04-24,run,running,RUNNING,2.083,11.72,11.7,134.0,147.0,16.6,1.2,0.0
2025-04-24,other,yoga,TRAINING,0.0,7.03,7.03,83.0,110.0,0.9,0.0,0.0
2025-04-24,other,yoga,TRAINING,0.0,33.64,33.64,84.0,117.0,1.7,0.1,0.0
2025-04-25,run,treadmill_running,RUNNING,7.983,43.8,43.32,158.0,172.0,115.0,3.2,0.9
2025-04-25,other,strength_training,TRAINING,0.0,32.22,6.36,113.0,147.0,13.7,0.8,0.1
2025-04-25,other,yoga,TRAINING,0.0,37.86,37.86,88.0,138.0,2.3,0.1,0.0
2025-04-26,run,running,RUNNING,1.677,9.17,9.03,142.0,156.0,19.5,1.4,0.0
2025-04-26,run,running,RUNNING,3.498,16.12,16.1,149.0,166.0,42.5,2.3,0.0
2025-04-26,run,track_running,RUNNING,5.2,28.0,25.2,164.0,199.0,167.9,3.1,2.9
2025-04-26,run,running,RUNNING,2.272,13.05,13.03,146.0,153.0,20.3,1.5,0.0
2025-04-26,other,yoga,TRAINING,0.0,34.62,34.62,92.0,126.0,11.6,0.2,0.6
2025-04-27,run,running,RUNNING,10.054,50.08,50.03,157.0,166.0,83.9,3.0,0.0
2025-04-27,other,yoga,TRAINING,0.0,13.8,13.8,72.0,106.0,0.9,0.0,0.0
2025-04-27,other,yoga,TRAINING,0.0,28.12,28.12,90.0,117.0,2.3,0.1,0.0
2025-04-28,run,running,RUNNING,3.616,15.9,15.87,151.0,164.0,47.9,2.4,0.0
2025-04-28,run,track_running,RUNNING,4.03,24.95,21.32,132.0,180.0,83.9,2.0,2.5
2025-04-28,run,running,RUNNING,2.154,11.35,11.33,146.0,156.0,24.0,1.7,0.0
2025-04-29,run,treadmill_running,RUNNING,6.5,40.18,40.15,162.0,171.0,114.2,3.2,0.3
2025-04-29,other,yoga,TRAINING,0.0,37.19,37.19,84.0,110.0,1.7,0.1,0.0
2025-04-30,run,running,RUNNING,4.135,20.01,19.98,149.0,165.0,50.1,2.4,0.0
2025-04-30,run,running,RUNNING,1.887,13.56,13.43,123.0,155.0,24.0,0.9,0.8
2025-05-01,run,running,RUNNING,1.91,10.55,10.53,137.0,148.0,18.5,1.3,0.0
2025-05-02,run,running,RUNNING,3.454,15.42,15.37,166.0,182.0,64.7,2.7,0.0
2025-05-02,run,track_running,RUNNING,3.12,20.74,17.3,141.0,189.0,80.9,2.1,2.4
2025-05-02,run,running,RUNNING,1.668,8.92,8.8,157.0,167.0,21.7,1.6,0.0
2025-05-03,run,running,RUNNING,14.019,76.22,76.16,165.0,187.0,171.1,3.8,0.0
2025-05-04,run,running,RUNNING,5.546,30.15,30.12,141.0,154.0,43.1,2.3,0.0
2025-05-04,other,yoga,TRAINING,0.0,28.9,28.9,84.0,125.0,1.7,0.1,0.0
2025-05-04,other,yoga,TRAINING,0.0,19.46,19.46,82.0,113.0,1.3,0.1,0.0
2025-05-05,run,running,RUNNING,3.539,16.53,16.5,149.0,161.0,42.4,2.2,0.0
2025-05-05,run,running,RUNNING,3.346,25.54,21.63,135.0,183.0,138.2,2.0,3.2
2025-05-05,run,running,RUNNING,1.599,9.04,9.02,156.0,164.0,20.1,1.5,0.0
2025-05-05,other,yoga,TRAINING,0.0,32.87,32.87,88.0,146.0,2.0,0.1,0.0
2025-05-06,run,running,RUNNING,10.367,50.26,50.19,150.0,162.0,84.9,3.0,0.0
2025-05-06,other,strength_training,TRAINING,0.0,29.62,4.67,93.0,135.0,3.8,0.2,0.0
2025-05-06,other,yoga,TRAINING,0.0,13.92,13.92,92.0,111.0,2.6,0.1,0.0
2025-05-06,other,yoga,TRAINING,0.0,15.27,15.27,86.0,111.0,1.4,0.1,0.0
2025-05-07,run,treadmill_running,RUNNING,3.78,18.59,18.26,152.0,163.0,47.4,2.3,0.0
2025-05-07,run,treadmill_running,RUNNING,2.0,11.5,7.71,165.0,198.0,71.1,2.3,2.0
2025-05-07,run,treadmill_running,RUNNING,4.22,16.45,16.43,176.0,184.0,81.3,3.0,0.0
2025-05-07,run,treadmill_running,RUNNING,1.749,11.19,10.37,146.0,155.0,24.6,1.8,0.0
2025-05-08,run,running,RUNNING,9.033,42.95,42.88,150.0,160.0,78.8,2.9,0.0
2025-05-08,other,yoga,TRAINING,0.0,20.7,20.7,82.0,115.0,1.4,0.1,0.0
2025-05-08,other,yoga,TRAINING,0.0,19.89,19.89,79.0,115.0,1.3,0.0,0.0
2025-05-09,run,running,RUNNING,5.015,24.38,24.28,149.0,160.0,58.7,2.6,0.0
2025-05-10,run,running,RUNNING,3.21,14.27,14.13,157.0,172.0,52.0,2.4,0.0
2025-05-10,run,running,RUNNING,1.906,11.42,11.37,144.0,154.0,18.5,1.3,0.0
2025-05-10,run,running,RUNNING,1.5,4.42,4.42,,,,,
2025-05-10,other,yoga,TRAINING,0.0,13.45,13.45,80.0,100.0,1.0,0.0,0.0
2025-05-11,run,running,RUNNING,3.212,14.51,14.49,154.0,162.0,47.7,2.3,0.0
2025-05-11,run,running,RUNNING,1.668,9.49,9.38,139.0,152.0,16.1,1.2,0.0
2025-05-11,other,yoga,TRAINING,0.0,24.08,24.08,77.0,105.0,1.3,0.1,0.0
2025-05-12,other,yoga,TRAINING,0.0,18.19,18.19,96.0,121.0,2.6,0.2,0.0
2025-05-12,run,running,RUNNING,7.445,34.22,34.17,156.0,169.0,94.1,3.1,0.0
2025-05-12,other,yoga,TRAINING,0.0,23.65,23.65,79.0,110.0,1.2,0.0,0.0
2025-05-13,other,yoga,TRAINING,0.0,21.72,21.72,99.0,118.0,3.4,0.2,0.0
2025-05-13,run,running,RUNNING,3.417,14.89,14.88,166.0,179.0,63.4,2.6,0.0
2025-05-13,run,track_running,RUNNING,4.67,33.06,26.04,137.0,181.0,146.8,2.2,3.2
2025-05-13,run,running,RUNNING,1.915,10.55,10.55,155.0,170.0,26.0,1.9,0.0
2025-05-14,run,running,RUNNING,9.683,44.74,44.7,159.0,172.0,104.4,3.2,0.0
2025-05-15,other,yoga,TRAINING,0.0,23.11,23.11,90.0,118.0,2.0,0.1,0.0
2025-05-15,run,running,RUNNING,9.381,40.2,40.14,168.0,185.0,165.9,3.8,0.0
2025-05-15,other,strength_training,FITNESS_EQUIPMENT,0.0,15.47,1.58,114.0,142.0,6.6,0.4,0.0
2025-05-16,run,running,RUNNING,3.746,17.02,17.0,140.0,150.0,38.5,2.2,0.0
2025-05-16,run,track_running,RUNNING,5.46,30.17,25.22,137.0,180.0,104.9,2.2,2.7
2025-05-16,run,running,RUNNING,1.391,7.55,7.47,141.0,160.0,16.6,1.2,0.0
2025-05-16,other,yoga,TRAINING,0.0,20.13,20.13,88.0,116.0,2.0,0.1,0.0
2025-05-17,bike,mountain_biking,CYCLING,10.155,43.99,42.7,110.0,148.0,16.5,1.1,0.0
2025-05-17,run,running,RUNNING,13.022,60.4,60.35,165.0,181.0,155.5,3.7,0.0
2025-05-17,other,yoga,TRAINING,0.0,40.42,40.42,91.0,117.0,2.8,0.2,0.0
2025-05-18,other,yoga,TRAINING,0.0,34.29,34.29,62.0,90.0,0.6,0.0,0.0
2025-05-19,run,running,RUNNING,9.024,43.81,43.78,148.0,164.0,72.1,2.8,0.0
2025-05-20,run,running,RUNNING,3.4,14.76,14.74,160.0,170.0,58.9,2.6,0.0
2025-05-20,run,track_running,RUNNING,2.58,20.68,17.33,141.0,185.0,144.3,2.1,3.2
2025-05-20,run,running,RUNNING,1.628,9.61,9.6,152.0,163.0,23.2,1.7,0.0
2025-05-20,other,yoga,TRAINING,0.0,17.52,17.52,89.0,116.0,1.8,0.1,0.0
2025-05-20,other,yoga,TRAINING,0.0,19.0,19.0,92.0,113.0,2.0,0.1,0.0
2025-05-21,run,running,RUNNING,10.31,46.16,46.12,152.0,167.0,93.5,3.1,0.0
2025-05-22,run,running,RUNNING,3.372,14.56,14.54,155.0,163.0,53.8,2.5,0.0
2025-05-22,run,track_running,RUNNING,1.48,10.04,8.46,128.0,168.0,90.3,1.2,2.8
2025-05-22,run,running,RUNNING,2.161,10.77,10.75,150.0,160.0,26.7,1.9,0.0
2025-05-23,run,running,RUNNING,5.123,23.59,23.54,149.0,160.0,61.9,2.6,0.0
2025-05-23,run,running,RUNNING,1.982,14.81,14.66,124.0,156.0,23.0,1.0,0.5
2025-05-23,other,yoga,TRAINING,0.0,37.54,37.54,80.0,115.0,2.4,0.1,0.0
2025-05-24,run,running,RUNNING,1.804,10.01,10.0,141.0,157.0,22.3,1.6,0.0
2025-05-24,run,running,RUNNING,3.13,14.4,14.38,143.0,156.0,38.2,2.2,0.0
2025-05-24,run,running,RUNNING,1.5,4.38,4.38,,,,,
2025-05-25,run,running,RUNNING,7.518,37.58,37.55,145.0,156.0,62.8,2.6,0.0
2025-05-28,other,yoga,TRAINING,0.0,41.29,41.29,70.0,109.0,1.2,0.0,0.0
2025-05-29,run,running,RUNNING,7.133,33.25,33.17,151.0,171.0,90.9,3.1,0.0
2025-05-30,run,running,RUNNING,3.424,14.66,14.63,152.0,174.0,52.4,2.4,0.0
2025-05-30,run,running,RUNNING,4.704,28.74,23.79,144.0,183.0,158.3,2.5,3.2
2025-05-30,run,running,RUNNING,2.167,11.77,11.74,154.0,160.0,28.4,2.0,0.0
2025-05-30,other,yoga,TRAINING,0.0,20.95,20.95,95.0,116.0,2.7,0.2,0.0
2025-05-31,run,running,RUNNING,11.562,56.57,56.51,162.0,179.0,135.8,3.5,0.0
2025-05-31,other,strength_training,TRAINING,0.0,50.37,8.04,101.0,149.0,13.7,0.6,0.4
2025-06-01,run,running,RUNNING,7.413,35.04,34.89,164.0,177.0,113.5,3.3,0.1
2025-06-02,run,running,RUNNING,8.482,41.79,41.74,156.0,169.0,89.3,3.0,0.0
2025-06-02,run,treadmill_running,RUNNING,5.8,31.72,31.68,145.0,158.0,52.5,2.4,0.0
2025-06-02,other,yoga,TRAINING,0.0,11.0,11.0,87.0,101.0,1.3,0.0,0.0
2025-06-02,other,yoga,TRAINING,0.0,19.97,19.97,86.0,113.0,1.6,0.1,0.0
2025-06-03,run,running,RUNNING,3.408,14.54,14.53,165.0,177.0,65.1,2.7,0.0
2025-06-03,run,track_running,RUNNING,4.85,28.6,25.71,154.0,198.0,192.1,2.9,3.3
2025-06-03,run,running,RUNNING,1.98,10.7,10.67,161.0,171.0,32.4,2.1,0.0
2025-06-04,run,running,RUNNING,10.524,45.58,45.54,166.0,184.0,170.5,3.8,0.0
2025-06-05,run,running,RUNNING,1.401,8.0,7.97,140.0,151.0,15.0,1.1,0.0
2025-06-05,other,yoga,TRAINING,0.0,12.76,12.76,79.0,105.0,1.3,0.1,0.0
2025-06-05,run,running,RUNNING,3.373,14.28,14.26,158.0,172.0,58.7,2.6,0.0
2025-06-05,run,track_running,RUNNING,4.43,26.79,21.47,142.0,179.0,166.2,2.4,3.3
2025-06-05,run,running,RUNNING,1.769,9.36,9.32,155.0,165.0,24.5,1.8,0.0
2025-06-05,other,yoga,TRAINING,0.0,20.52,20.52,90.0,106.0,2.1,0.1,0.0
2025-06-06,run,running,RUNNING,8.523,40.8,40.73,151.0,162.0,87.9,3.0,0.0
2025-06-06,other,strength_training,FITNESS_EQUIPMENT,0.0,37.74,7.9,95.0,146.0,18.9,0.4,0.9
2025-06-06,other,yoga,TRAINING,0.0,11.93,11.93,96.0,114.0,2.0,0.1,0.0
2025-06-06,other,yoga,TRAINING,0.0,20.6,20.6,79.0,98.0,1.2,0.0,0.0
2025-06-07,run,running,RUNNING,15.033,71.06,70.93,163.0,175.0,160.0,3.7,0.0
2025-06-07,other,strength_training,FITNESS_EQUIPMENT,0.0,47.23,8.78,85.0,130.0,2.9,0.2,0.0
2025-06-07,other,yoga,TRAINING,0.0,11.91,11.91,83.0,165.0,1.1,0.0,0.0
2025-06-08,other,yoga,TRAINING,0.0,18.93,18.93,82.0,107.0,1.7,0.1,0.0
2025-06-08,other,yoga,TRAINING,0.0,8.42,8.42,91.0,113.0,1.4,0.1,0.0
2025-06-09,run,running,RUNNING,3.571,15.97,15.96,160.0,173.0,60.3,2.6,0.0
2025-06-09,run,track_running,RUNNING,5.58,32.91,24.63,143.0,191.0,113.8,2.6,2.5
2025-06-09,run,running,RUNNING,1.749,9.5,9.48,149.0,157.0,21.5,1.5,0.0
2025-06-10,run,running,RUNNING,8.519,42.59,42.55,142.0,157.0,71.3,2.8,0.0
2025-06-12,run,running,RUNNING,7.083,34.52,34.47,157.0,168.0,91.9,3.1,0.0
2025-06-13,run,running,RUNNING,3.336,14.85,14.83,157.0,174.0,56.7,2.5,0.0
2025-06-13,run,track_running,RUNNING,3.65,20.39,18.8,162.0,192.0,257.6,3.0,3.9
2025-06-13,run,running,RUNNING,1.681,9.64,9.64,150.0,159.0,19.5,1.4,0.0
2025-06-14,run,running,RUNNING,9.429,45.11,45.07,155.0,172.0,109.3,3.2,0.0
2025-06-14,run,running,RUNNING,6.55,35.03,34.9,137.0,152.0,46.8,2.3,0.0
2025-06-16,run,running,RUNNING,2.227,11.63,11.62,148.0,158.0,31.1,2.0,0.0
2025-06-16,run,treadmill_running,RUNNING,3.76,20.28,20.08,148.0,175.0,52.1,2.4,0.1
2025-06-16,run,treadmill_running,RUNNING,6.89,39.11,23.02,162.0,190.0,259.7,3.2,3.7
2025-06-16,run,treadmill_running,RUNNING,2.114,11.88,11.3,138.6,148.0,22.0,1.5,0.0
2025-06-16,other,yoga,TRAINING,0.0,31.05,31.05,94.0,120.0,2.6,0.1,0.0
2025-06-17,bike,mountain_biking,CYCLING,26.337,86.94,86.28,131.0,183.0,71.7,2.3,2.0
2025-06-17,run,running,RUNNING,10.187,44.63,44.47,163.0,176.0,138.7,3.5,0.0
2025-06-17,other,yoga,TRAINING,0.0,24.09,24.09,81.0,118.0,1.8,0.1,0.0
2025-06-18,run,running,RUNNING,3.381,14.91,14.83,162.0,174.0,61.2,2.5,0.0
2025-06-18,run,track_running,RUNNING,5.83,31.05,27.94,166.0,203.0,253.9,3.3,3.4
2025-06-18,run,running,RUNNING,2.054,11.3,11.29,153.0,163.0,24.5,1.7,0.0
2025-06-19,run,running,RUNNING,9.793,46.78,46.71,162.0,178.0,126.7,3.4,0.0
2025-06-19,run,running,RUNNING,5.733,30.57,30.54,139.0,148.0,39.0,2.2,0.0
2025-06-19,other,yoga,TRAINING,0.0,22.97,22.97,82.0,106.0,1.9,0.1,0.0
2025-06-20,run,running,RUNNING,3.397,15.05,15.01,150.0,167.0,52.6,2.4,0.0
2025-06-20,run,track_running,RUNNING,3.57,26.39,20.65,147.0,182.0,171.9,2.3,3.3
2025-06-20,run,running,RUNNING,1.714,10.21,10.17,143.0,150.0,16.1,1.1,0.0
2025-06-21,run,running,RUNNING,16.266,72.78,72.62,166.0,180.0,193.8,4.0,0.0
2025-06-21,other,strength_training,FITNESS_EQUIPMENT,0.0,58.58,14.84,104.0,152.0,27.6,0.6,1.2
2025-06-22,other,yoga,TRAINING,0.0,12.83,12.83,70.0,104.0,0.5,0.0,0.0
2025-06-23,run,running,RUNNING,9.897,42.48,42.43,161.0,181.0,154.1,3.6,0.0
2025-06-24,run,running,RUNNING,2.396,12.4,12.37,146.0,159.0,28.3,2.0,0.0
2025-06-24,run,running,RUNNING,3.32,14.57,14.45,160.0,176.0,58.7,2.5,0.0
2025-06-24,run,track_running,RUNNING,5.69,27.59,25.39,160.0,205.0,223.9,3.1,3.3
2025-06-24,run,running,RUNNING,1.775,9.93,9.83,156.0,165.0,25.7,1.8,0.0
2025-06-24,other,yoga,TRAINING,0.0,19.01,19.01,91.0,110.0,1.7,0.1,0.0
2025-06-25,run,running,RUNNING,8.134,38.77,38.64,150.0,164.0,80.3,2.9,0.0
2025-06-26,run,running,RUNNING,3.365,14.77,14.75,158.0,172.0,53.6,2.4,0.0
2025-06-26,run,track_running,RUNNING,1.64,10.73,9.02,133.0,172.0,74.5,1.0,2.5
2025-06-26,run,running,RUNNING,2.109,10.5,10.46,155.0,164.0,30.5,2.0,0.0
2025-06-27,other,yoga,TRAINING,0.0,13.91,13.91,69.0,90.0,0.4,0.0,0.0
2025-06-27,other,yoga,TRAINING,0.0,44.3,44.3,68.0,106.0,0.9,0.0,0.0
2025-06-28,run,running,RUNNING,5.038,23.09,23.03,161.0,183.0,79.6,2.9,0.0
2025-06-28,run,running,RUNNING,1.901,14.32,14.0,134.0,165.0,23.8,1.1,0.6
2025-06-28,other,yoga,TRAINING,0.0,31.03,31.03,70.0,109.0,0.9,0.0,0.0
2025-06-29,run,running,RUNNING,1.907,10.52,10.5,139.0,154.0,18.9,1.3,0.0
2025-06-29,run,running,RUNNING,3.054,14.66,14.64,159.0,172.0,52.2,2.4,0.1
2025-06-29,run,track_running,RUNNING,5.0,16.05,16.0,197.0,209.0,222.5,3.7,2.4
2025-06-29,run,running,RUNNING,2.169,11.88,11.85,154.0,165.0,29.1,2.0,0.0
2025-06-30,bike,mountain_biking,CYCLING,16.245,54.53,53.2,120.0,146.0,12.7,0.9,0.0
2025-06-30,other,strength_training,TRAINING,0.0,58.84,14.1,85.0,136.0,2.2,0.1,0.0
2025-07-02,run,running,RUNNING,7.868,34.46,34.35,160.0,172.0,104.6,3.1,0.0
2025-07-02,other,yoga,TRAINING,0.0,21.59,21.59,81.0,117.0,1.2,0.0,0.0
2025-07-03,run,running,RUNNING,8.467,40.7,40.67,151.0,178.0,71.3,2.7,0.0
2025-07-04,other,hiking,HIKING,18.944,364.41,257.13,113.0,152.0,39.4,2.2,0.0
2025-07-05,run,running,RUNNING,12.326,53.2,53.12,164.0,192.0,164.7,3.7,0.0
2025-07-05,other,yoga,TRAINING,0.0,19.37,19.37,80.0,104.0,1.1,0.0,0.0
2025-07-06,run,running,RUNNING,6.924,31.67,31.62,150.0,164.0,54.0,2.4,0.0
2025-07-06,other,yoga,TRAINING,0.0,36.27,36.27,82.0,113.0,1.4,0.1,0.0
2025-07-07,run,running,RUNNING,3.635,16.94,16.9,154.0,170.0,51.9,2.4,0.0
2025-07-07,run,running,RUNNING,6.848,30.17,29.12,152.0,186.0,121.8,2.6,2.5
2025-07-07,run,running,RUNNING,2.468,13.83,13.81,144.0,160.0,23.5,1.6,0.0
2025-07-07,other,yoga,TRAINING,0.0,13.58,13.58,80.0,104.0,0.9,0.0,0.0
2025-07-08,run,running,RUNNING,11.023,52.13,52.08,164.0,179.0,108.3,3.2,0.0
2025-07-08,other,yoga,TRAINING,0.0,23.25,23.25,74.0,107.0,1.2,0.0,0.0
2025-07-09,run,track_running,RUNNING,3.16,15.29,15.25,152.0,166.0,49.1,2.3,0.0
2025-07-09,run,track_running,RUNNING,7.31,47.21,41.04,136.0,185.0,69.3,2.4,1.1
2025-07-09,run,running,RUNNING,1.753,9.61,9.57,140.0,153.0,17.4,1.2,0.0
2025-07-09,other,yoga,TRAINING,0.0,23.56,23.56,83.0,108.0,1.4,0.1,0.0
2025-07-10,run,running,RUNNING,12.049,55.22,55.15,158.0,175.0,123.8,3.3,0.0
2025-07-10,run,running,RUNNING,5.71,29.59,29.53,140.0,157.0,43.6,2.2,0.0
2025-07-11,run,running,RUNNING,4.014,20.32,20.29,144.0,157.0,32.7,2.0,0.0
2025-07-11,run,running,RUNNING,7.02,27.03,27.0,130.0,192.0,70.3,2.5,0.7
2025-07-11,run,running,RUNNING,1.606,10.0,9.99,146.0,156.0,14.8,1.0,0.0
2025-07-12,run,running,RUNNING,8.547,38.6,38.45,149.0,168.0,79.5,2.9,0.0
2025-07-12,other,strength_training,FITNESS_EQUIPMENT,0.0,58.43,11.02,94.0,148.0,10.5,0.3,0.4
2025-07-13,other,strength_training,TRAINING,0.0,62.56,14.63,78.0,132.0,2.4,0.1,0.0
2025-07-13,other,yoga,TRAINING,0.0,21.16,21.16,77.0,99.0,0.9,0.0,0.0
2025-07-14,run,running,RUNNING,3.356,14.97,14.96,156.0,169.0,49.7,2.3,0.0
2025-07-14,run,track_running,RUNNING,3.78,23.77,21.85,147.0,194.0,106.7,2.1,2.7
2025-07-14,run,running,RUNNING,1.141,6.95,6.9,151.0,160.0,12.2,0.8,0.0
2025-07-15,run,running,RUNNING,11.037,47.96,47.77,158.0,174.0,122.7,3.3,0.0
2025-07-15,other,strength_training,FITNESS_EQUIPMENT,0.0,18.92,9.04,121.0,165.0,26.3,1.1,0.7
2025-07-15,other,yoga,TRAINING,0.0,23.79,23.79,83.0,109.0,1.1,0.0,0.0
2025-07-16,run,running,RUNNING,4.952,24.7,24.67,151.0,165.0,52.5,2.4,0.0
2025-07-16,run,running,RUNNING,3.352,14.53,14.51,158.0,170.0,50.3,2.4,0.0
2025-07-16,run,track_running,RUNNING,3.92,21.44,19.08,147.0,190.0,138.2,2.3,3.1
2025-07-16,run,running,RUNNING,1.734,8.92,8.82,157.0,168.0,24.7,1.7,0.0
2025-07-17,run,running,RUNNING,9.829,45.04,45.01,161.0,178.0,119.2,3.3,0.0
2025-07-17,other,strength_training,TRAINING,0.0,59.22,8.46,88.0,146.0,7.8,0.3,0.1
2025-07-17,other,yoga,TRAINING,0.0,21.5,21.5,74.0,105.0,0.8,0.0,0.0
2025-07-18,run,running,RUNNING,3.356,14.65,14.62,156.0,168.0,54.6,2.5,0.0
2025-07-18,run,track_running,RUNNING,4.62,32.28,25.17,139.0,186.0,148.8,2.2,3.3
2025-07-18,run,running,RUNNING,1.923,10.69,10.63,150.0,160.0,22.2,1.5,0.0
2025-07-19,run,running,RUNNING,16.126,73.02,72.93,166.0,176.0,163.7,3.8,0.0
2025-07-19,other,strength_training,FITNESS_EQUIPMENT,0.0,58.02,12.65,92.0,140.0,3.5,0.2,0.0
2025-07-19,other,yoga,TRAINING,0.0,34.93,34.93,80.0,103.0,1.2,0.0,0.0
2025-07-20,run,running,RUNNING,7.5,36.71,36.66,146.0,158.0,59.1,2.5,0.0
2025-07-20,other,yoga,TRAINING,0.0,39.79,39.79,75.0,108.0,1.0,0.0,0.0
2025-07-21,run,running,RUNNING,3.379,14.17,14.15,166.0,180.0,63.1,2.6,0.0
2025-07-21,run,track_running,RUNNING,1.06,6.93,5.08,135.0,175.0,58.4,0.7,2.4
2025-07-21,run,running,RUNNING,1.665,8.19,8.15,145.0,167.0,25.3,1.5,0.2
2025-07-22,run,running,RUNNING,5.153,23.15,23.09,150.0,174.0,62.1,2.6,0.0
2025-07-22,run,running,RUNNING,1.955,15.52,14.62,124.0,164.0,19.5,0.9,0.5
2025-07-23,run,running,RUNNING,1.6,8.53,8.51,136.0,159.0,16.4,1.2,0.0
2025-07-23,run,running,RUNNING,3.167,14.64,14.61,148.0,158.0,41.6,2.2,0.0
2025-07-23,run,track_running,RUNNING,1.51,4.2,4.18,153.0,168.0,18.7,1.1,0.2
2025-07-23,run,running,RUNNING,2.163,11.77,11.63,152.0,164.0,23.4,1.7,0.0
2025-07-24,run,running,RUNNING,6.818,31.25,31.17,151.0,165.0,73.8,2.8,0.0
2025-07-24,other,strength_training,FITNESS_EQUIPMENT,0.0,56.8,9.61,92.0,147.0,5.8,0.3,0.1
2025-07-24,bike,cycling,CYCLING,11.814,31.05,30.35,125.0,154.0,20.2,1.3,0.1
2025-07-24,run,running,RUNNING,1.572,7.73,7.68,140.0,151.0,19.7,1.4,0.0
2025-07-24,run,running,RUNNING,1.558,6.67,6.63,144.0,160.0,20.8,1.5,0.0
2025-07-24,bike,cycling,CYCLING,11.742,32.23,31.88,128.0,151.0,27.1,1.5,0.5
2025-07-25,run,running,RUNNING,3.392,14.64,14.63,154.0,164.0,51.2,2.4,0.0
2025-07-25,run,track_running,RUNNING,4.88,23.29,20.86,136.0,178.0,103.4,2.0,2.9
2025-07-25,run,running,RUNNING,2.098,10.38,10.35,148.0,159.0,24.2,1.8,0.0
2025-07-25,other,yoga,TRAINING,0.0,27.02,27.02,77.0,104.0,1.3,0.0,0.0
2025-07-26,run,running,RUNNING,11.579,53.4,53.35,159.0,175.0,131.7,3.5,0.0
2025-07-26,other,strength_training,TRAINING,0.0,55.68,10.65,80.0,130.0,2.4,0.1,0.0
2025-07-26,other,yoga,TRAINING,0.0,12.13,12.13,75.0,103.0,0.7,0.0,0.0
2025-07-27,other,strength_training,FITNESS_EQUIPMENT,0.0,61.62,12.24,86.0,146.0,6.0,0.2,0.1
2025-07-28,run,track_running,RUNNING,3.48,16.31,16.24,146.0,169.0,43.0,2.3,0.0
2025-07-28,run,track_running,RUNNING,6.7,31.93,30.28,140.0,182.0,77.1,2.2,2.1
2025-07-28,run,track_running,RUNNING,1.37,8.05,7.93,142.0,151.0,17.7,1.3,0.0
2025-07-29,run,running,RUNNING,13.165,60.92,60.89,159.0,179.0,139.6,3.5,0.0
2025-07-29,other,hiking,HIKING,3.143,56.27,29.52,101.0,144.0,11.7,0.8,0.0
2025-07-29,other,yoga,TRAINING,0.0,26.68,26.68,77.0,108.0,1.1,0.0,0.0
2025-07-30,run,running,RUNNING,3.596,17.23,17.21,132.0,147.0,30.5,2.0,0.0
2025-07-30,run,track_running,RUNNING,4.93,27.19,24.83,153.0,194.0,155.7,2.7,3.1
2025-07-30,run,running,RUNNING,2.22,11.84,11.82,146.0,155.0,25.2,1.8,0.0
2025-07-31,run,running,RUNNING,10.761,51.28,51.23,150.0,170.0,102.6,3.1,0.0
2025-07-31,other,hiking,HIKING,13.01,193.13,173.2,104.0,148.0,18.3,1.3,0.0
2025-08-01,run,running,RUNNING,3.331,16.77,16.73,139.0,156.0,35.7,2.1,0.0
2025-08-01,run,running,RUNNING,6.006,33.58,32.38,150.0,194.0,124.3,3.0,2.0
2025-08-01,run,running,RUNNING,1.686,10.4,10.37,142.0,163.0,16.6,1.1,0.0
2025-08-02,run,running,RUNNING,11.264,52.13,52.05,146.0,163.0,82.6,2.9,0.0
2025-08-02,other,strength_training,TRAINING,0.0,19.52,4.4,105.0,144.0,9.6,0.4,0.2
2025-08-03,other,strength_training,TRAINING,0.0,69.02,13.06,81.0,139.0,3.0,0.2,0.0
2025-08-03,other,yoga,TRAINING,0.0,31.5,31.5,77.0,113.0,1.2,0.0,0.0
2025-08-04,run,running,RUNNING,2.24,11.37,11.36,143.0,159.0,24.4,1.8,0.0
2025-08-04,run,running,RUNNING,3.346,14.47,14.44,150.0,164.0,52.0,2.4,0.0
2025-08-04,run,track_running,RUNNING,5.68,27.0,24.03,138.0,188.0,123.0,2.1,3.0
2025-08-04,run,running,RUNNING,1.884,9.75,9.72,151.0,160.0,21.2,1.5,0.0
2025-08-04,other,yoga,TRAINING,0.0,26.26,26.26,81.0,106.0,1.2,0.0,0.0
2025-08-05,run,running,RUNNING,11.044,50.57,50.44,164.0,177.0,132.6,3.4,0.0
2025-08-05,run,running,RUNNING,1.053,9.48,9.07,142.0,176.0,39.6,1.1,1.6
2025-08-05,other,strength_training,FITNESS_EQUIPMENT,0.0,62.14,13.52,101.0,157.0,33.8,0.8,1.5
2025-08-05,bike,mountain_biking,CYCLING,31.835,94.09,93.62,128.0,170.0,44.0,2.0,0.8
2025-08-05,other,yoga,TRAINING,0.0,42.76,42.76,80.0,106.0,1.5,0.1,0.0
2025-08-06,run,running,RUNNING,2.226,11.34,11.31,142.0,151.0,24.5,1.7,0.0
2025-08-06,run,running,RUNNING,3.361,14.97,14.95,150.0,160.0,46.6,2.3,0.0
2025-08-06,run,track_running,RUNNING,6.03,32.97,28.45,144.0,187.0,147.5,2.3,3.1
2025-08-06,run,running,RUNNING,2.079,11.36,11.22,145.0,157.0,19.7,1.4,0.0
2025-08-07,run,running,RUNNING,9.135,42.98,42.93,152.0,164.0,89.1,3.0,0.0
2025-08-07,run,running,RUNNING,1.62,7.45,7.43,148.0,161.0,23.8,1.7,0.0
2025-08-07,other,yoga,TRAINING,0.0,42.19,42.19,78.0,106.0,1.3,0.0,0.0
2025-08-08,run,running,RUNNING,3.413,14.91,14.87,152.0,174.0,51.6,2.4,0.0
2025-08-08,run,running,RUNNING,6.216,35.14,32.71,152.0,200.0,159.6,3.3,2.2
2025-08-08,run,running,RUNNING,2.1,11.23,11.22,153.0,161.0,23.1,1.6,0.0
2025-08-09,run,running,RUNNING,15.5,72.45,72.38,150.0,167.0,109.1,3.2,0.0
2025-08-09,other,yoga,TRAINING,0.0,28.58,28.58,83.0,106.0,1.4,0.1,0.0
2025-08-10,run,running,RUNNING,6.078,30.54,30.51,151.0,162.0,61.8,2.6,0.0
2025-08-11,run,running,RUNNING,3.701,16.83,16.79,158.0,173.0,53.5,2.4,0.0
2025-08-11,run,track_running,RUNNING,5.48,40.25,33.4,143.0,196.0,154.0,2.5,3.1
2025-08-11,bike,mountain_biking,CYCLING,19.517,112.53,108.62,133.0,170.0,91.0,2.6,1.9
2025-08-12,run,running,RUNNING,10.338,50.06,50.02,159.0,179.0,123.2,3.3,0.0
2025-08-12,other,yoga,TRAINING,0.0,19.78,19.78,77.0,104.0,1.2,0.0,0.0
2025-08-13,run,running,RUNNING,3.401,16.32,16.3,152.0,174.0,43.4,2.2,0.0
2025-08-13,run,running,RUNNING,6.215,21.18,21.12,191.0,206.0,243.3,4.0,2.3
2025-08-13,run,running,RUNNING,1.911,10.5,10.28,146.0,154.0,22.1,1.5,0.0
2025-08-14,run,running,RUNNING,11.807,59.47,59.32,144.0,172.0,86.9,3.0,0.0
2025-08-14,other,yoga,TRAINING,0.0,32.54,32.54,75.0,123.0,1.2,0.0,0.0
2025-08-15,run,running,RUNNING,8.348,40.35,40.33,155.0,179.0,99.5,3.1,0.0
2025-08-15,bike,mountain_biking,CYCLING,16.768,65.16,63.44,106.0,150.0,17.6,0.8,0.4
2025-08-15,other,yoga,TRAINING,0.0,27.34,27.34,74.0,104.0,0.9,0.0,0.0
2025-08-16,run,running,RUNNING,3.55,16.87,16.86,153.0,175.0,53.5,2.4,0.0
2025-08-16,run,running,RUNNING,6.147,38.18,35.07,154.0,195.0,135.2,3.1,2.0
2025-08-16,run,running,RUNNING,1.306,7.35,7.32,138.0,154.0,11.8,0.8,0.0
2025-08-16,other,strength_training,TRAINING,0.0,89.78,16.68,74.0,130.0,2.6,0.1,0.0
2025-08-16,other,yoga,TRAINING,0.0,27.53,27.53,78.0,103.0,1.0,0.0,0.0
2025-08-17,run,running,RUNNING,14.815,79.81,79.75,156.0,181.0,113.6,3.2,0.0
2025-08-18,run,running,RUNNING,3.665,17.32,17.25,149.0,165.0,49.4,2.3,0.0
2025-08-18,run,track_running,RUNNING,5.97,49.61,38.28,140.0,188.0,114.1,2.5,2.5
2025-08-18,run,running,RUNNING,1.688,9.11,9.08,148.0,155.0,20.4,1.4,0.0
2025-08-19,run,running,RUNNING,10.044,48.94,48.87,145.0,168.0,82.8,2.9,0.0
2025-08-19,other,yoga,TRAINING,0.0,22.18,22.18,80.0,103.0,1.8,0.1,0.0
2025-08-19,other,yoga,TRAINING,0.0,21.33,21.33,75.0,110.0,0.8,0.0,0.0
2025-08-20,run,track_running,RUNNING,3.46,15.96,15.93,144.0,157.0,41.1,2.2,0.0
2025-08-20,run,track_running,RUNNING,5.04,35.36,31.23,125.0,163.0,67.6,2.0,2.1
2025-08-20,run,track_running,RUNNING,1.6,9.57,9.57,141.0,149.0,17.8,1.2,0.0
2025-08-20,other,yoga,TRAINING,0.0,16.72,16.72,74.0,102.0,0.7,0.0,0.0
2025-08-20,other,yoga,TRAINING,0.0,24.46,24.46,78.0,110.0,1.2,0.0,0.0
2025-08-22,run,running,RUNNING,5.462,27.01,26.98,154.0,178.0,66.2,2.6,0.0
2025-08-22,run,running,RUNNING,1.485,13.9,12.56,136.0,173.0,34.3,1.3,1.0
2025-08-23,run,running,RUNNING,3.353,15.61,15.59,155.0,171.0,46.4,2.3,0.0
2025-08-23,run,track_running,RUNNING,0.776,2.08,2.08,143.4,164.0,61.5,0.5,2.4
2025-08-23,run,running,RUNNING,2.844,10.83,10.78,165.0,188.0,48.9,2.3,0.0
2025-08-23,run,running,RUNNING,2.167,10.68,10.62,153.0,165.0,26.9,1.9,0.0
2025-08-24,run,running,RUNNING,10.716,47.1,47.05,153.0,167.0,107.2,3.2,0.0
2025-08-24,other,yoga,TRAINING,0.0,12.37,12.37,83.0,98.0,1.0,0.0,0.0
2025-08-25,run,running,RUNNING,3.365,14.7,14.67,148.0,165.0,43.4,2.2,0.0
2025-08-25,run,track_running,RUNNING,6.6,30.27,28.29,156.0,200.0,143.6,2.9,2.5
2025-08-25,run,running,RUNNING,1.49,7.56,7.54,158.0,168.0,25.1,1.7,0.0
2025-08-26,run,running,RUNNING,11.53,52.57,52.52,155.0,169.0,105.3,3.2,0.0
2025-08-26,other,strength_training,TRAINING,0.0,68.64,10.46,87.0,139.0,3.9,0.2,0.0
2025-08-26,other,yoga,TRAINING,0.0,35.57,35.57,87.0,127.0,2.5,0.1,0.0
2025-08-27,run,running,RUNNING,3.357,14.69,14.6,155.0,166.0,49.7,2.3,0.0
2025-08-27,run,track_running,RUNNING,4.87,29.22,27.51,140.0,188.0,118.8,2.1,2.9
2025-08-27,run,running,RUNNING,1.58,8.57,8.55,151.0,163.0,17.7,1.2,0.0
2025-08-28,run,running,RUNNING,10.663,51.16,51.09,155.0,168.0,101.3,3.1,0.0
2025-08-28,other,strength_training,TRAINING,0.0,52.29,10.59,97.0,172.0,35.9,0.8,1.7
2025-08-28,run,treadmill_running,RUNNING,5.186,30.32,28.3,134.0,150.0,23.4,1.6,0.0
2025-08-28,other,yoga,TRAINING,0.0,6.9,6.9,78.0,107.0,1.2,0.0,0.0
2025-08-29,run,running,RUNNING,3.36,14.53,14.35,153.0,166.0,47.9,2.3,0.0
2025-08-29,run,track_running,RUNNING,6.13,24.21,23.63,167.0,198.0,160.1,3.1,2.5
2025-08-29,run,running,RUNNING,0.576,3.86,3.1,145.0,170.0,11.7,0.8,0.0
2025-08-29,run,running,RUNNING,0.565,3.08,3.05,140.0,152.0,6.1,0.4,0.0
2025-08-29,other,yoga,TRAINING,0.0,24.68,24.68,79.0,98.0,1.0,0.0,0.0
2025-08-30,run,running,RUNNING,7.058,34.06,34.02,155.0,171.0,77.7,2.8,0.0
2025-08-30,other,yoga,TRAINING,0.0,57.86,57.86,66.0,110.0,0.8,0.0,0.0
2025-08-31,other,yoga,TRAINING,0.0,20.02,20.02,74.0,90.0,0.9,0.0,0.0
2025-09-01,run,running,RUNNING,3.357,14.59,14.57,154.0,168.0,48.3,2.3,0.0
2025-09-01,run,track_running,RUNNING,5.18,26.12,21.98,155.0,201.0,163.5,2.7,3.1
2025-09-01,run,running,RUNNING,1.602,8.3,8.28,156.0,165.0,24.3,1.7,0.0
2025-09-01,other,yoga,TRAINING,0.0,31.83,31.83,86.0,112.0,1.7,0.1,0.0
2025-09-02,run,treadmill_running,RUNNING,10.06,45.43,45.3,149.0,173.0,81.0,2.6,1.0
2025-09-02,other,yoga,TRAINING,0.0,10.2,10.2,82.0,108.0,0.9,0.0,0.0
2025-09-02,other,yoga,TRAINING,0.0,24.95,24.95,80.0,105.0,1.0,0.0,0.0
2025-09-03,run,running,RUNNING,3.426,14.84,14.6,157.0,170.0,55.0,2.4,0.0
2025-09-03,run,track_running,RUNNING,2.27,14.58,13.09,137.0,173.0,78.2,1.4,2.5
2025-09-03,run,running,RUNNING,1.697,8.34,8.3,150.0,158.0,24.6,1.7,0.0
2025-09-03,other,yoga,TRAINING,0.0,38.96,38.96,77.0,109.0,1.2,0.0,0.0
2025-09-04,other,yoga,TRAINING,0.0,29.29,29.29,69.0,96.0,0.9,0.0,0.0
2025-09-05,run,running,RUNNING,5.438,25.08,25.05,164.0,176.0,85.3,3.0,0.0
2025-09-05,run,running,RUNNING,1.945,13.93,13.87,144.0,172.0,44.2,1.7,1.3
2025-09-05,other,yoga,TRAINING,0.0,18.07,18.07,80.0,101.0,1.2,0.0,0.0
2025-09-06,run,running,RUNNING,3.313,15.51,15.46,157.0,166.0,45.2,2.3,0.0
2025-09-06,run,track_running,RUNNING,1.488,4.23,4.23,171.5,195.0,70.1,1.8,2.2
2025-09-06,run,running,RUNNING,1.623,8.85,8.8,162.0,169.0,26.8,1.9,0.0
2025-09-07,run,running,RUNNING,3.13,14.42,14.37,158.0,164.0,46.7,2.3,0.0
2025-09-07,run,track_running,RUNNING,5.02,16.11,16.0,181.0,208.0,196.6,3.3,2.7
2025-09-07,run,running,RUNNING,1.136,5.93,5.87,158.0,171.0,18.0,1.2,0.0
2025-09-09,run,running,RUNNING,10.065,47.98,47.9,151.0,171.0,79.6,2.9,0.0
2025-09-09,other,strength_training,TRAINING,0.0,95.35,23.79,98.0,170.0,60.2,0.9,2.3
2025-09-09,run,treadmill_running,RUNNING,2.762,14.75,14.42,137.0,148.0,18.1,1.2,0.0
2025-09-09,other,yoga,TRAINING,0.0,13.89,13.89,88.0,105.0,1.3,0.0,0.0
2025-09-10,run,running,RUNNING,3.414,15.38,15.36,144.0,160.0,34.0,2.1,0.0
2025-09-10,run,track_running,RUNNING,6.74,31.35,29.91,142.0,190.0,83.7,2.5,1.9
2025-09-10,run,running,RUNNING,2.041,10.28,10.26,145.0,157.0,24.7,1.7,0.0
2025-09-11,run,running,RUNNING,10.113,45.7,45.63,152.0,174.0,83.0,3.0,0.0
2025-09-12,run,running,RUNNING,3.381,15.06,15.02,153.0,164.0,46.4,2.3,0.0
2025-09-12,run,track_running,RUNNING,4.51,16.39,16.3,173.0,193.0,141.5,2.9,2.6
2025-09-12,run,running,RUNNING,1.625,8.58,8.55,141.0,151.0,17.9,1.2,0.0
2025-09-13,run,running,RUNNING,11.195,49.53,49.44,159.0,173.0,109.0,3.2,0.0
2025-09-13,other,yoga,TRAINING,0.0,41.12,41.12,76.0,101.0,1.3,0.0,0.0
2025-09-14,other,yoga,TRAINING,0.0,27.35,27.35,77.0,103.0,0.9,0.0,0.0
2025-09-15,run,running,RUNNING,3.367,14.71,14.59,152.0,163.0,44.2,2.3,0.0
2025-09-15,run,track_running,RUNNING,4.78,25.37,21.92,148.0,200.0,103.5,2.4,2.5
2025-09-15,run,running,RUNNING,1.693,9.12,9.05,151.0,164.0,19.1,1.4,0.0
2025-09-16,run,running,RUNNING,9.018,42.99,42.89,143.0,156.0,61.6,2.6,0.0
2025-09-16,other,yoga,TRAINING,0.0,28.91,28.91,77.0,107.0,1.1,0.0,0.0
2025-09-17,run,running,RUNNING,3.418,15.31,15.27,150.0,164.0,39.4,2.2,0.0
2025-09-17,run,track_running,RUNNING,2.27,15.25,11.99,135.0,166.0,76.0,1.2,2.6
2025-09-17,run,running,RUNNING,1.542,8.0,7.98,149.0,160.0,21.4,1.6,0.0
2025-09-18,run,running,RUNNING,6.695,30.67,30.6,151.0,162.0,66.5,2.7,0.0
2025-09-20,run,running,RUNNING,5.237,24.28,24.24,158.0,173.0,72.6,2.8,0.0
2025-09-20,run,running,RUNNING,2.015,14.44,14.3,135.0,163.0,25.4,1.2,0.6
2025-09-21,run,running,RUNNING,3.227,15.19,15.16,155.0,165.0,43.3,2.3,0.0
2025-09-21,run,track_running,RUNNING,3.48,11.66,11.63,190.0,202.0,122.1,3.0,2.2
2025-09-21,run,running,RUNNING,1.008,5.91,5.85,141.0,150.0,9.9,0.7,0.0
2025-09-21,other,yoga,TRAINING,0.0,38.77,38.77,78.0,107.0,1.1,0.0,0.0
2025-09-22,run,running,RUNNING,10.044,45.4,45.3,157.0,169.0,89.6,3.0,0.0
2025-09-23,run,running,RUNNING,3.421,15.35,15.26,145.0,159.0,42.4,2.3,0.0
2025-09-23,run,track_running,RUNNING,5.61,26.43,24.9,140.0,173.0,85.9,2.1,2.4
2025-09-23,run,running,RUNNING,1.17,6.18,6.15,143.0,157.0,12.7,0.9,0.0
2025-09-24,run,running,RUNNING,10.817,48.16,48.08,155.0,176.0,92.1,3.1,0.0
2025-09-25,run,running,RUNNING,3.358,14.75,14.73,158.0,166.0,47.7,2.3,0.0
2025-09-25,run,track_running,RUNNING,1.67,10.78,9.89,130.0,167.0,53.2,1.1,2.2
2025-09-25,run,running,RUNNING,1.636,8.1,8.08,158.0,171.0,25.6,1.9,0.0
2025-09-25,other,yoga,TRAINING,0.0,27.52,27.52,72.0,105.0,1.1,0.0,0.0
2025-09-27,run,running,RUNNING,5.439,25.27,25.21,158.0,174.0,66.7,2.7,0.0
2025-09-27,run,running,RUNNING,2.083,14.36,14.32,137.0,163.0,33.4,1.4,1.0
2025-09-28,run,running,RUNNING,3.153,17.42,17.39,144.0,158.0,28.5,2.0,0.0
2025-09-28,run,track_running,RUNNING,5.01,15.91,15.87,172.0,209.0,179.5,3.3,2.7
2025-09-28,run,track_running,RUNNING,1.23,7.93,7.88,135.0,144.0,11.6,0.8,0.0
2025-09-29,run,running,RUNNING,9.027,41.37,41.28,154.0,164.0,78.7,2.9,0.0
2025-09-29,other,strength_training,TRAINING,0.0,77.8,11.0,87.0,141.0,4.2,0.3,0.0
2025-09-30,run,running,RUNNING,11.042,48.77,48.72,153.0,163.0,86.0,3.0,0.0
2025-10-01,run,running,RUNNING,3.388,14.75,14.73,158.0,172.0,53.5,2.5,0.0
2025-10-01,run,track_running,RUNNING,5.41,26.37,24.46,145.0,181.0,136.2,2.2,3.1
2025-10-01,run,running,RUNNING,2.046,10.33,10.26,148.0,161.0,24.2,1.8,0.0
2025-10-02,run,running,RUNNING,11.251,50.05,49.99,150.0,164.0,97.7,3.1,0.0
2025-10-03,bike,mountain_biking,CYCLING,11.482,31.87,31.02,119.0,134.0,10.6,0.7,0.0
2025-10-03,run,running,RUNNING,3.5,15.34,15.2,150.0,163.0,43.2,2.3,0.0
2025-10-03,run,running,RUNNING,7.897,33.89,32.51,147.0,168.0,94.8,2.6,2.1
2025-10-03,run,running,RUNNING,1.574,7.88,7.8,142.0,156.0,16.6,1.2,0.0
2025-10-03,other,yoga,TRAINING,0.0,18.84,18.84,93.0,111.0,1.9,0.1,0.0
2025-10-04,run,running,RUNNING,14.03,61.72,61.66,160.0,173.0,136.2,3.5,0.0
2025-10-04,other,strength_training,TRAINING,0.0,62.8,13.43,99.0,147.0,10.3,0.6,0.1
2025-10-04,other,yoga,TRAINING,0.0,15.97,15.97,77.0,100.0,1.0,0.0,0.0
2025-10-06,run,running,RUNNING,3.37,14.72,14.69,145.0,157.0,35.4,2.1,0.0
2025-10-06,run,track_running,RUNNING,10.29,50.68,45.17,141.0,174.0,95.4,2.4,2.3
2025-10-06,run,running,RUNNING,0.643,3.47,3.45,133.0,149.0,6.5,0.4,0.0
2025-10-06,other,yoga,TRAINING,0.0,31.5,31.5,87.0,110.0,1.6,0.1,0.0
2025-10-07,run,running,RUNNING,11.027,50.23,50.09,149.0,162.0,82.2,3.0,0.0
2025-10-07,other,strength_training,TRAINING,0.0,81.53,12.85,79.0,140.0,2.6,0.1,0.0
2025-10-08,run,running,RUNNING,3.392,14.5,14.49,157.0,171.0,48.3,2.4,0.0
2025-10-08,run,track_running,RUNNING,6.18,29.94,28.46,146.0,172.0,141.9,2.2,3.1
2025-10-08,run,running,RUNNING,1.253,6.89,6.87,144.0,162.0,15.6,1.1,0.0
2025-10-08,other,yoga,TRAINING,0.0,23.07,23.07,74.0,96.0,0.8,0.0,0.0
2025-10-09,run,running,RUNNING,11.472,50.04,49.93,158.0,172.0,105.8,3.2,0.0
2025-10-10,run,running,RUNNING,3.439,15.15,15.12,154.0,171.0,46.6,2.3,0.0
2025-10-10,run,track_running,RUNNING,8.17,30.06,29.82,165.0,197.0,132.3,3.1,2.1
2025-10-10,run,running,RUNNING,1.649,8.88,8.85,147.0,159.0,18.3,1.3,0.0
2025-10-10,other,yoga,TRAINING,0.0,26.95,26.95,90.0,153.0,11.3,0.2,0.6
2025-10-11,run,running,RUNNING,14.684,66.24,66.04,153.0,164.0,100.8,3.2,0.0
2025-10-12,bike,mountain_biking,CYCLING,26.57,80.89,80.42,118.0,157.0,15.3,1.1,0.0
2025-10-12,other,yoga,TRAINING,0.0,8.69,8.69,75.0,89.0,0.4,0.0,0.0
2025-10-12,other,yoga,TRAINING,0.0,14.2,14.2,80.0,101.0,0.9,0.0,0.0
2025-10-13,run,running,RUNNING,3.396,14.72,14.7,157.0,173.0,47.4,2.3,0.0
2025-10-13,run,track_running,RUNNING,8.45,34.71,32.35,152.0,191.0,96.9,2.9,1.4
2025-10-13,run,running,RUNNING,1.668,9.48,9.46,144.0,154.0,18.1,1.3,0.0
2025-10-13,other,yoga,TRAINING,0.0,38.52,38.52,87.0,106.0,1.8,0.1,0.0
2025-10-14,run,running,RUNNING,9.876,47.4,47.29,145.0,165.0,68.6,2.7,0.0
2025-10-15,run,running,RUNNING,4.88,25.48,25.4,137.0,146.0,31.6,2.0,0.0
2025-10-18,run,running,RUNNING,5.512,25.16,25.13,145.0,166.0,50.3,2.4,0.0
2025-10-18,other,yoga,TRAINING,0.0,7.49,7.49,74.0,97.0,0.5,0.0,0.0
2025-10-19,run,running,RUNNING,8.224,35.92,35.87,146.0,169.0,59.8,2.6,0.0
2025-10-19,other,yoga,TRAINING,0.0,36.67,36.67,78.0,102.0,1.0,0.0,0.0
2025-10-20,run,running,RUNNING,3.4,14.69,14.64,162.0,172.0,61.0,2.7,0.0
2025-10-20,run,running,RUNNING,5.229,25.79,21.07,142.0,182.0,78.2,2.3,2.1
2025-10-20,run,running,RUNNING,0.47,2.59,2.57,135.0,153.0,6.8,0.5,0.0
2025-10-21,run,running,RUNNING,10.025,45.33,45.3,151.0,166.0,87.8,3.1,0.0
2025-10-21,other,yoga,TRAINING,0.0,30.05,30.05,82.0,127.0,1.5,0.1,0.0
2025-10-22,run,running,RUNNING,3.368,14.7,14.66,152.0,172.0,46.0,2.4,0.0
2025-10-22,run,track_running,RUNNING,3.74,19.73,17.38,143.0,169.0,84.4,2.1,2.4
2025-10-24,run,running,RUNNING,6.531,31.0,30.91,154.0,165.0,64.9,2.7,0.0
2025-10-25,run,running,RUNNING,7.141,35.22,35.17,150.0,175.0,66.1,2.8,0.0
2025-10-26,run,running,RUNNING,4.019,20.34,20.29,140.0,154.0,31.9,2.1,0.0
2025-10-26,other,yoga,TRAINING,0.0,14.82,14.82,83.0,113.0,1.5,0.1,0.0
2025-10-31,run,treadmill_running,RUNNING,2.838,15.44,15.21,134.0,152.0,19.2,1.5,0.0
2025-11-01,run,running,RUNNING,5.571,26.91,26.8,157.0,168.0,68.2,2.9,0.0
2025-11-01,other,yoga,TRAINING,0.0,45.48,45.48,77.0,104.0,1.1,0.0,0.0
2025-11-02,other,yoga,TRAINING,0.0,19.35,19.35,76.0,96.0,0.9,0.0,0.0
2025-11-02,other,yoga,TRAINING,0.0,33.08,33.08,74.0,107.0,1.1,0.0,0.0
2025-11-03,run,running,RUNNING,4.564,20.47,20.44,149.0,160.0,53.0,2.6,0.0
2025-11-03,other,yoga,TRAINING,0.0,11.11,11.11,74.0,111.0,0.7,0.0,0.0
2025-11-04,run,running,RUNNING,3.535,15.93,15.88,156.0,173.0,52.6,2.6,0.0
2025-11-04,run,track_running,RUNNING,1.71,12.74,10.36,130.0,153.0,37.7,1.0,2.0
2025-11-04,run,track_running,RUNNING,1.21,6.16,6.05,149.0,160.0,16.9,1.4,0.0
2025-11-05,run,running,RUNNING,3.372,15.45,15.33,145.0,157.0,39.7,2.3,0.0
2025-11-05,run,running,RUNNING,6.766,29.34,29.18,143.0,167.0,62.8,2.8,0.0
2025-11-06,run,running,RUNNING,7.243,32.62,32.58,162.0,171.0,94.1,3.2,0.0
2025-11-07,run,running,RUNNING,7.276,30.4,30.37,159.0,175.0,95.1,3.2,0.0
2025-11-08,run,running,RUNNING,9.024,41.03,41.0,144.0,163.0,67.4,2.9,0.0
2025-11-08,other,strength_training,TRAINING,0.0,62.04,11.33,83.0,136.0,2.7,0.2,0.0
2025-11-08,other,yoga,TRAINING,0.0,11.28,11.28,74.0,95.0,0.7,0.0,0.0
2025-11-09,other,yoga,TRAINING,0.0,31.72,31.72,76.0,135.0,1.2,0.1,0.0
2025-11-10,run,running,RUNNING,10.015,43.02,42.98,151.0,162.0,107.4,3.3,0.0
2025-11-10,other,strength_training,TRAINING,0.0,12.99,3.07,114.0,148.0,10.1,0.5,0.2
2025-11-10,other,yoga,TRAINING,0.0,42.48,42.48,79.0,110.0,1.3,0.1,0.0
2025-11-11,run,running,RUNNING,3.467,15.58,15.56,145.0,165.0,36.6,2.2,0.0
2025-11-11,run,track_running,RUNNING,4.5,21.84,20.12,156.0,188.0,72.6,2.8,0.7
2025-11-12,run,running,RUNNING,8.025,37.11,37.09,146.0,174.0,76.9,3.0,0.0
2025-11-12,other,strength_training,FITNESS_EQUIPMENT,0.0,70.21,12.5,88.0,150.0,10.8,0.5,0.3
2025-11-12,other,yoga,TRAINING,0.0,18.58,18.58,74.0,104.0,1.0,0.0,0.0
2025-11-13,run,running,RUNNING,10.019,39.95,39.5,160.0,173.0,127.0,3.5,0.1
2025-11-13,other,yoga,TRAINING,0.0,16.7,16.7,80.0,98.0,1.3,0.1,0.0
2025-11-13,other,yoga,TRAINING,0.0,22.7,22.7,78.0,108.0,1.1,0.0,0.0
2025-11-14,run,running,RUNNING,3.401,14.91,14.89,130.0,149.0,23.8,1.9,0.0
2025-11-14,run,track_running,RUNNING,4.03,21.89,21.22,149.0,177.0,117.1,2.6,2.7
2025-11-14,run,running,RUNNING,1.022,5.84,5.72,131.0,147.0,10.3,0.8,0.0
2025-11-15,run,running,RUNNING,9.026,40.49,40.45,148.0,163.0,74.6,3.0,0.0
2025-11-15,other,strength_training,FITNESS_EQUIPMENT,0.0,79.26,11.93,78.0,141.0,5.3,0.4,0.0
2025-11-16,other,strength_training,TRAINING,0.0,55.99,15.18,91.0,133.0,3.8,0.3,0.0
2025-11-17,run,running,RUNNING,9.335,43.81,43.78,145.0,160.0,88.1,3.1,0.0
2025-11-18,run,running,RUNNING,3.485,15.56,15.51,149.0,162.0,43.6,2.4,0.0
2025-11-18,run,track_running,RUNNING,6.5,31.48,27.09,145.0,183.0,82.5,2.8,1.3
2025-11-18,run,running,RUNNING,0.99,5.24,5.23,146.0,159.0,14.0,1.1,0.0
2025-11-19,run,running,RUNNING,3.797,17.35,17.22,154.0,173.0,59.3,2.7,0.0
2025-11-19,other,strength_training,FITNESS_EQUIPMENT,0.0,12.78,1.38,93.0,124.0,2.8,0.2,0.0
2025-11-20,run,running,RUNNING,9.802,43.26,43.24,139.0,153.0,66.5,2.8,0.0
2025-11-21,run,running,RUNNING,3.381,15.09,15.07,146.0,155.0,39.3,2.3,0.0
2025-11-21,run,track_running,RUNNING,4.53,21.22,19.27,141.0,173.0,64.4,2.1,2.1
2025-11-21,run,running,RUNNING,2.215,10.78,10.76,153.0,168.0,28.5,2.0,0.0
2025-11-22,run,running,RUNNING,10.203,47.01,46.96,164.0,177.0,109.1,3.4,0.0
2025-11-22,other,strength_training,TRAINING,0.0,73.96,14.88,88.0,146.0,8.8,0.6,0.0
2025-11-23,other,yoga,TRAINING,0.0,35.41,35.41,82.0,112.0,1.8,0.1,0.0
2025-11-24,run,running,RUNNING,10.079,42.64,42.53,,,12.6,1.0,0.0
2025-11-24,run,track_running,RUNNING,2.21,10.13,10.06,,,6.0,0.5,0.0
2025-11-25,run,running,RUNNING,3.437,15.15,15.12,147.0,163.0,40.0,2.3,0.0
2025-11-25,run,track_running,RUNNING,7.08,32.91,28.95,145.0,182.0,100.6,2.7,2.3
2025-11-25,run,running,RUNNING,1.654,8.72,8.67,144.0,160.0,21.3,1.7,0.0
2025-11-26,run,running,RUNNING,8.328,35.66,35.4,155.0,167.0,96.6,3.2,0.0
2025-11-26,other,strength_training,TRAINING,0.0,17.2,2.68,110.0,144.0,13.1,0.5,0.5
2025-11-26,other,yoga,TRAINING,0.0,27.44,27.44,76.0,100.0,1.2,0.1,0.0
2025-11-27,run,running,RUNNING,3.399,15.2,15.15,145.0,162.0,38.9,2.3,0.0
2025-11-27,run,track_running,RUNNING,4.75,25.09,23.48,141.0,176.0,96.8,2.2,2.6
2025-11-27,run,running,RUNNING,1.54,8.08,8.02,147.0,160.0,18.9,1.4,0.0
2025-11-28,run,running,RUNNING,9.021,43.44,43.4,146.0,160.0,77.5,3.0,0.0
2025-11-29,run,running,RUNNING,11.313,52.0,51.95,153.0,169.0,106.6,3.3,0.0
2025-11-30,other,strength_training,TRAINING,0.0,96.67,15.51,75.0,152.0,11.7,0.3,0.5
2025-11-30,other,strength_training,FITNESS_EQUIPMENT,0.0,84.49,12.61,80.0,128.0,2.6,0.2,0.0
2025-11-30,other,yoga,TRAINING,0.0,31.88,31.88,65.0,92.0,0.7,0.0,0.0
2025-11-30,other,yoga,TRAINING,0.0,17.81,17.81,69.0,88.0,0.6,0.0,0.0
2025-12-01,run,running,RUNNING,3.498,15.27,15.24,144.0,160.0,38.5,2.2,0.0
2025-12-01,run,track_running,RUNNING,6.91,36.45,35.71,136.0,167.0,87.7,2.2,2.4
2025-12-01,run,running,RUNNING,0.663,3.73,3.7,135.0,146.0,6.3,0.4,0.0
2025-12-01,other,yoga,TRAINING,0.0,29.74,29.74,82.0,104.0,1.8,0.1,0.0
2025-12-02,run,running,RUNNING,7.241,30.66,30.58,146.0,174.0,65.3,2.7,0.0
2025-12-02,other,strength_training,TRAINING,0.0,21.44,2.66,102.0,140.0,4.9,0.3,0.0
2025-12-02,other,yoga,TRAINING,0.0,34.72,34.72,71.0,100.0,1.0,0.0,0.0
2025-12-03,run,running,RUNNING,3.43,15.2,15.17,144.0,155.0,37.0,2.2,0.0
2025-12-03,run,track_running,RUNNING,8.83,43.6,36.77,142.0,169.0,92.2,2.9,1.5
2025-12-03,run,running,RUNNING,1.208,6.09,6.07,144.0,157.0,16.7,1.3,0.0
2025-12-04,run,running,RUNNING,10.244,47.22,47.13,156.0,169.0,94.6,3.1,0.0
2025-12-04,other,yoga,TRAINING,0.0,24.61,24.61,80.0,113.0,1.7,0.1,0.0
2025-12-05,run,running,RUNNING,3.357,14.75,14.72,148.0,168.0,47.9,2.4,0.0
2025-12-05,run,track_running,RUNNING,5.39,18.4,18.32,185.0,196.0,139.5,3.5,0.8
2025-12-05,run,running,RUNNING,1.234,6.5,6.48,145.0,155.0,17.2,1.3,0.0
2025-12-06,run,running,RUNNING,12.017,55.96,55.93,158.0,170.0,114.7,3.4,0.0
2025-12-06,other,strength_training,TRAINING,0.0,42.13,9.39,104.0,141.0,13.0,0.8,0.2
2025-12-06,bike,mountain_biking,CYCLING,12.068,49.86,49.46,111.0,142.0,14.8,1.1,0.0
2025-12-08,run,running,RUNNING,3.455,14.61,14.6,153.0,172.0,47.6,2.4,0.0
2025-12-08,run,track_running,RUNNING,6.55,33.73,30.63,152.0,193.0,149.5,3.0,2.8
2025-12-08,run,running,RUNNING,1.123,5.53,5.48,155.0,165.0,21.4,1.6,0.0
2025-12-08,other,strength_training,TRAINING,0.0,77.15,13.43,87.0,142.0,6.9,0.3,0.1
2025-12-08,other,yoga,TRAINING,0.0,17.71,17.71,78.0,102.0,1.1,0.0,0.0
2025-12-09,run,running,RUNNING,10.58,45.87,45.5,156.0,168.0,124.2,3.4,0.0
2025-12-09,other,strength_training,FITNESS_EQUIPMENT,0.0,26.67,2.89,99.0,135.0,4.8,0.3,0.0
2025-12-10,run,running,RUNNING,3.47,15.2,15.18,148.0,170.0,42.2,2.3,0.0
2025-12-10,run,track_running,RUNNING,8.35,33.48,31.26,160.0,188.0,152.7,3.4,2.1
2025-12-10,run,running,RUNNING,1.225,6.76,6.75,151.0,167.0,19.3,1.4,0.0
2025-12-11,run,running,RUNNING,10.034,46.41,46.33,154.0,162.0,94.1,3.1,0.0
2025-12-12,run,running,RUNNING,3.404,15.13,15.12,147.0,162.0,47.0,2.4,0.0
2025-12-12,run,track_running,RUNNING,6.02,21.05,20.98,161.0,183.0,92.6,3.0,0.4
2025-12-12,run,running,RUNNING,1.522,8.17,8.15,136.0,154.0,19.0,1.4,0.0
2025-12-13,run,running,RUNNING,10.844,59.37,59.27,148.0,175.0,106.0,3.2,0.0
2025-12-14,other,yoga,TRAINING,0.0,48.7,48.7,73.0,104.0,1.3,0.1,0.0
2025-12-15,run,running,RUNNING,3.413,15.18,15.15,138.0,156.0,31.5,2.0,0.0
2025-12-15,run,track_running,RUNNING,8.62,39.46,33.64,139.0,189.0,118.0,2.8,2.4
2025-12-15,run,running,RUNNING,1.248,6.57,6.53,139.0,157.0,16.6,1.2,0.0
2025-12-16,run,running,RUNNING,10.07,43.35,42.8,150.2,165.0,109.8,3.2,0.2
2025-12-16,other,strength_training,FITNESS_EQUIPMENT,0.0,28.84,3.59,105.0,144.0,8.8,0.5,0.1
2025-12-16,other,yoga,TRAINING,0.0,18.29,18.29,77.0,102.0,1.1,0.0,0.0
2025-12-17,run,running,RUNNING,3.358,15.4,15.37,142.0,161.0,33.1,2.1,0.0
2025-12-17,run,track_running,RUNNING,5.09,27.42,23.55,147.0,165.0,157.9,2.6,3.1
2025-12-17,run,running,RUNNING,1.193,6.62,6.6,140.0,150.0,13.0,0.9,0.0
2025-12-17,other,yoga,TRAINING,0.0,27.72,27.72,86.0,110.0,1.7,0.1,0.0
2025-12-18,run,running,RUNNING,6.061,30.58,30.5,140.0,153.0,45.7,2.3,0.0
2025-12-18,other,yoga,TRAINING,0.0,26.33,26.33,74.0,104.0,1.0,0.0,0.0
2025-12-19,run,running,RUNNING,10.506,48.44,48.41,151.0,160.0,93.5,3.1,0.0
2025-12-20,run,running,RUNNING,3.551,15.28,15.25,148.0,168.0,49.6,2.4,0.0
2025-12-20,run,running,RUNNING,4.304,22.53,19.56,155.0,198.0,110.9,2.7,2.3
2025-12-20,run,running,RUNNING,1.524,7.63,7.57,141.0,154.0,20.5,1.5,0.0
2025-12-20,other,strength_training,TRAINING,0.0,61.62,10.63,86.0,129.0,3.4,0.2,0.0
2025-12-21,run,running,RUNNING,10.069,47.6,47.47,148.0,159.0,75.7,2.9,0.0
2025-12-21,other,strength_training,FITNESS_EQUIPMENT,0.0,98.51,15.3,83.0,140.0,4.3,0.2,0.0
2025-12-21,other,yoga,TRAINING,0.0,19.72,19.72,73.0,98.0,1.0,0.0,0.0
2025-12-22,run,running,RUNNING,3.441,15.14,15.08,151.0,165.0,47.7,2.3,0.0
2025-12-22,run,track_running,RUNNING,9.87,43.83,39.48,146.0,169.0,153.2,2.9,2.9
2025-12-22,run,running,RUNNING,1.212,6.66,6.63,134.0,149.0,14.6,1.0,0.0
2025-12-23,run,running,RUNNING,11.016,50.07,50.02,143.0,167.0,79.4,2.9,0.0
2025-12-23,other,yoga,TRAINING,0.0,44.91,44.91,75.0,117.0,1.3,0.1,0.0
2025-12-24,run,running,RUNNING,3.719,15.41,15.39,141.0,160.0,39.8,2.2,0.0
2025-12-24,run,running,RUNNING,4.855,24.77,20.8,149.0,175.0,71.7,2.7,0.5
2025-12-24,other,strength_training,TRAINING,0.0,98.31,20.14,75.0,130.0,4.5,0.3,0.0
2025-12-24,other,yoga,TRAINING,0.0,25.86,25.86,71.0,92.0,0.9,0.0,0.0
2025-12-26,run,running,RUNNING,11.049,57.06,56.77,156.0,181.0,137.4,3.5,0.0
2025-12-27,run,running,RUNNING,3.582,16.73,16.62,142.0,159.0,41.5,2.2,0.0
2025-12-27,run,track_running,RUNNING,7.36,30.14,29.83,153.0,191.0,141.4,3.0,2.4
2025-12-27,run,track_running,RUNNING,1.3,6.68,6.63,143.0,157.0,15.2,1.1,0.0
2025-12-27,other,yoga,TRAINING,0.0,31.57,31.57,82.0,106.0,1.7,0.1,0.0
2025-12-29,run,running,RUNNING,6.544,30.04,30.02,152.0,164.0,84.9,3.0,0.0
2026-01-01,run,running,RUNNING,4.691,20.53,20.5,136.0,154.0,37.0,2.1,0.0
2026-01-02,other,yoga,TRAINING,0.0,26.13,26.13,77.0,109.0,1.2,0.0,0.0
2026-01-05,other,yoga,TRAINING,0.0,45.85,45.85,68.0,98.0,1.0,0.0,0.0
2026-01-06,other,yoga,TRAINING,0.0,9.61,9.61,72.0,93.0,0.6,0.0,0.0
2026-01-08,bike,mountain_biking,CYCLING,25.032,73.06,72.03,151.0,177.0,158.1,3.4,2.3
2026-01-09,bike,mountain_biking,CYCLING,21.428,73.1,71.7,132.0,173.0,62.0,2.4,1.3
2026-01-10,bike,mountain_biking,CYCLING,9.28,25.84,20.95,139.0,159.0,49.7,2.2,1.1
2026-01-10,bike,mountain_biking,CYCLING,11.886,29.8,29.73,165.0,195.0,146.0,3.3,2.3
2026-01-10,bike,mountain_biking,CYCLING,7.887,28.24,27.82,131.0,154.0,29.1,2.0,0.3
2026-01-11,bike,mountain_biking,CYCLING,41.818,121.28,120.8,138.0,166.0,97.5,3.0,1.4
2026-01-11,other,yoga,TRAINING,0.0,34.28,34.28,78.0,105.0,1.5,0.1,0.0
2026-01-12,bike,indoor_cycling,CYCLING,0.0,20.34,20.34,133.0,151.0,30.9,2.0,0.3
2026-01-12,bike,indoor_cycling,CYCLING,0.0,41.7,41.7,142.7,185.0,158.3,3.1,3.0
2026-01-13,bike,e_bike_fitness,,11.798,28.69,28.45,121.0,163.0,26.0,1.6,0.4
2026-01-13,bike,e_bike_fitness,CYCLING,11.833,33.14,32.88,113.0,154.0,22.4,0.9,0.7
2026-01-13,other,yoga,TRAINING,0.0,42.46,42.46,77.0,109.0,1.4,0.1,0.0
2026-01-14,bike,indoor_cycling,CYCLING,0.0,20.02,20.02,129.0,153.0,21.3,1.7,0.0
2026-01-14,other,strength_training,TRAINING,0.0,36.33,5.2,104.0,146.0,19.5,0.7,0.9
2026-01-14,bike,indoor_cycling,CYCLING,0.0,5.77,5.77,132.0,149.0,16.1,1.1,0.1
2026-01-15,bike,mountain_biking,CYCLING,35.098,93.65,93.5,141.0,174.0,103.7,3.0,2.0
2026-01-15,other,yoga,TRAINING,0.0,30.29,30.29,78.0,124.0,1.6,0.1,0.0
2026-01-16,bike,mountain_biking,CYCLING,35.515,95.46,94.51,145.0,181.0,206.1,3.5,3.1
2026-01-17,bike,mountain_biking,CYCLING,24.707,67.79,67.73,132.0,165.0,71.1,2.4,2.0
2026-01-18,bike,mountain_biking,CYCLING,51.696,152.93,150.68,136.0,179.0,159.7,3.1,2.9
2026-01-18,other,strength_training,FITNESS_EQUIPMENT,0.0,47.74,11.55,101.0,149.0,26.2,0.7,1.2
2026-01-19,other,yoga,TRAINING,0.0,23.37,23.37,73.0,100.0,1.1,0.0,0.0
2026-01-20,bike,mountain_biking,CYCLING,29.745,87.43,86.7,133.0,158.0,64.3,2.5,1.2
2026-01-21,bike,indoor_cycling,CYCLING,0.0,82.35,82.35,133.0,185.0,157.4,3.1,3.0
2026-01-22,bike,mountain_biking,CYCLING,13.135,37.87,37.85,140.0,165.0,60.4,2.4,1.1
2026-01-23,bike,mountain_biking,CYCLING,26.385,78.57,78.15,132.0,168.0,67.8,2.5,1.5
2026-01-23,other,strength_training,FITNESS_EQUIPMENT,0.0,79.55,19.43,103.0,168.0,37.8,1.2,1.8
2026-01-24,bike,indoor_cycling,CYCLING,0.0,63.47,63.47,130.0,165.0,55.6,2.3,1.3
2026-01-25,bike,indoor_cycling,CYCLING,0.0,72.01,72.01,119.0,138.0,22.5,1.8,0.0
2026-01-25,other,strength_training,FITNESS_EQUIPMENT,0.0,33.15,13.04,98.0,136.0,4.5,0.3,0.0
2026-01-26,bike,indoor_cycling,CYCLING,0.0,99.17,99.17,123.0,147.0,39.7,2.2,0.2
2026-01-27,bike,mountain_biking,CYCLING,35.089,100.0,99.66,143.0,187.0,251.6,3.4,3.7
2026-01-27,other,yoga,TRAINING,0.0,29.14,29.14,72.0,102.0,1.4,0.1,0.0
2026-01-28,bike,indoor_cycling,CYCLING,0.0,60.01,60.01,126.0,148.0,36.0,2.1,0.4
2026-01-28,other,strength_training,TRAINING,0.0,55.59,20.88,99.0,149.0,16.7,0.6,0.6
2026-01-29,bike,indoor_cycling,CYCLING,0.0,101.34,101.34,129.0,153.0,47.3,2.4,0.1
2026-01-29,other,strength_training,TRAINING,0.0,60.02,17.73,100.0,192.0,21.1,0.9,0.7
2026-01-30,other,yoga,TRAINING,0.0,34.91,34.91,79.0,115.0,1.6,0.1,0.0
2026-01-31,bike,mountain_biking,CYCLING,29.565,86.53,86.29,131.0,172.0,80.9,2.4,2.1
2026-01-31,other,strength_training,FITNESS_EQUIPMENT,0.0,55.49,10.49,81.0,129.0,2.8,0.2,0.0
2026-02-01,run,treadmill_running,RUNNING,1.64,14.66,11.24,117.0,144.0,11.4,0.7,0.1
2026-02-02,other,strength_training,TRAINING,0.0,28.93,7.35,84.0,124.0,2.8,0.2,0.0
2026-02-02,other,yoga,TRAINING,0.0,17.34,17.34,79.0,107.0,1.4,0.1,0.0
2026-02-03,run,treadmill_running,RUNNING,1.858,14.44,12.39,116.0,137.0,9.1,0.7,0.0
2026-02-04,bike,indoor_cycling,CYCLING,0.0,62.01,62.01,140.0,192.0,167.4,3.1,2.9
2026-02-04,other,strength_training,TRAINING,0.0,62.93,12.74,93.0,137.0,5.8,0.4,0.0
2026-02-05,run,running,RUNNING,3.337,19.47,19.38,132.0,156.0,22.6,1.7,0.0
2026-02-06,bike,indoor_cycling,CYCLING,0.0,47.61,47.61,135.0,154.0,53.8,2.3,0.8
2026-02-06,other,strength_training,TRAINING,0.0,33.26,9.19,107.0,169.0,27.4,0.8,1.2
2026-02-08,run,treadmill_running,RUNNING,2.369,20.94,14.82,132.0,163.0,40.3,2.1,0.7
2026-02-09,run,treadmill_running,RUNNING,2.339,15.21,13.14,134.0,171.0,36.1,2.0,0.6
2026-02-10,other,strength_training,FITNESS_EQUIPMENT,0.0,41.87,27.01,125.0,155.0,37.2,2.0,0.8
2026-02-11,run,treadmill_running,RUNNING,1.388,9.13,8.23,126.0,144.0,10.8,0.9,0.0
2026-02-13,run,treadmill_running,RUNNING,3.279,21.99,19.13,142.0,165.0,59.7,2.4,1.3
2026-02-13,other,strength_training,TRAINING,0.0,32.33,10.11,120.0,151.0,24.8,1.6,0.4
2026-02-16,run,treadmill_running,RUNNING,3.45,24.12,21.29,129.0,156.0,35.7,1.9,1.0
2026-02-17,run,treadmill_running,RUNNING,2.893,15.87,15.15,138.0,155.0,35.5,2.1,0.4
2026-02-17,other,strength_training,TRAINING,0.0,75.82,14.11,101.0,157.0,28.2,1.3,0.9
2026-02-17,other,yoga,TRAINING,0.0,21.34,21.34,76.0,97.0,1.1,0.0,0.0
2026-02-18,bike,mountain_biking,CYCLING,36.535,100.01,99.62,156.0,187.0,256.3,4.1,3.0
2026-02-19,other,strength_training,TRAINING,0.0,60.38,11.75,80.0,132.0,2.8,0.2,0.0
2026-02-19,other,yoga,TRAINING,0.0,11.44,11.44,74.0,94.0,1.0,0.0,0.0
2026-02-20,run,running,RUNNING,3.076,14.11,14.05,142.0,171.0,33.0,2.1,0.0
2026-02-21,bike,mountain_biking,CYCLING,34.159,87.44,87.38,141.0,181.0,128.3,3.0,2.5
2026-02-21,other,strength_training,FITNESS_EQUIPMENT,0.0,21.35,7.1,110.0,136.0,8.6,0.7,0.0
2026-02-22,run,running,RUNNING,3.395,14.63,14.6,,,5.4,0.4,0.0
2026-02-22,other,strength_training,TRAINING,0.0,87.99,19.95,109.0,151.0,22.1,1.1,0.7
2026-02-22,other,yoga,TRAINING,0.0,18.17,18.17,84.0,104.0,1.6,0.1,0.0
2026-02-23,bike,mountain_biking,CYCLING,34.858,94.07,93.65,138.0,173.0,107.6,3.0,2.0
2026-02-23,other,strength_training,TRAINING,0.0,43.51,16.8,109.0,164.0,28.6,1.3,1.0
2026-02-23,other,yoga,TRAINING,0.0,43.79,43.79,94.0,116.0,2.9,0.2,0.0
2026-02-24,run,running,RUNNING,3.766,16.45,16.42,134.0,159.0,33.2,2.1,0.0
2026-02-24,other,yoga,TRAINING,0.0,23.88,23.88,80.0,101.0,1.4,0.1,0.0
2026-02-24,other,yoga,TRAINING,0.0,15.87,15.87,95.0,120.0,2.6,0.2,0.0
2026-02-25,bike,mountain_biking,CYCLING,25.97,73.22,72.67,128.0,156.0,43.7,2.2,0.6
2026-02-25,other,strength_training,FITNESS_EQUIPMENT,0.0,57.48,18.19,96.0,144.0,11.8,0.7,0.2
2026-02-26,run,running,RUNNING,4.849,20.4,20.36,151.0,171.0,64.9,2.8,0.0
2026-02-27,bike,mountain_biking,CYCLING,35.344,94.46,94.24,140.0,184.0,167.1,3.1,3.1
2026-02-27,other,strength_training,TRAINING,0.0,68.82,23.58,99.0,142.0,9.3,0.6,0.1
2026-02-27,other,yoga,TRAINING,0.0,5.54,5.54,85.0,98.0,0.7,0.0,0.0
2026-02-28,run,running,RUNNING,3.36,16.13,16.1,135.0,168.0,31.0,2.1,0.0
2026-03-01,bike,mountain_biking,CYCLING,30.185,81.28,79.83,137.0,193.0,153.9,3.1,3.0
2026-03-01,other,strength_training,FITNESS_EQUIPMENT,0.0,72.27,17.07,90.0,147.0,12.1,0.4,0.5
2026-03-01,other,yoga,TRAINING,0.0,11.71,11.71,71.0,105.0,0.9,0.0,0.0
2026-03-02,run,running,RUNNING,4.342,19.85,19.84,137.0,154.0,37.7,2.2,0.0
2026-03-02,other,strength_training,TRAINING,0.0,73.62,14.36,85.0,152.0,16.6,0.3,1.0
2026-03-04,run,running,RUNNING,4.101,19.63,19.6,133.0,160.0,31.4,2.1,0.0
2026-03-05,other,strength_training,TRAINING,0.0,61.9,23.14,97.0,148.0,20.4,0.9,0.7
2026-03-06,run,running,RUNNING,5.429,23.14,23.11,150.0,168.0,66.9,2.8,0.0
2026-03-07,other,strength_training,FITNESS_EQUIPMENT,0.0,23.03,10.08,101.0,136.0,5.8,0.4,0.0
2026-03-08,run,treadmill_running,RUNNING,3.698,19.76,19.63,144.0,156.0,51.3,2.5,0.0
2026-03-08,other,yoga,TRAINING,0.0,41.82,41.82,82.0,109.0,1.9,0.1,0.0
2026-03-09,run,running,RUNNING,0.528,2.63,2.6,151.0,173.0,12.3,0.9,0.1
2026-03-09,run,running,RUNNING,0.523,2.63,2.63,146.0,164.0,9.2,0.7,0.0
2026-03-09,run,running,RUNNING,0.52,2.57,2.57,142.0,160.0,7.4,0.6,0.0
2026-03-09,run,running,RUNNING,0.516,2.56,2.55,135.0,152.0,6.6,0.5,0.0
2026-03-09,other,strength_training,TRAINING,0.0,57.56,13.22,75.0,128.0,3.6,0.3,0.0
2026-03-10,run,running,RUNNING,5.041,22.82,22.76,162.0,189.0,112.8,3.1,2.0
2026-03-11,run,running,RUNNING,0.393,2.66,2.63,137.0,150.0,12.9,0.5,0.5
2026-03-11,other,strength_training,TRAINING,0.0,93.22,24.71,82.0,133.0,4.2,0.3,0.0
2026-03-12,run,running,RUNNING,6.222,28.34,28.3,155.0,171.0,84.1,3.1,0.0
2026-03-13,run,running,RUNNING,0.443,2.91,2.63,125.0,149.0,8.0,0.3,0.3
2026-03-13,bike,mountain_biking,CYCLING,29.779,81.66,81.51,132.0,183.0,112.0,2.7,2.6
2026-03-13,other,strength_training,TRAINING,0.0,46.09,11.27,86.0,124.0,4.4,0.3,0.0
2026-03-13,other,yoga,TRAINING,0.0,33.18,33.18,83.0,110.0,1.8,0.1,0.0
2026-03-14,run,running,RUNNING,5.764,27.44,27.42,155.0,170.0,72.3,3.0,0.0
2026-03-14,other,strength_training,TRAINING,0.0,40.41,8.35,90.0,136.0,5.2,0.4,0.0
2026-03-14,other,yoga,TRAINING,0.0,14.54,14.54,85.0,99.0,1.3,0.1,0.0
2026-03-15,run,running,RUNNING,0.471,3.61,2.67,122.0,139.0,12.4,0.3,0.6
2026-03-15,other,yoga,TRAINING,0.0,55.74,55.74,74.0,105.0,1.3,0.1,0.0
2026-03-16,run,running,RUNNING,7.293,32.19,31.85,155.0,187.0,90.2,3.0,0.8
2026-03-16,other,strength_training,FITNESS_EQUIPMENT,0.0,40.86,7.93,116.0,158.0,30.0,1.5,0.9
2026-03-18,run,running,RUNNING,6.212,30.78,30.73,158.0,191.0,108.5,3.1,2.0
2026-03-18,other,strength_training,TRAINING,0.0,44.93,14.8,88.0,130.0,3.3,0.2,0.0
2026-03-18,other,yoga,TRAINING,0.0,20.91,20.91,71.0,108.0,1.2,0.1,0.0
2026-03-19,bike,mountain_biking,CYCLING,27.705,74.02,73.87,142.0,168.0,116.4,3.0,2.3
2026-03-19,other,strength_training,TRAINING,0.0,27.46,10.57,96.0,140.0,4.5,0.3,0.0
2026-03-20,run,running,RUNNING,6.329,29.11,29.08,127.0,153.0,35.6,2.2,0.0
2026-03-20,run,running,RUNNING,0.489,2.72,2.57,137.0,161.0,12.3,0.5,0.4
2026-03-22,run,running,RUNNING,6.785,30.68,30.62,168.0,180.0,119.6,3.5,0.0
2026-03-22,run,running,RUNNING,0.675,7.21,5.48,127.0,167.0,20.8,0.8,0.9
2026-03-22,other,strength_training,TRAINING,0.0,52.9,10.36,95.0,134.0,5.9,0.4,0.0
2026-03-23,other,strength_training,FITNESS_EQUIPMENT,0.0,53.94,11.32,89.0,147.0,20.8,0.5,1.1
2026-03-23,other,yoga,TRAINING,0.0,23.2,23.2,71.0,95.0,3.0,0.2,0.0
2026-03-24,run,running,RUNNING,7.886,33.63,33.53,140.0,165.0,59.3,2.7,0.0
2026-03-24,other,strength_training,TRAINING,0.0,41.47,10.3,113.0,149.0,25.3,1.2,0.8
2026-03-24,other,yoga,TRAINING,0.0,18.8,18.8,77.0,101.0,0.9,0.0,0.0
2026-03-25,run,running,RUNNING,3.38,14.62,14.59,165.0,182.0,68.4,2.9,0.0
2026-03-25,run,track_running,RUNNING,2.85,15.97,12.99,160.0,195.0,109.7,2.7,2.5
2026-03-25,other,yoga,TRAINING,0.0,23.15,23.15,93.0,112.0,2.6,0.2,0.0
2026-03-26,bike,indoor_cycling,CYCLING,0.0,40.1,40.1,129.0,152.0,27.1,2.0,0.2
2026-03-26,other,strength_training,TRAINING,0.0,15.45,8.16,119.0,146.0,11.1,0.8,0.1
2026-03-27,run,running,RUNNING,6.369,30.08,30.02,149.0,181.0,66.3,2.8,0.0
2026-03-27,run,running,RUNNING,0.45,2.86,2.79,140.0,151.0,12.8,0.5,0.5
2026-03-27,other,yoga,TRAINING,0.0,5.66,5.66,74.0,93.0,2.4,0.2,0.0
2026-03-28,run,running,RUNNING,3.102,14.09,14.08,156.0,173.0,50.8,2.5,0.0
2026-03-28,run,running,RUNNING,3.586,16.11,16.04,167.0,188.0,80.0,2.8,1.1
2026-03-28,run,running,RUNNING,1.303,6.49,6.45,152.0,166.0,23.3,1.9,0.0
2026-03-28,other,strength_training,TRAINING,0.0,43.42,10.22,81.0,140.0,4.1,0.2,0.0
2026-03-29,bike,mountain_biking,CYCLING,32.985,90.71,90.64,131.0,158.0,53.0,2.4,0.6
2026-03-29,other,strength_training,TRAINING,0.0,38.56,11.76,88.0,139.0,5.4,0.4,0.0
2026-03-29,other,yoga,TRAINING,0.0,23.13,23.13,78.0,99.0,1.3,0.1,0.0
2026-03-30,run,running,RUNNING,3.397,14.49,14.46,163.0,192.0,85.8,2.8,1.9
2026-03-30,run,running,RUNNING,3.158,15.01,13.4,164.0,197.0,131.4,2.9,2.8
2026-03-30,other,yoga,TRAINING,0.0,14.15,14.15,85.0,104.0,1.4,0.1,0.0
2026-03-31,run,running,RUNNING,7.57,34.02,33.98,159.0,192.0,126.8,3.2,2.1
2026-03-31,other,strength_training,TRAINING,0.0,28.52,8.92,110.0,151.0,29.3,1.1,1.2
2026-04-01,bike,mountain_biking,CYCLING,29.538,82.86,82.38,133.0,159.0,63.9,2.5,1.1
2026-04-01,other,strength_training,TRAINING,0.0,29.46,4.6,78.0,123.0,1.8,0.1,0.0
2026-04-02,run,running,RUNNING,7.784,30.97,30.93,165.0,187.0,150.2,3.6,0.5
2026-04-02,other,yoga,TRAINING,0.0,21.05,21.05,78.0,102.0,1.1,0.0,0.0
2026-04-03,run,running,RUNNING,3.255,15.03,14.99,150.0,175.0,48.4,2.4,0.0
2026-04-03,run,running,RUNNING,4.045,21.66,21.55,147.0,186.0,87.1,2.4,2.2
2026-04-04,bike,mountain_biking,CYCLING,26.186,73.45,73.13,128.0,175.0,66.1,2.2,2.0
2026-04-04,other,strength_training,FITNESS_EQUIPMENT,0.0,19.08,7.44,95.0,125.0,3.2,0.2,0.0
2026-04-05,run,running,RUNNING,6.016,28.37,28.34,158.0,174.0,83.8,3.0,0.0
2026-04-05,run,running,RUNNING,0.326,1.95,1.92,152.0,163.0,22.1,0.5,1.2
2026-04-06,run,running,RUNNING,6.445,30.61,30.56,150.0,167.0,73.6,2.9,0.0
2026-04-06,other,strength_training,TRAINING,0.0,34.62,11.33,81.0,127.0,2.3,0.1,0.0
2026-04-07,other,lap_swimming,SWIMMING,1.425,51.8,25.48,112.0,164.0,52.6,1.8,2.0
2026-04-07,run,running,RUNNING,3.391,14.35,14.33,147.0,176.0,45.1,2.3,0.0
2026-04-07,run,track_running,RUNNING,4.71,22.62,20.64,155.0,194.0,149.2,2.9,2.9
2026-04-07,run,running,RUNNING,0.519,2.66,2.66,150.0,167.0,10.0,0.7,0.0
2026-04-07,other,yoga,TRAINING,0.0,33.25,33.25,89.0,113.0,2.1,0.1,0.0
2026-04-08,bike,mountain_biking,CYCLING,29.795,83.54,83.3,126.0,159.0,40.7,2.1,0.6
2026-04-08,other,strength_training,TRAINING,0.0,70.54,9.25,81.0,155.0,14.2,0.6,0.4
2026-04-09,run,running,RUNNING,9.023,36.49,36.46,155.0,176.0,114.3,3.3,0.0
2026-04-09,other,strength_training,TRAINING,0.0,40.7,13.91,127.0,155.0,53.9,2.0,2.0
2026-04-09,other,yoga,TRAINING,0.0,11.7,11.7,82.0,110.0,1.4,0.1,0.0
2026-04-10,run,running,RUNNING,3.293,15.8,15.75,143.0,161.0,38.7,2.2,0.0
2026-04-10,run,running,RUNNING,4.767,26.62,26.23,149.0,188.0,143.7,2.6,3.1
2026-04-11,run,running,RUNNING,6.313,30.02,29.99,159.0,173.0,82.5,3.0,0.0
2026-04-11,other,strength_training,TRAINING,0.0,54.91,9.27,75.0,137.0,3.3,0.2,0.0
2026-04-11,other,yoga,TRAINING,0.0,23.45,23.45,75.0,118.0,1.1,0.0,0.0
2026-04-12,bike,mountain_biking,CYCLING,29.75,78.6,78.58,137.0,165.0,75.8,2.6,1.2
2026-04-13,run,running,RUNNING,3.373,14.7,14.67,159.0,171.0,58.2,2.5,0.0
2026-04-13,run,track_running,RUNNING,5.55,29.29,24.48,158.0,195.0,168.7,3.0,3.0
2026-04-13,other,yoga,TRAINING,0.0,33.46,33.46,76.0,115.0,1.3,0.0,0.0
2026-04-14,run,running,RUNNING,8.303,37.98,37.92,144.0,187.0,71.8,2.7,0.2
2026-04-14,other,strength_training,FITNESS_EQUIPMENT,0.0,50.39,18.96,115.0,180.0,43.5,1.6,1.6
2026-04-14,other,yoga,TRAINING,0.0,16.43,16.43,71.0,94.0,0.7,0.0,0.0
2026-04-14,other,yoga,TRAINING,0.0,20.5,20.5,74.0,107.0,1.6,0.1,0.0
2026-04-15,bike,mountain_biking,CYCLING,29.86,81.3,81.23,131.0,157.0,62.5,2.4,0.8
2026-04-15,other,strength_training,TRAINING,0.0,13.19,2.84,103.0,128.0,4.3,0.3,0.0
2026-04-16,run,running,RUNNING,3.433,15.05,14.97,166.0,193.0,75.9,2.7,0.6
2026-04-16,run,track_running,RUNNING,4.18,29.22,23.1,154.0,199.0,184.4,2.8,3.3
2026-04-16,run,running,RUNNING,0.56,3.46,3.4,138.0,151.0,6.8,0.5,0.0
2026-04-17,run,running,RUNNING,8.715,43.06,43.02,153.0,167.0,100.6,3.1,0.1
2026-04-18,run,running,RUNNING,3.575,18.49,18.46,149.0,163.0,46.5,2.3,0.0
2026-04-18,run,running,RUNNING,1.171,11.74,11.26,118.0,171.0,45.8,0.7,2.1
2026-04-18,other,yoga,TRAINING,0.0,22.56,22.56,83.0,105.0,1.4,0.1,0.0
2026-04-19,other,yoga,TRAINING,0.0,15.67,15.67,74.0,106.0,0.9,0.0,0.0
2026-04-20,run,running,RUNNING,6.025,28.67,28.64,156.0,172.0,84.2,3.0,0.0
2026-04-20,other,strength_training,FITNESS_EQUIPMENT,0.0,30.14,10.91,104.0,147.0,12.9,0.8,0.0
2026-04-20,other,yoga,TRAINING,0.0,17.33,17.33,82.0,120.0,1.2,0.0,0.0
2026-04-21,run,running,RUNNING,10.177,44.18,44.13,158.0,176.0,135.8,3.5,0.0
2026-04-21,other,strength_training,TRAINING,0.0,37.65,14.02,117.0,152.0,22.6,1.2,0.4
2026-04-21,other,yoga,TRAINING,0.0,25.81,25.81,74.0,99.0,1.1,0.0,0.0
2026-04-22,bike,mountain_biking,CYCLING,11.075,25.93,25.62,131.0,154.0,35.1,2.0,0.5
2026-04-22,run,running,RUNNING,3.186,14.62,14.44,168.0,196.0,116.0,2.7,2.3
2026-04-22,run,track_running,RUNNING,5.35,33.83,27.76,142.0,191.0,191.9,2.6,3.5
2026-04-22,bike,mountain_biking,CYCLING,11.57,33.97,33.3,115.0,142.0,13.8,0.9,0.0
2026-04-22,other,yoga,TRAINING,0.0,36.41,36.41,82.0,109.0,1.7,0.1,0.0
2026-04-23,run,running,RUNNING,7.77,37.01,36.99,152.0,170.0,87.1,3.0,0.0
2026-04-23,other,strength_training,TRAINING,0.0,54.6,24.07,98.0,153.0,19.5,0.9,0.4
2026-04-24,bike,e_bike_fitness,CYCLING,11.888,30.91,30.67,105.0,125.0,7.2,0.5,0.0
2026-04-24,run,running,RUNNING,3.368,15.21,15.2,162.0,183.0,63.1,2.6,0.0
2026-04-24,run,track_running,RUNNING,6.01,21.31,21.28,182.0,196.0,149.6,3.5,0.2
2026-04-24,bike,e_bike_fitness,,11.854,29.67,29.27,119.0,135.0,14.6,1.0,0.0
2026-04-24,other,yoga,TRAINING,0.0,21.83,21.83,73.0,101.0,1.2,0.0,0.0
2026-04-25,bike,mountain_biking,CYCLING,34.562,90.89,90.74,133.0,157.0,59.1,2.3,0.6
2026-04-25,other,strength_training,TRAINING,0.0,49.19,11.47,97.0,159.0,18.1,0.5,0.7
2026-04-26,run,running,RUNNING,7.36,34.95,34.89,135.0,162.0,55.8,2.5,0.0
2026-04-26,other,strength_training,TRAINING,0.0,38.36,10.78,105.0,157.0,14.6,0.8,0.2
2026-04-26,other,yoga,TRAINING,0.0,25.3,25.3,76.0,105.0,1.1,0.0,0.0
2026-04-27,run,running,RUNNING,3.386,14.84,14.8,149.0,174.0,50.8,2.4,0.0
2026-04-27,run,track_running,RUNNING,6.93,37.77,31.51,159.0,199.0,224.6,3.2,3.2
2026-04-27,run,running,RUNNING,0.547,2.89,2.83,150.0,157.0,7.6,0.5,0.0
2026-04-27,bike,mountain_biking,CYCLING,11.011,36.77,36.71,121.0,137.0,18.1,1.2,0.0
2026-04-27,other,yoga,TRAINING,0.0,12.89,12.89,80.0,97.0,1.1,0.0,0.0
2026-04-28,run,running,RUNNING,8.017,38.33,38.28,151.0,164.0,82.3,2.9,0.0
2026-04-28,other,strength_training,FITNESS_EQUIPMENT,0.0,42.52,13.81,103.0,145.0,35.8,0.7,1.8
2026-04-28,other,yoga,TRAINING,0.0,28.9,28.9,74.0,101.0,1.0,0.0,0.0
2026-04-29,bike,indoor_cycling,CYCLING,0.0,45.01,45.01,127.0,144.0,24.6,1.7,0.0
2026-04-29,other,strength_training,TRAINING,0.0,18.04,6.05,79.0,112.0,1.4,0.1,0.0
2026-04-29,other,yoga,TRAINING,0.0,23.98,23.98,68.0,98.0,0.7,0.0,0.0
2026-04-30,run,running,RUNNING,5.089,23.47,23.43,129.0,152.0,36.4,2.1,0.0
2026-04-30,run,running,RUNNING,1.576,10.41,10.37,119.0,156.0,26.7,0.7,1.1
2026-05-01,run,running,RUNNING,3.465,15.66,15.58,157.0,184.0,73.0,2.5,0.8
2026-05-01,run,running,RUNNING,1.008,5.21,5.08,144.0,159.0,17.5,1.2,0.0
2026-05-01,run,running,RUNNING,3.0,9.18,9.18,,,,,
2026-05-02,bike,mountain_biking,CYCLING,38.084,98.27,98.25,130.0,166.0,59.2,2.3,0.8
2026-05-02,other,strength_training,FITNESS_EQUIPMENT,0.0,55.52,15.09,86.0,136.0,3.4,0.2,0.0
2026-05-02,other,yoga,TRAINING,0.0,31.95,31.95,69.0,100.0,0.7,0.0,0.0
2026-05-03,run,running,RUNNING,6.207,28.19,28.09,136.0,152.0,50.7,2.4,0.0
2026-05-03,other,yoga,TRAINING,0.0,18.82,18.82,66.0,93.0,0.8,0.0,0.0
2026-05-04,run,running,RUNNING,3.421,15.07,15.04,161.0,190.0,79.0,2.5,1.3
2026-05-04,run,track_running,RUNNING,6.57,37.08,30.96,155.0,195.0,201.9,3.1,3.1
2026-05-04,run,running,RUNNING,0.551,2.93,2.9,139.0,151.0,6.7,0.4,0.0
2026-05-04,other,yoga,TRAINING,0.0,16.82,16.82,77.0,99.0,1.0,0.0,0.0
2026-05-05,run,running,RUNNING,9.483,40.76,40.7,148.0,165.0,94.2,3.0,0.0
2026-05-05,other,strength_training,TRAINING,0.0,45.67,13.11,107.0,143.0,17.3,0.8,0.3
2026-05-05,other,yoga,TRAINING,0.0,22.74,22.74,77.0,118.0,1.1,0.0,0.0
2026-05-06,run,running,RUNNING,8.435,40.91,40.86,144.0,166.0,65.3,2.6,0.0
2026-05-06,other,yoga,TRAINING,0.0,35.77,35.77,85.0,116.0,2.1,0.1,0.0
2026-05-07,run,running,RUNNING,3.355,14.99,14.97,144.0,160.0,43.3,2.3,0.0
2026-05-07,run,track_running,RUNNING,4.27,31.64,23.68,150.0,195.0,173.1,2.7,3.1
2026-05-07,run,running,RUNNING,0.566,3.0,2.97,144.0,154.0,8.3,0.5,0.0
2026-05-08,bike,mountain_biking,CYCLING,30.809,84.99,84.51,122.0,143.0,26.4,1.8,0.0
2026-05-08,other,yoga,TRAINING,0.0,2.46,2.46,79.0,88.0,0.4,0.0,0.0
2026-05-09,run,running,RUNNING,10.104,46.01,45.95,163.0,186.0,148.4,3.6,0.0
2026-05-09,other,strength_training,FITNESS_EQUIPMENT,0.0,108.53,22.47,83.0,148.0,14.2,0.5,0.5
2026-05-09,other,yoga,TRAINING,0.0,36.55,36.55,64.0,98.0,0.6,0.0,0.0
2026-05-10,run,running,RUNNING,6.481,31.29,31.25,135.0,153.0,48.4,2.3,0.0
2026-05-10,run,running,RUNNING,1.503,14.3,14.22,107.0,146.0,37.0,0.5,2.0
2026-05-11,run,running,RUNNING,9.748,45.35,44.94,155.0,171.0,119.7,3.3,0.3
2026-05-11,other,strength_training,TRAINING,0.0,44.65,9.98,30.0,124.0,5.1,0.3,0.0
2026-05-11,other,yoga,TRAINING,0.0,31.23,31.23,71.0,91.0,0.9,0.0,0.0
2026-05-12,run,running,RUNNING,3.445,14.75,14.72,140.0,161.0,37.1,2.2,0.0
2026-05-12,run,track_running,RUNNING,5.97,27.23,22.96,145.0,190.0,147.0,2.8,2.8
2026-05-12,run,running,RUNNING,1.066,5.54,5.53,141.0,153.0,16.2,1.1,0.0
2026-05-12,other,yoga,TRAINING,0.0,34.21,34.21,76.0,111.0,1.4,0.1,0.0
2026-05-13,bike,mountain_biking,CYCLING,23.038,64.62,64.52,127.0,156.0,35.1,2.0,0.2
2026-05-13,other,strength_training,TRAINING,0.0,29.93,13.61,82.0,135.0,4.4,0.3,0.0
2026-05-13,other,yoga,TRAINING,0.0,16.53,16.53,61.0,91.0,0.4,0.0,0.0
2026-05-14,run,running,RUNNING,7.176,34.44,34.4,143.0,171.0,64.5,2.6,0.0
2026-05-14,other,strength_training,FITNESS_EQUIPMENT,0.0,51.86,9.31,84.0,146.0,7.5,0.5,0.0
2026-05-15,other,yoga,TRAINING,0.0,23.71,23.71,69.0,98.0,0.9,0.0,0.0
2026-05-16,run,running,RUNNING,5.049,23.75,23.71,153.0,169.0,72.0,2.8,0.0
2026-05-16,run,running,RUNNING,1.683,10.76,10.68,136.0,174.0,44.4,1.5,1.7
2026-05-17,run,running,RUNNING,3.009,14.62,14.45,151.0,183.0,47.7,2.3,0.0
2026-05-17,run,track_running,RUNNING,5.03,15.91,15.88,194.0,205.0,243.2,3.8,2.9
2026-05-17,run,running,RUNNING,0.554,2.89,2.77,143.0,160.0,10.4,0.7,0.0
2026-05-17,other,yoga,TRAINING,0.0,12.25,12.25,81.0,107.0,1.1,0.0,0.0
2026-05-18,bike,mountain_biking,CYCLING,30.068,83.8,83.32,123.0,154.0,34.7,2.0,0.1
2026-05-18,other,strength_training,FITNESS_EQUIPMENT,0.0,78.7,22.74,79.0,129.0,3.8,0.2,0.0
2026-05-18,other,yoga,TRAINING,0.0,39.7,39.7,73.0,104.0,0.9,0.0,0.0
2026-05-19,run,running,RUNNING,10.186,47.02,46.86,150.0,173.0,106.2,3.2,0.0
2026-05-20,run,running,RUNNING,3.353,14.86,14.83,159.0,178.0,55.2,2.5,0.0
2026-05-20,run,track_running,RUNNING,4.57,25.21,22.39,149.0,199.0,155.2,2.6,3.1
2026-05-21,run,running,RUNNING,4.633,21.92,21.88,153.0,176.0,61.7,2.6,0.0
2026-05-21,run,running,RUNNING,4.296,23.25,23.16,162.0,193.0,97.2,2.9,1.5
2026-05-21,other,strength_training,TRAINING,0.0,59.07,10.16,75.0,139.0,4.9,0.3,0.0
2026-05-22,run,running,RUNNING,3.383,14.91,14.87,154.0,178.0,49.1,2.4,0.0
2026-05-22,run,running,RUNNING,4.709,28.76,21.69,149.0,199.0,189.3,2.5,3.5
2026-05-22,run,running,RUNNING,0.622,3.15,3.12,143.0,154.0,7.8,0.5,0.0
2026-05-22,other,yoga,TRAINING,0.0,28.9,28.9,88.0,108.0,1.9,0.1,0.0
2026-05-23,bike,mountain_biking,CYCLING,32.938,89.56,84.8,129.0,154.0,49.4,2.3,0.4
2026-05-23,other,strength_training,TRAINING,0.0,41.74,14.14,94.0,153.0,12.2,0.3,0.5
2026-05-23,other,yoga,TRAINING,0.0,21.12,21.12,69.0,96.0,0.6,0.0,0.0
2026-05-24,run,running,RUNNING,9.023,41.52,41.41,162.0,183.0,101.3,3.2,0.0
2026-05-25,run,running,RUNNING,3.417,14.76,14.74,155.0,181.0,53.9,2.5,0.0
2026-05-25,run,track_running,RUNNING,7.34,42.7,33.41,161.0,207.0,242.9,3.2,3.5
2026-05-25,run,running,RUNNING,0.666,3.8,3.75,151.0,159.0,9.8,0.7,0.0
2026-05-25,other,yoga,TRAINING,0.0,29.6,29.6,94.0,113.0,2.3,0.1,0.0
2026-05-26,run,running,RUNNING,8.449,39.05,38.95,155.0,168.0,82.6,3.0,0.0
2026-05-26,other,strength_training,TRAINING,0.0,27.34,7.57,102.0,145.0,9.4,0.5,0.1
2026-05-26,other,yoga,TRAINING,0.0,32.03,32.03,79.0,153.0,1.3,0.1,0.0
2026-05-27,bike,mountain_biking,CYCLING,26.26,74.53,73.81,118.0,141.0,25.8,1.9,0.0
2026-05-27,other,yoga,TRAINING,0.0,13.57,13.57,76.0,118.0,0.8,0.0,0.0
2026-05-27,other,yoga,TRAINING,0.0,21.28,21.28,75.0,117.0,1.4,0.1,0.0
2026-05-28,other,strength_training,TRAINING,0.0,48.55,7.01,79.0,142.0,3.5,0.2,0.0
2026-05-29,run,running,RUNNING,5.197,24.33,24.3,152.0,184.0,61.2,2.6,0.0
2026-05-29,run,running,RUNNING,1.536,10.34,10.1,138.0,175.0,49.1,1.2,2.1
2026-05-30,run,running,RUNNING,3.175,15.47,15.45,151.0,165.0,40.1,2.2,0.0
2026-05-30,run,track_running,RUNNING,5.01,15.73,15.7,195.0,210.0,226.6,3.7,2.8
2026-05-30,run,running,RUNNING,0.89,5.66,5.47,134.0,147.0,8.6,0.6,0.0
2026-05-31,bike,mountain_biking,CYCLING,20.344,51.19,51.16,131.0,162.0,50.1,2.2,0.7
2026-05-31,bike,indoor_cycling,CYCLING,0.0,20.03,20.03,117.0,139.0,10.0,0.7,0.0
2026-06-01,run,running,RUNNING,2.949,13.41,13.23,153.0,175.0,37.6,2.2,0.0
2026-06-01,run,track_running,RUNNING,6.6,44.71,33.82,143.0,202.0,304.7,2.4,4.6
2026-06-01,run,running,RUNNING,0.554,3.06,2.93,144.0,159.0,7.1,0.5,0.0
2026-06-01,other,yoga,TRAINING,0.0,34.02,34.02,76.0,114.0,1.0,0.0,0.0
2026-06-02,run,running,RUNNING,8.683,40.75,40.72,158.0,181.0,86.4,3.0,0.1
2026-06-02,other,strength_training,TRAINING,0.0,61.74,10.49,85.0,137.0,3.4,0.2,0.0
2026-06-02,other,yoga,TRAINING,0.0,11.83,11.83,70.0,96.0,0.4,0.0,0.0
2026-06-02,other,yoga,TRAINING,0.0,14.24,14.24,69.0,100.0,0.4,0.0,0.0
2026-06-03,run,running,RUNNING,3.558,15.96,15.93,166.0,195.0,59.7,2.5,0.0
2026-06-03,run,track_running,RUNNING,5.36,28.61,23.9,151.0,193.0,153.4,2.5,3.0
2026-06-03,run,running,RUNNING,0.744,4.1,4.08,134.0,141.0,7.6,0.5,0.0
