source_image,metric_type,start_date,end_date,date,value,unit,extraction_confidence,notes
IMG_6396.PNG,HRV,2026-05-08,2026-06-04,2026-05-08,60.5,ms,high,"Digitized from Garmin HRV Status 4-week graph; marker=green; approximate 7-day HRV status value, not raw nightly exact value."
IMG_6396.PNG,HRV,2026-05-08,2026-06-04,2026-05-09,60.5,ms,high,"Digitized from Garmin HRV Status 4-week graph; marker=green; approximate 7-day HRV status value, not raw nightly exact value."
IMG_6396.PNG,HRV,2026-05-08,2026-06-04,2026-05-10,60.5,ms,high,"Digitized from Garmin HRV Status 4-week graph; marker=green; approximate 7-day HRV status value, not raw nightly exact value."
IMG_6396.PNG,HRV,2026-05-08,2026-06-04,2026-05-11,60.5,ms,high,"Digitized from Garmin HRV Status 4-week graph; marker=green; approximate 7-day HRV status value, not raw nightly exact value."
IMG_6396.PNG,HRV,2026-05-08,2026-06-04,2026-05-12,59.5,ms,high,"Digitized from Garmin HRV Status 4-week graph; marker=green; approximate 7-day HRV status value, not raw nightly exact value."
IMG_6396.PNG,HRV,2026-05-08,2026-06-04,2026-05-13,59.5,ms,high,"Digitized from Garmin HRV Status 4-week graph; marker=green; approximate 7-day HRV status value, not raw nightly exact value."
IMG_6396.PNG,HRV,2026-05-08,2026-06-04,2026-05-14,59.5,ms,high,"Digitized from Garmin HRV Status 4-week graph; marker=green; approximate 7-day HRV status value, not raw nightly exact value."
IMG_6396.PNG,HRV,2026-05-08,2026-06-04,2026-05-15,60.5,ms,high,"Digitized from Garmin HRV Status 4-week graph; marker=green; approximate 7-day HRV status value, not raw nightly exact value."
IMG_6396.PNG,HRV,2026-05-08,2026-06-04,2026-05-16,60.5,ms,high,"Digitized from Garmin HRV Status 4-week graph; marker=green; approximate 7-day HRV status value, not raw nightly exact value."
IMG_6396.PNG,HRV,2026-05-08,2026-06-04,2026-05-17,60.5,ms,high,"Digitized from Garmin HRV Status 4-week graph; marker=green; approximate 7-day HRV status value, not raw nightly exact value."
IMG_6396.PNG,HRV,2026-05-08,2026-06-04,2026-05-18,59.5,ms,high,"Digitized from Garmin HRV Status 4-week graph; marker=green; approximate 7-day HRV status value, not raw nightly exact value."
IMG_6396.PNG,HRV,2026-05-08,2026-06-04,2026-05-19,60.5,ms,high,"Digitized from Garmin HRV Status 4-week graph; marker=green; approximate 7-day HRV status value, not raw nightly exact value."
IMG_6396.PNG,HRV,2026-05-08,2026-06-04,2026-05-20,60.5,ms,high,"Digitized from Garmin HRV Status 4-week graph; marker=green; approximate 7-day HRV status value, not raw nightly exact value."
IMG_6396.PNG,HRV,2026-05-08,2026-06-04,2026-05-21,61.5,ms,high,"Digitized from Garmin HRV Status 4-week graph; marker=green; approximate 7-day HRV status value, not raw nightly exact value."
IMG_6396.PNG,HRV,2026-05-08,2026-06-04,2026-05-22,60.5,ms,high,"Digitized from Garmin HRV Status 4-week graph; marker=green; approximate 7-day HRV status value, not raw nightly exact value."
IMG_6396.PNG,HRV,2026-05-08,2026-06-04,2026-05-23,61.5,ms,high,"Digitized from Garmin HRV Status 4-week graph; marker=green; approximate 7-day HRV status value, not raw nightly exact value."
IMG_6396.PNG,HRV,2026-05-08,2026-06-04,2026-05-24,61.5,ms,high,"Digitized from Garmin HRV Status 4-week graph; marker=green; approximate 7-day HRV status value, not raw nightly exact value."
IMG_6396.PNG,HRV,2026-05-08,2026-06-04,2026-05-25,63.4,ms,high,"Digitized from Garmin HRV Status 4-week graph; marker=green; approximate 7-day HRV status value, not raw nightly exact value."
IMG_6396.PNG,HRV,2026-05-08,2026-06-04,2026-05-26,63.4,ms,high,"Digitized from Garmin HRV Status 4-week graph; marker=green; approximate 7-day HRV status value, not raw nightly exact value."
IMG_6396.PNG,HRV,2026-05-08,2026-06-04,2026-05-27,61.5,ms,high,"Digitized from Garmin HRV Status 4-week graph; marker=green; approximate 7-day HRV status value, not raw nightly exact value."
IMG_6396.PNG,HRV,2026-05-08,2026-06-04,2026-05-28,60.5,ms,high,"Digitized from Garmin HRV Status 4-week graph; marker=green; approximate 7-day HRV status value, not raw nightly exact value."
IMG_6396.PNG,HRV,2026-05-08,2026-06-04,2026-05-29,61.5,ms,high,"Digitized from Garmin HRV Status 4-week graph; marker=green; approximate 7-day HRV status value, not raw nightly exact value."
IMG_6396.PNG,HRV,2026-05-08,2026-06-04,2026-05-30,59.5,ms,high,"Digitized from Garmin HRV Status 4-week graph; marker=green; approximate 7-day HRV status value, not raw nightly exact value."
IMG_6396.PNG,HRV,2026-05-08,2026-06-04,2026-05-31,59.5,ms,high,"Digitized from Garmin HRV Status 4-week graph; marker=green; approximate 7-day HRV status value, not raw nightly exact value."
IMG_6396.PNG,HRV,2026-05-08,2026-06-04,2026-06-01,59.5,ms,high,"Digitized from Garmin HRV Status 4-week graph; marker=green; approximate 7-day HRV status value, not raw nightly exact value."
IMG_6396.PNG,HRV,2026-05-08,2026-06-04,2026-06-02,59.5,ms,high,"Digitized from Garmin HRV Status 4-week graph; marker=green; approximate 7-day HRV status value, not raw nightly exact value."
IMG_6396.PNG,HRV,2026-05-08,2026-06-04,2026-06-03,61.5,ms,high,"Digitized from Garmin HRV Status 4-week graph; marker=green; approximate 7-day HRV status value, not raw nightly exact value."
IMG_6396.PNG,HRV,2026-05-08,2026-06-04,2026-06-04,63.4,ms,high,"Digitized from Garmin HRV Status 4-week graph; marker=green; approximate 7-day HRV status value, not raw nightly exact value."
IMG_6397.PNG,HRV,2026-04-10,2026-05-07,2026-04-10,55.8,ms,high,"Digitized from Garmin HRV Status 4-week graph; marker=green; approximate 7-day HRV status value, not raw nightly exact value."
IMG_6397.PNG,HRV,2026-04-10,2026-05-07,2026-04-11,55.8,ms,high,"Digitized from Garmin HRV Status 4-week graph; marker=green; approximate 7-day HRV status value, not raw nightly exact value."
IMG_6397.PNG,HRV,2026-04-10,2026-05-07,2026-04-12,55.8,ms,high,"Digitized from Garmin HRV Status 4-week graph; marker=green; approximate 7-day HRV status value, not raw nightly exact value."
IMG_6397.PNG,HRV,2026-04-10,2026-05-07,2026-04-13,54.8,ms,high,"Digitized from Garmin HRV Status 4-week graph; marker=green; approximate 7-day HRV status value, not raw nightly exact value."
IMG_6397.PNG,HRV,2026-04-10,2026-05-07,2026-04-14,54.8,ms,high,"Digitized from Garmin HRV Status 4-week graph; marker=green; approximate 7-day HRV status value, not raw nightly exact value."
IMG_6397.PNG,HRV,2026-04-10,2026-05-07,2026-04-15,55.8,ms,high,"Digitized from Garmin HRV Status 4-week graph; marker=green; approximate 7-day HRV status value, not raw nightly exact value."
IMG_6397.PNG,HRV,2026-04-10,2026-05-07,2026-04-16,56.8,ms,high,"Digitized from Garmin HRV Status 4-week graph; marker=green; approximate 7-day HRV status value, not raw nightly exact value."
IMG_6397.PNG,HRV,2026-04-10,2026-05-07,2026-04-17,57.8,ms,high,"Digitized from Garmin HRV Status 4-week graph; marker=green; approximate 7-day HRV status value, not raw nightly exact value."
IMG_6397.PNG,HRV,2026-04-10,2026-05-07,2026-04-18,58.7,ms,high,"Digitized from Garmin HRV Status 4-week graph; marker=green; approximate 7-day HRV status value, not raw nightly exact value."
IMG_6397.PNG,HRV,2026-04-10,2026-05-07,2026-04-19,58.7,ms,high,"Digitized from Garmin HRV Status 4-week graph; marker=green; approximate 7-day HRV status value, not raw nightly exact value."
IMG_6397.PNG,HRV,2026-04-10,2026-05-07,2026-04-20,60.8,ms,high,"Digitized from Garmin HRV Status 4-week graph; marker=green; approximate 7-day HRV status value, not raw nightly exact value."
IMG_6397.PNG,HRV,2026-04-10,2026-05-07,2026-04-21,59.8,ms,high,"Digitized from Garmin HRV Status 4-week graph; marker=green; approximate 7-day HRV status value, not raw nightly exact value."
IMG_6397.PNG,HRV,2026-04-10,2026-05-07,2026-04-22,61.7,ms,high,"Digitized from Garmin HRV Status 4-week graph; marker=green; approximate 7-day HRV status value, not raw nightly exact value."
IMG_6397.PNG,HRV,2026-04-10,2026-05-07,2026-04-23,61.7,ms,high,"Digitized from Garmin HRV Status 4-week graph; marker=green; approximate 7-day HRV status value, not raw nightly exact value."
IMG_6397.PNG,HRV,2026-04-10,2026-05-07,2026-04-24,59.8,ms,high,"Digitized from Garmin HRV Status 4-week graph; marker=green; approximate 7-day HRV status value, not raw nightly exact value."
IMG_6397.PNG,HRV,2026-04-10,2026-05-07,2026-04-25,60.8,ms,high,"Digitized from Garmin HRV Status 4-week graph; marker=green; approximate 7-day HRV status value, not raw nightly exact value."
IMG_6397.PNG,HRV,2026-04-10,2026-05-07,2026-04-26,60.8,ms,high,"Digitized from Garmin HRV Status 4-week graph; marker=green; approximate 7-day HRV status value, not raw nightly exact value."
IMG_6397.PNG,HRV,2026-04-10,2026-05-07,2026-04-27,60.8,ms,high,"Digitized from Garmin HRV Status 4-week graph; marker=green; approximate 7-day HRV status value, not raw nightly exact value."
IMG_6397.PNG,HRV,2026-04-10,2026-05-07,2026-04-28,61.7,ms,high,"Digitized from Garmin HRV Status 4-week graph; marker=green; approximate 7-day HRV status value, not raw nightly exact value."
IMG_6397.PNG,HRV,2026-04-10,2026-05-07,2026-04-29,60.8,ms,high,"Digitized from Garmin HRV Status 4-week graph; marker=green; approximate 7-day HRV status value, not raw nightly exact value."
IMG_6397.PNG,HRV,2026-04-10,2026-05-07,2026-04-30,60.8,ms,high,"Digitized from Garmin HRV Status 4-week graph; marker=green; approximate 7-day HRV status value, not raw nightly exact value."
IMG_6397.PNG,HRV,2026-04-10,2026-05-07,2026-05-01,62.7,ms,high,"Digitized from Garmin HRV Status 4-week graph; marker=green; approximate 7-day HRV status value, not raw nightly exact value."
IMG_6397.PNG,HRV,2026-04-10,2026-05-07,2026-05-02,61.7,ms,high,"Digitized from Garmin HRV Status 4-week graph; marker=green; approximate 7-day HRV status value, not raw nightly exact value."
IMG_6397.PNG,HRV,2026-04-10,2026-05-07,2026-05-03,62.7,ms,high,"Digitized from Garmin HRV Status 4-week graph; marker=green; approximate 7-day HRV status value, not raw nightly exact value."
IMG_6397.PNG,HRV,2026-04-10,2026-05-07,2026-05-04,61.7,ms,high,"Digitized from Garmin HRV Status 4-week graph; marker=green; approximate 7-day HRV status value, not raw nightly exact value."
IMG_6397.PNG,HRV,2026-04-10,2026-05-07,2026-05-05,62.7,ms,high,"Digitized from Garmin HRV Status 4-week graph; marker=green; approximate 7-day HRV status value, not raw nightly exact value."
IMG_6397.PNG,HRV,2026-04-10,2026-05-07,2026-05-06,61.7,ms,high,"Digitized from Garmin HRV Status 4-week graph; marker=green; approximate 7-day HRV status value, not raw nightly exact value."
IMG_6397.PNG,HRV,2026-04-10,2026-05-07,2026-05-07,61.7,ms,high,"Digitized from Garmin HRV Status 4-week graph; marker=green; approximate 7-day HRV status value, not raw nightly exact value."
IMG_6398.PNG,HRV,2026-03-13,2026-04-09,2026-03-13,54.6,ms,high,"Digitized from Garmin HRV Status 4-week graph; marker=green; approximate 7-day HRV status value, not raw nightly exact value."
IMG_6398.PNG,HRV,2026-03-13,2026-04-09,2026-03-14,54.6,ms,high,"Digitized from Garmin HRV Status 4-week graph; marker=green; approximate 7-day HRV status value, not raw nightly exact value."
IMG_6398.PNG,HRV,2026-03-13,2026-04-09,2026-03-15,53.5,ms,high,"Digitized from Garmin HRV Status 4-week graph; marker=green; approximate 7-day HRV status value, not raw nightly exact value."
IMG_6398.PNG,HRV,2026-03-13,2026-04-09,2026-03-16,54.6,ms,high,"Digitized from Garmin HRV Status 4-week graph; marker=green; approximate 7-day HRV status value, not raw nightly exact value."
IMG_6398.PNG,HRV,2026-03-13,2026-04-09,2026-03-17,53.5,ms,high,"Digitized from Garmin HRV Status 4-week graph; marker=green; approximate 7-day HRV status value, not raw nightly exact value."
IMG_6398.PNG,HRV,2026-03-13,2026-04-09,2026-03-18,55.6,ms,high,"Digitized from Garmin HRV Status 4-week graph; marker=green; approximate 7-day HRV status value, not raw nightly exact value."
IMG_6398.PNG,HRV,2026-03-13,2026-04-09,2026-03-19,56.5,ms,high,"Digitized from Garmin HRV Status 4-week graph; marker=green; approximate 7-day HRV status value, not raw nightly exact value."
IMG_6398.PNG,HRV,2026-03-13,2026-04-09,2026-03-20,55.6,ms,high,"Digitized from Garmin HRV Status 4-week graph; marker=green; approximate 7-day HRV status value, not raw nightly exact value."
IMG_6398.PNG,HRV,2026-03-13,2026-04-09,2026-03-22,56.5,ms,high,"Digitized from Garmin HRV Status 4-week graph; marker=green; approximate 7-day HRV status value, not raw nightly exact value."
IMG_6398.PNG,HRV,2026-03-13,2026-04-09,2026-03-23,57.5,ms,high,"Digitized from Garmin HRV Status 4-week graph; marker=green; approximate 7-day HRV status value, not raw nightly exact value."
IMG_6398.PNG,HRV,2026-03-13,2026-04-09,2026-03-24,57.5,ms,high,"Digitized from Garmin HRV Status 4-week graph; marker=green; approximate 7-day HRV status value, not raw nightly exact value."
IMG_6398.PNG,HRV,2026-03-13,2026-04-09,2026-03-25,57.5,ms,high,"Digitized from Garmin HRV Status 4-week graph; marker=green; approximate 7-day HRV status value, not raw nightly exact value."
IMG_6398.PNG,HRV,2026-03-13,2026-04-09,2026-03-26,56.5,ms,high,"Digitized from Garmin HRV Status 4-week graph; marker=green; approximate 7-day HRV status value, not raw nightly exact value."
IMG_6398.PNG,HRV,2026-03-13,2026-04-09,2026-03-27,56.5,ms,high,"Digitized from Garmin HRV Status 4-week graph; marker=green; approximate 7-day HRV status value, not raw nightly exact value."
IMG_6398.PNG,HRV,2026-03-13,2026-04-09,2026-03-28,57.5,ms,high,"Digitized from Garmin HRV Status 4-week graph; marker=green; approximate 7-day HRV status value, not raw nightly exact value."
IMG_6398.PNG,HRV,2026-03-13,2026-04-09,2026-03-29,58.6,ms,high,"Digitized from Garmin HRV Status 4-week graph; marker=green; approximate 7-day HRV status value, not raw nightly exact value."
IMG_6398.PNG,HRV,2026-03-13,2026-04-09,2026-03-30,58.6,ms,high,"Digitized from Garmin HRV Status 4-week graph; marker=green; approximate 7-day HRV status value, not raw nightly exact value."
IMG_6398.PNG,HRV,2026-03-13,2026-04-09,2026-03-31,58.6,ms,high,"Digitized from Garmin HRV Status 4-week graph; marker=green; approximate 7-day HRV status value, not raw nightly exact value."
IMG_6398.PNG,HRV,2026-03-13,2026-04-09,2026-04-01,60.6,ms,high,"Digitized from Garmin HRV Status 4-week graph; marker=green; approximate 7-day HRV status value, not raw nightly exact value."
IMG_6398.PNG,HRV,2026-03-13,2026-04-09,2026-04-02,62.6,ms,high,"Digitized from Garmin HRV Status 4-week graph; marker=orange; approximate 7-day HRV status value, not raw nightly exact value."
IMG_6398.PNG,HRV,2026-03-13,2026-04-09,2026-04-03,61.5,ms,high,"Digitized from Garmin HRV Status 4-week graph; marker=orange; approximate 7-day HRV status value, not raw nightly exact value."
IMG_6398.PNG,HRV,2026-03-13,2026-04-09,2026-04-04,61.5,ms,high,"Digitized from Garmin HRV Status 4-week graph; marker=green; approximate 7-day HRV status value, not raw nightly exact value."
IMG_6398.PNG,HRV,2026-03-13,2026-04-09,2026-04-05,59.6,ms,high,"Digitized from Garmin HRV Status 4-week graph; marker=green; approximate 7-day HRV status value, not raw nightly exact value."
IMG_6398.PNG,HRV,2026-03-13,2026-04-09,2026-04-06,60.6,ms,high,"Digitized from Garmin HRV Status 4-week graph; marker=green; approximate 7-day HRV status value, not raw nightly exact value."
IMG_6398.PNG,HRV,2026-03-13,2026-04-09,2026-04-07,60.6,ms,high,"Digitized from Garmin HRV Status 4-week graph; marker=green; approximate 7-day HRV status value, not raw nightly exact value."
IMG_6398.PNG,HRV,2026-03-13,2026-04-09,2026-04-08,58.6,ms,high,"Digitized from Garmin HRV Status 4-week graph; marker=green; approximate 7-day HRV status value, not raw nightly exact value."
IMG_6398.PNG,HRV,2026-03-13,2026-04-09,2026-04-09,56.5,ms,high,"Digitized from Garmin HRV Status 4-week graph; marker=green; approximate 7-day HRV status value, not raw nightly exact value."
IMG_6399.PNG,HRV,2026-02-13,2026-03-12,2026-02-13,55.0,ms,high,"Digitized from Garmin HRV Status 4-week graph; marker=orange; approximate 7-day HRV status value, not raw nightly exact value."
IMG_6399.PNG,HRV,2026-02-13,2026-03-12,2026-02-14,55.0,ms,high,"Digitized from Garmin HRV Status 4-week graph; marker=orange; approximate 7-day HRV status value, not raw nightly exact value."
IMG_6399.PNG,HRV,2026-02-13,2026-03-12,2026-02-15,56.1,ms,high,"Digitized from Garmin HRV Status 4-week graph; marker=green; approximate 7-day HRV status value, not raw nightly exact value."
IMG_6399.PNG,HRV,2026-02-13,2026-03-12,2026-02-16,55.0,ms,high,"Digitized from Garmin HRV Status 4-week graph; marker=orange; approximate 7-day HRV status value, not raw nightly exact value."
IMG_6399.PNG,HRV,2026-02-13,2026-03-12,2026-02-17,54.0,ms,high,"Digitized from Garmin HRV Status 4-week graph; marker=orange; approximate 7-day HRV status value, not raw nightly exact value."
IMG_6399.PNG,HRV,2026-02-13,2026-03-12,2026-02-18,54.0,ms,high,"Digitized from Garmin HRV Status 4-week graph; marker=orange; approximate 7-day HRV status value, not raw nightly exact value."
IMG_6399.PNG,HRV,2026-02-13,2026-03-12,2026-02-19,53.0,ms,high,"Digitized from Garmin HRV Status 4-week graph; marker=orange; approximate 7-day HRV status value, not raw nightly exact value."
IMG_6399.PNG,HRV,2026-02-13,2026-03-12,2026-02-20,53.0,ms,high,"Digitized from Garmin HRV Status 4-week graph; marker=orange; approximate 7-day HRV status value, not raw nightly exact value."
IMG_6399.PNG,HRV,2026-02-13,2026-03-12,2026-02-21,53.0,ms,high,"Digitized from Garmin HRV Status 4-week graph; marker=orange; approximate 7-day HRV status value, not raw nightly exact value."
IMG_6399.PNG,HRV,2026-02-13,2026-03-12,2026-02-22,51.0,ms,high,"Digitized from Garmin HRV Status 4-week graph; marker=red; approximate 7-day HRV status value, not raw nightly exact value."
IMG_6399.PNG,HRV,2026-02-13,2026-03-12,2026-02-23,50.0,ms,high,"Digitized from Garmin HRV Status 4-week graph; marker=red; approximate 7-day HRV status value, not raw nightly exact value."
IMG_6399.PNG,HRV,2026-02-13,2026-03-12,2026-02-24,50.0,ms,high,"Digitized from Garmin HRV Status 4-week graph; marker=red; approximate 7-day HRV status value, not raw nightly exact value."
IMG_6399.PNG,HRV,2026-02-13,2026-03-12,2026-02-25,50.0,ms,high,"Digitized from Garmin HRV Status 4-week graph; marker=red; approximate 7-day HRV status value, not raw nightly exact value."
IMG_6399.PNG,HRV,2026-02-13,2026-03-12,2026-02-26,50.0,ms,high,"Digitized from Garmin HRV Status 4-week graph; marker=red; approximate 7-day HRV status value, not raw nightly exact value."
IMG_6399.PNG,HRV,2026-02-13,2026-03-12,2026-02-27,51.0,ms,high,"Digitized from Garmin HRV Status 4-week graph; marker=red; approximate 7-day HRV status value, not raw nightly exact value."
IMG_6399.PNG,HRV,2026-02-13,2026-03-12,2026-02-28,50.0,ms,high,"Digitized from Garmin HRV Status 4-week graph; marker=red; approximate 7-day HRV status value, not raw nightly exact value."
IMG_6399.PNG,HRV,2026-02-13,2026-03-12,2026-03-01,51.0,ms,high,"Digitized from Garmin HRV Status 4-week graph; marker=red; approximate 7-day HRV status value, not raw nightly exact value."
IMG_6399.PNG,HRV,2026-02-13,2026-03-12,2026-03-02,53.0,ms,high,"Digitized from Garmin HRV Status 4-week graph; marker=orange; approximate 7-day HRV status value, not raw nightly exact value."
IMG_6399.PNG,HRV,2026-02-13,2026-03-12,2026-03-03,55.0,ms,high,"Digitized from Garmin HRV Status 4-week graph; marker=green; approximate 7-day HRV status value, not raw nightly exact value."
IMG_6399.PNG,HRV,2026-02-13,2026-03-12,2026-03-04,54.0,ms,high,"Digitized from Garmin HRV Status 4-week graph; marker=green; approximate 7-day HRV status value, not raw nightly exact value."
IMG_6399.PNG,HRV,2026-02-13,2026-03-12,2026-03-05,54.0,ms,high,"Digitized from Garmin HRV Status 4-week graph; marker=green; approximate 7-day HRV status value, not raw nightly exact value."
IMG_6399.PNG,HRV,2026-02-13,2026-03-12,2026-03-06,54.0,ms,high,"Digitized from Garmin HRV Status 4-week graph; marker=green; approximate 7-day HRV status value, not raw nightly exact value."
IMG_6399.PNG,HRV,2026-02-13,2026-03-12,2026-03-07,55.0,ms,high,"Digitized from Garmin HRV Status 4-week graph; marker=green; approximate 7-day HRV status value, not raw nightly exact value."
IMG_6399.PNG,HRV,2026-02-13,2026-03-12,2026-03-08,55.0,ms,high,"Digitized from Garmin HRV Status 4-week graph; marker=green; approximate 7-day HRV status value, not raw nightly exact value."
IMG_6399.PNG,HRV,2026-02-13,2026-03-12,2026-03-09,55.0,ms,high,"Digitized from Garmin HRV Status 4-week graph; marker=green; approximate 7-day HRV status value, not raw nightly exact value."
IMG_6399.PNG,HRV,2026-02-13,2026-03-12,2026-03-10,54.0,ms,high,"Digitized from Garmin HRV Status 4-week graph; marker=green; approximate 7-day HRV status value, not raw nightly exact value."
IMG_6399.PNG,HRV,2026-02-13,2026-03-12,2026-03-11,55.0,ms,high,"Digitized from Garmin HRV Status 4-week graph; marker=green; approximate 7-day HRV status value, not raw nightly exact value."
IMG_6399.PNG,HRV,2026-02-13,2026-03-12,2026-03-12,54.0,ms,high,"Digitized from Garmin HRV Status 4-week graph; marker=green; approximate 7-day HRV status value, not raw nightly exact value."
IMG_6400.PNG,HRV,2026-01-16,2026-02-12,2026-01-16,55.8,ms,high,"Digitized from Garmin HRV Status 4-week graph; marker=orange; approximate 7-day HRV status value, not raw nightly exact value."
IMG_6400.PNG,HRV,2026-01-16,2026-02-12,2026-01-17,55.8,ms,high,"Digitized from Garmin HRV Status 4-week graph; marker=orange; approximate 7-day HRV status value, not raw nightly exact value."
IMG_6400.PNG,HRV,2026-01-16,2026-02-12,2026-01-18,55.8,ms,high,"Digitized from Garmin HRV Status 4-week graph; marker=orange; approximate 7-day HRV status value, not raw nightly exact value."
IMG_6400.PNG,HRV,2026-01-16,2026-02-12,2026-01-19,56.8,ms,high,"Digitized from Garmin HRV Status 4-week graph; marker=green; approximate 7-day HRV status value, not raw nightly exact value."
IMG_6400.PNG,HRV,2026-01-16,2026-02-12,2026-01-20,57.8,ms,high,"Digitized from Garmin HRV Status 4-week graph; marker=green; approximate 7-day HRV status value, not raw nightly exact value."
IMG_6400.PNG,HRV,2026-01-16,2026-02-12,2026-01-21,57.8,ms,high,"Digitized from Garmin HRV Status 4-week graph; marker=green; approximate 7-day HRV status value, not raw nightly exact value."
IMG_6400.PNG,HRV,2026-01-16,2026-02-12,2026-01-22,57.8,ms,high,"Digitized from Garmin HRV Status 4-week graph; marker=green; approximate 7-day HRV status value, not raw nightly exact value."
IMG_6400.PNG,HRV,2026-01-16,2026-02-12,2026-01-23,56.8,ms,high,"Digitized from Garmin HRV Status 4-week graph; marker=green; approximate 7-day HRV status value, not raw nightly exact value."
IMG_6400.PNG,HRV,2026-01-16,2026-02-12,2026-01-24,55.8,ms,high,"Digitized from Garmin HRV Status 4-week graph; marker=orange; approximate 7-day HRV status value, not raw nightly exact value."
IMG_6400.PNG,HRV,2026-01-16,2026-02-12,2026-01-25,53.8,ms,high,"Digitized from Garmin HRV Status 4-week graph; marker=orange; approximate 7-day HRV status value, not raw nightly exact value."
IMG_6400.PNG,HRV,2026-01-16,2026-02-12,2026-01-26,54.8,ms,high,"Digitized from Garmin HRV Status 4-week graph; marker=orange; approximate 7-day HRV status value, not raw nightly exact value."
IMG_6400.PNG,HRV,2026-01-16,2026-02-12,2026-01-27,53.8,ms,high,"Digitized from Garmin HRV Status 4-week graph; marker=orange; approximate 7-day HRV status value, not raw nightly exact value."
IMG_6400.PNG,HRV,2026-01-16,2026-02-12,2026-01-28,53.8,ms,high,"Digitized from Garmin HRV Status 4-week graph; marker=orange; approximate 7-day HRV status value, not raw nightly exact value."
IMG_6400.PNG,HRV,2026-01-16,2026-02-12,2026-01-29,54.8,ms,high,"Digitized from Garmin HRV Status 4-week graph; marker=orange; approximate 7-day HRV status value, not raw nightly exact value."
IMG_6400.PNG,HRV,2026-01-16,2026-02-12,2026-01-30,55.8,ms,high,"Digitized from Garmin HRV Status 4-week graph; marker=green; approximate 7-day HRV status value, not raw nightly exact value."
IMG_6400.PNG,HRV,2026-01-16,2026-02-12,2026-01-31,56.8,ms,high,"Digitized from Garmin HRV Status 4-week graph; marker=green; approximate 7-day HRV status value, not raw nightly exact value."
IMG_6400.PNG,HRV,2026-01-16,2026-02-12,2026-02-01,58.8,ms,high,"Digitized from Garmin HRV Status 4-week graph; marker=green; approximate 7-day HRV status value, not raw nightly exact value."
IMG_6400.PNG,HRV,2026-01-16,2026-02-12,2026-02-02,58.8,ms,high,"Digitized from Garmin HRV Status 4-week graph; marker=green; approximate 7-day HRV status value, not raw nightly exact value."
IMG_6400.PNG,HRV,2026-01-16,2026-02-12,2026-02-03,58.8,ms,high,"Digitized from Garmin HRV Status 4-week graph; marker=green; approximate 7-day HRV status value, not raw nightly exact value."
IMG_6400.PNG,HRV,2026-01-16,2026-02-12,2026-02-04,59.8,ms,high,"Digitized from Garmin HRV Status 4-week graph; marker=green; approximate 7-day HRV status value, not raw nightly exact value."
IMG_6400.PNG,HRV,2026-01-16,2026-02-12,2026-02-05,58.8,ms,high,"Digitized from Garmin HRV Status 4-week graph; marker=green; approximate 7-day HRV status value, not raw nightly exact value."
IMG_6400.PNG,HRV,2026-01-16,2026-02-12,2026-02-06,58.8,ms,high,"Digitized from Garmin HRV Status 4-week graph; marker=green; approximate 7-day HRV status value, not raw nightly exact value."
IMG_6400.PNG,HRV,2026-01-16,2026-02-12,2026-02-07,59.8,ms,high,"Digitized from Garmin HRV Status 4-week graph; marker=green; approximate 7-day HRV status value, not raw nightly exact value."
IMG_6400.PNG,HRV,2026-01-16,2026-02-12,2026-02-08,56.8,ms,high,"Digitized from Garmin HRV Status 4-week graph; marker=green; approximate 7-day HRV status value, not raw nightly exact value."
IMG_6400.PNG,HRV,2026-01-16,2026-02-12,2026-02-09,56.8,ms,high,"Digitized from Garmin HRV Status 4-week graph; marker=green; approximate 7-day HRV status value, not raw nightly exact value."
IMG_6400.PNG,HRV,2026-01-16,2026-02-12,2026-02-10,55.8,ms,high,"Digitized from Garmin HRV Status 4-week graph; marker=green; approximate 7-day HRV status value, not raw nightly exact value."
IMG_6400.PNG,HRV,2026-01-16,2026-02-12,2026-02-11,55.8,ms,high,"Digitized from Garmin HRV Status 4-week graph; marker=green; approximate 7-day HRV status value, not raw nightly exact value."
IMG_6400.PNG,HRV,2026-01-16,2026-02-12,2026-02-12,55.8,ms,high,"Digitized from Garmin HRV Status 4-week graph; marker=green; approximate 7-day HRV status value, not raw nightly exact value."
IMG_6401.PNG,HRV,2025-12-19,2026-01-15,2025-12-19,54.9,ms,high,"Digitized from Garmin HRV Status 4-week graph; marker=red; approximate 7-day HRV status value, not raw nightly exact value."
IMG_6401.PNG,HRV,2025-12-19,2026-01-15,2025-12-20,54.0,ms,high,"Digitized from Garmin HRV Status 4-week graph; marker=red; approximate 7-day HRV status value, not raw nightly exact value."
IMG_6401.PNG,HRV,2025-12-19,2026-01-15,2025-12-21,53.0,ms,high,"Digitized from Garmin HRV Status 4-week graph; marker=red; approximate 7-day HRV status value, not raw nightly exact value."
IMG_6401.PNG,HRV,2025-12-19,2026-01-15,2025-12-22,52.0,ms,high,"Digitized from Garmin HRV Status 4-week graph; marker=red; approximate 7-day HRV status value, not raw nightly exact value."
IMG_6401.PNG,HRV,2025-12-19,2026-01-15,2025-12-23,53.0,ms,high,"Digitized from Garmin HRV Status 4-week graph; marker=red; approximate 7-day HRV status value, not raw nightly exact value."
IMG_6401.PNG,HRV,2025-12-19,2026-01-15,2025-12-24,54.0,ms,high,"Digitized from Garmin HRV Status 4-week graph; marker=red; approximate 7-day HRV status value, not raw nightly exact value."
IMG_6401.PNG,HRV,2025-12-19,2026-01-15,2025-12-25,56.9,ms,high,"Digitized from Garmin HRV Status 4-week graph; marker=orange; approximate 7-day HRV status value, not raw nightly exact value."
IMG_6401.PNG,HRV,2025-12-19,2026-01-15,2025-12-26,57.9,ms,high,"Digitized from Garmin HRV Status 4-week graph; marker=orange; approximate 7-day HRV status value, not raw nightly exact value."
IMG_6401.PNG,HRV,2025-12-19,2026-01-15,2025-12-28,59.8,ms,high,"Digitized from Garmin HRV Status 4-week graph; marker=green; approximate 7-day HRV status value, not raw nightly exact value."
IMG_6401.PNG,HRV,2025-12-19,2026-01-15,2025-12-29,60.8,ms,high,"Digitized from Garmin HRV Status 4-week graph; marker=green; approximate 7-day HRV status value, not raw nightly exact value."
IMG_6401.PNG,HRV,2025-12-19,2026-01-15,2025-12-30,60.8,ms,high,"Digitized from Garmin HRV Status 4-week graph; marker=green; approximate 7-day HRV status value, not raw nightly exact value."
IMG_6401.PNG,HRV,2025-12-19,2026-01-15,2025-12-31,60.8,ms,high,"Digitized from Garmin HRV Status 4-week graph; marker=green; approximate 7-day HRV status value, not raw nightly exact value."
IMG_6401.PNG,HRV,2025-12-19,2026-01-15,2026-01-01,60.8,ms,high,"Digitized from Garmin HRV Status 4-week graph; marker=green; approximate 7-day HRV status value, not raw nightly exact value."
IMG_6401.PNG,HRV,2025-12-19,2026-01-15,2026-01-02,58.9,ms,high,"Digitized from Garmin HRV Status 4-week graph; marker=green; approximate 7-day HRV status value, not raw nightly exact value."
IMG_6401.PNG,HRV,2025-12-19,2026-01-15,2026-01-03,56.9,ms,high,"Digitized from Garmin HRV Status 4-week graph; marker=orange; approximate 7-day HRV status value, not raw nightly exact value."
IMG_6401.PNG,HRV,2025-12-19,2026-01-15,2026-01-04,55.9,ms,high,"Digitized from Garmin HRV Status 4-week graph; marker=orange; approximate 7-day HRV status value, not raw nightly exact value."
IMG_6401.PNG,HRV,2025-12-19,2026-01-15,2026-01-05,54.9,ms,high,"Digitized from Garmin HRV Status 4-week graph; marker=red; approximate 7-day HRV status value, not raw nightly exact value."
IMG_6401.PNG,HRV,2025-12-19,2026-01-15,2026-01-06,54.9,ms,high,"Digitized from Garmin HRV Status 4-week graph; marker=red; approximate 7-day HRV status value, not raw nightly exact value."
IMG_6401.PNG,HRV,2025-12-19,2026-01-15,2026-01-07,55.9,ms,high,"Digitized from Garmin HRV Status 4-week graph; marker=orange; approximate 7-day HRV status value, not raw nightly exact value."
IMG_6401.PNG,HRV,2025-12-19,2026-01-15,2026-01-08,55.9,ms,high,"Digitized from Garmin HRV Status 4-week graph; marker=orange; approximate 7-day HRV status value, not raw nightly exact value."
IMG_6401.PNG,HRV,2025-12-19,2026-01-15,2026-01-09,54.9,ms,high,"Digitized from Garmin HRV Status 4-week graph; marker=red; approximate 7-day HRV status value, not raw nightly exact value."
IMG_6401.PNG,HRV,2025-12-19,2026-01-15,2026-01-10,55.9,ms,high,"Digitized from Garmin HRV Status 4-week graph; marker=orange; approximate 7-day HRV status value, not raw nightly exact value."
IMG_6401.PNG,HRV,2025-12-19,2026-01-15,2026-01-11,55.9,ms,high,"Digitized from Garmin HRV Status 4-week graph; marker=orange; approximate 7-day HRV status value, not raw nightly exact value."
IMG_6401.PNG,HRV,2025-12-19,2026-01-15,2026-01-12,55.9,ms,high,"Digitized from Garmin HRV Status 4-week graph; marker=orange; approximate 7-day HRV status value, not raw nightly exact value."
IMG_6401.PNG,HRV,2025-12-19,2026-01-15,2026-01-13,55.9,ms,high,"Digitized from Garmin HRV Status 4-week graph; marker=orange; approximate 7-day HRV status value, not raw nightly exact value."
IMG_6401.PNG,HRV,2025-12-19,2026-01-15,2026-01-14,54.9,ms,high,"Digitized from Garmin HRV Status 4-week graph; marker=orange; approximate 7-day HRV status value, not raw nightly exact value."
IMG_6401.PNG,HRV,2025-12-19,2026-01-15,2026-01-15,54.9,ms,high,"Digitized from Garmin HRV Status 4-week graph; marker=orange; approximate 7-day HRV status value, not raw nightly exact value."
IMG_6402.PNG,HRV,2025-11-21,2025-12-18,2025-11-21,60.1,ms,high,"Digitized from Garmin HRV Status 4-week graph; marker=orange; approximate 7-day HRV status value, not raw nightly exact value."
IMG_6402.PNG,HRV,2025-11-21,2025-12-18,2025-11-22,60.1,ms,high,"Digitized from Garmin HRV Status 4-week graph; marker=orange; approximate 7-day HRV status value, not raw nightly exact value."
IMG_6402.PNG,HRV,2025-11-21,2025-12-18,2025-11-23,59.1,ms,high,"Digitized from Garmin HRV Status 4-week graph; marker=orange; approximate 7-day HRV status value, not raw nightly exact value."
IMG_6402.PNG,HRV,2025-11-21,2025-12-18,2025-11-24,59.1,ms,high,"Digitized from Garmin HRV Status 4-week graph; marker=orange; approximate 7-day HRV status value, not raw nightly exact value."
IMG_6402.PNG,HRV,2025-11-21,2025-12-18,2025-11-25,59.1,ms,high,"Digitized from Garmin HRV Status 4-week graph; marker=orange; approximate 7-day HRV status value, not raw nightly exact value."
IMG_6402.PNG,HRV,2025-11-21,2025-12-18,2025-11-26,60.1,ms,high,"Digitized from Garmin HRV Status 4-week graph; marker=orange; approximate 7-day HRV status value, not raw nightly exact value."
IMG_6402.PNG,HRV,2025-11-21,2025-12-18,2025-11-27,60.1,ms,high,"Digitized from Garmin HRV Status 4-week graph; marker=orange; approximate 7-day HRV status value, not raw nightly exact value."
IMG_6402.PNG,HRV,2025-11-21,2025-12-18,2025-11-28,60.1,ms,high,"Digitized from Garmin HRV Status 4-week graph; marker=orange; approximate 7-day HRV status value, not raw nightly exact value."
IMG_6402.PNG,HRV,2025-11-21,2025-12-18,2025-11-29,61.1,ms,high,"Digitized from Garmin HRV Status 4-week graph; marker=green; approximate 7-day HRV status value, not raw nightly exact value."
IMG_6402.PNG,HRV,2025-11-21,2025-12-18,2025-11-30,61.1,ms,high,"Digitized from Garmin HRV Status 4-week graph; marker=green; approximate 7-day HRV status value, not raw nightly exact value."
IMG_6402.PNG,HRV,2025-11-21,2025-12-18,2025-12-01,61.1,ms,high,"Digitized from Garmin HRV Status 4-week graph; marker=green; approximate 7-day HRV status value, not raw nightly exact value."
IMG_6402.PNG,HRV,2025-11-21,2025-12-18,2025-12-02,62.1,ms,high,"Digitized from Garmin HRV Status 4-week graph; marker=green; approximate 7-day HRV status value, not raw nightly exact value."
IMG_6402.PNG,HRV,2025-11-21,2025-12-18,2025-12-03,61.1,ms,high,"Digitized from Garmin HRV Status 4-week graph; marker=green; approximate 7-day HRV status value, not raw nightly exact value."
IMG_6402.PNG,HRV,2025-11-21,2025-12-18,2025-12-04,61.1,ms,high,"Digitized from Garmin HRV Status 4-week graph; marker=green; approximate 7-day HRV status value, not raw nightly exact value."
IMG_6402.PNG,HRV,2025-11-21,2025-12-18,2025-12-05,61.1,ms,high,"Digitized from Garmin HRV Status 4-week graph; marker=green; approximate 7-day HRV status value, not raw nightly exact value."
IMG_6402.PNG,HRV,2025-11-21,2025-12-18,2025-12-06,61.1,ms,high,"Digitized from Garmin HRV Status 4-week graph; marker=green; approximate 7-day HRV status value, not raw nightly exact value."
IMG_6402.PNG,HRV,2025-11-21,2025-12-18,2025-12-07,60.1,ms,high,"Digitized from Garmin HRV Status 4-week graph; marker=green; approximate 7-day HRV status value, not raw nightly exact value."
IMG_6402.PNG,HRV,2025-11-21,2025-12-18,2025-12-08,60.1,ms,high,"Digitized from Garmin HRV Status 4-week graph; marker=green; approximate 7-day HRV status value, not raw nightly exact value."
IMG_6402.PNG,HRV,2025-11-21,2025-12-18,2025-12-09,61.1,ms,high,"Digitized from Garmin HRV Status 4-week graph; marker=green; approximate 7-day HRV status value, not raw nightly exact value."
IMG_6402.PNG,HRV,2025-11-21,2025-12-18,2025-12-10,62.1,ms,high,"Digitized from Garmin HRV Status 4-week graph; marker=green; approximate 7-day HRV status value, not raw nightly exact value."
IMG_6402.PNG,HRV,2025-11-21,2025-12-18,2025-12-11,62.1,ms,high,"Digitized from Garmin HRV Status 4-week graph; marker=green; approximate 7-day HRV status value, not raw nightly exact value."
IMG_6402.PNG,HRV,2025-11-21,2025-12-18,2025-12-12,62.1,ms,high,"Digitized from Garmin HRV Status 4-week graph; marker=green; approximate 7-day HRV status value, not raw nightly exact value."
IMG_6402.PNG,HRV,2025-11-21,2025-12-18,2025-12-13,62.1,ms,high,"Digitized from Garmin HRV Status 4-week graph; marker=green; approximate 7-day HRV status value, not raw nightly exact value."
IMG_6402.PNG,HRV,2025-11-21,2025-12-18,2025-12-14,62.1,ms,high,"Digitized from Garmin HRV Status 4-week graph; marker=green; approximate 7-day HRV status value, not raw nightly exact value."
IMG_6402.PNG,HRV,2025-11-21,2025-12-18,2025-12-15,62.1,ms,high,"Digitized from Garmin HRV Status 4-week graph; marker=green; approximate 7-day HRV status value, not raw nightly exact value."
IMG_6402.PNG,HRV,2025-11-21,2025-12-18,2025-12-16,61.1,ms,high,"Digitized from Garmin HRV Status 4-week graph; marker=green; approximate 7-day HRV status value, not raw nightly exact value."
IMG_6402.PNG,HRV,2025-11-21,2025-12-18,2025-12-17,58.1,ms,high,"Digitized from Garmin HRV Status 4-week graph; marker=orange; approximate 7-day HRV status value, not raw nightly exact value."
IMG_6402.PNG,HRV,2025-11-21,2025-12-18,2025-12-18,58.1,ms,high,"Digitized from Garmin HRV Status 4-week graph; marker=orange; approximate 7-day HRV status value, not raw nightly exact value."
IMG_6403.PNG,HRV,2025-10-24,2025-11-20,2025-10-24,65.1,ms,high,"Digitized from Garmin HRV Status 4-week graph; marker=green; approximate 7-day HRV status value, not raw nightly exact value."
IMG_6403.PNG,HRV,2025-10-24,2025-11-20,2025-10-25,63.1,ms,high,"Digitized from Garmin HRV Status 4-week graph; marker=green; approximate 7-day HRV status value, not raw nightly exact value."
IMG_6403.PNG,HRV,2025-10-24,2025-11-20,2025-10-26,62.1,ms,high,"Digitized from Garmin HRV Status 4-week graph; marker=green; approximate 7-day HRV status value, not raw nightly exact value."
IMG_6403.PNG,HRV,2025-10-24,2025-11-20,2025-10-27,61.1,ms,high,"Digitized from Garmin HRV Status 4-week graph; marker=green; approximate 7-day HRV status value, not raw nightly exact value."
IMG_6403.PNG,HRV,2025-10-24,2025-11-20,2025-10-28,61.1,ms,high,"Digitized from Garmin HRV Status 4-week graph; marker=orange; approximate 7-day HRV status value, not raw nightly exact value."
IMG_6403.PNG,HRV,2025-10-24,2025-11-20,2025-10-29,61.1,ms,high,"Digitized from Garmin HRV Status 4-week graph; marker=orange; approximate 7-day HRV status value, not raw nightly exact value."
IMG_6403.PNG,HRV,2025-10-24,2025-11-20,2025-10-30,60.1,ms,high,"Digitized from Garmin HRV Status 4-week graph; marker=orange; approximate 7-day HRV status value, not raw nightly exact value."
IMG_6403.PNG,HRV,2025-10-24,2025-11-20,2025-10-31,60.1,ms,high,"Digitized from Garmin HRV Status 4-week graph; marker=orange; approximate 7-day HRV status value, not raw nightly exact value."
IMG_6403.PNG,HRV,2025-10-24,2025-11-20,2025-11-01,60.1,ms,high,"Digitized from Garmin HRV Status 4-week graph; marker=orange; approximate 7-day HRV status value, not raw nightly exact value."
IMG_6403.PNG,HRV,2025-10-24,2025-11-20,2025-11-02,60.1,ms,high,"Digitized from Garmin HRV Status 4-week graph; marker=orange; approximate 7-day HRV status value, not raw nightly exact value."
IMG_6403.PNG,HRV,2025-10-24,2025-11-20,2025-11-03,61.1,ms,high,"Digitized from Garmin HRV Status 4-week graph; marker=orange; approximate 7-day HRV status value, not raw nightly exact value."
IMG_6403.PNG,HRV,2025-10-24,2025-11-20,2025-11-04,61.1,ms,high,"Digitized from Garmin HRV Status 4-week graph; marker=green; approximate 7-day HRV status value, not raw nightly exact value."
IMG_6403.PNG,HRV,2025-10-24,2025-11-20,2025-11-05,61.1,ms,high,"Digitized from Garmin HRV Status 4-week graph; marker=green; approximate 7-day HRV status value, not raw nightly exact value."
IMG_6403.PNG,HRV,2025-10-24,2025-11-20,2025-11-06,60.1,ms,high,"Digitized from Garmin HRV Status 4-week graph; marker=orange; approximate 7-day HRV status value, not raw nightly exact value."
IMG_6403.PNG,HRV,2025-10-24,2025-11-20,2025-11-07,61.1,ms,high,"Digitized from Garmin HRV Status 4-week graph; marker=green; approximate 7-day HRV status value, not raw nightly exact value."
IMG_6403.PNG,HRV,2025-10-24,2025-11-20,2025-11-08,61.1,ms,high,"Digitized from Garmin HRV Status 4-week graph; marker=green; approximate 7-day HRV status value, not raw nightly exact value."
IMG_6403.PNG,HRV,2025-10-24,2025-11-20,2025-11-09,61.1,ms,high,"Digitized from Garmin HRV Status 4-week graph; marker=green; approximate 7-day HRV status value, not raw nightly exact value."
IMG_6403.PNG,HRV,2025-10-24,2025-11-20,2025-11-10,62.1,ms,high,"Digitized from Garmin HRV Status 4-week graph; marker=green; approximate 7-day HRV status value, not raw nightly exact value."
IMG_6403.PNG,HRV,2025-10-24,2025-11-20,2025-11-11,62.1,ms,high,"Digitized from Garmin HRV Status 4-week graph; marker=green; approximate 7-day HRV status value, not raw nightly exact value."
IMG_6403.PNG,HRV,2025-10-24,2025-11-20,2025-11-12,63.1,ms,high,"Digitized from Garmin HRV Status 4-week graph; marker=green; approximate 7-day HRV status value, not raw nightly exact value."
IMG_6403.PNG,HRV,2025-10-24,2025-11-20,2025-11-13,64.1,ms,high,"Digitized from Garmin HRV Status 4-week graph; marker=green; approximate 7-day HRV status value, not raw nightly exact value."
IMG_6403.PNG,HRV,2025-10-24,2025-11-20,2025-11-14,65.1,ms,high,"Digitized from Garmin HRV Status 4-week graph; marker=green; approximate 7-day HRV status value, not raw nightly exact value."
IMG_6403.PNG,HRV,2025-10-24,2025-11-20,2025-11-15,65.1,ms,high,"Digitized from Garmin HRV Status 4-week graph; marker=green; approximate 7-day HRV status value, not raw nightly exact value."
IMG_6403.PNG,HRV,2025-10-24,2025-11-20,2025-11-16,64.1,ms,high,"Digitized from Garmin HRV Status 4-week graph; marker=green; approximate 7-day HRV status value, not raw nightly exact value."
IMG_6403.PNG,HRV,2025-10-24,2025-11-20,2025-11-17,64.1,ms,high,"Digitized from Garmin HRV Status 4-week graph; marker=green; approximate 7-day HRV status value, not raw nightly exact value."
IMG_6403.PNG,HRV,2025-10-24,2025-11-20,2025-11-18,63.1,ms,high,"Digitized from Garmin HRV Status 4-week graph; marker=green; approximate 7-day HRV status value, not raw nightly exact value."
IMG_6403.PNG,HRV,2025-10-24,2025-11-20,2025-11-19,61.1,ms,high,"Digitized from Garmin HRV Status 4-week graph; marker=green; approximate 7-day HRV status value, not raw nightly exact value."
IMG_6403.PNG,HRV,2025-10-24,2025-11-20,2025-11-20,61.1,ms,high,"Digitized from Garmin HRV Status 4-week graph; marker=green; approximate 7-day HRV status value, not raw nightly exact value."
IMG_6404.PNG,HRV,2025-09-26,2025-10-23,2025-09-26,66.9,ms,high,"Digitized from Garmin HRV Status 4-week graph; marker=green; approximate 7-day HRV status value, not raw nightly exact value."
IMG_6404.PNG,HRV,2025-09-26,2025-10-23,2025-09-27,64.9,ms,high,"Digitized from Garmin HRV Status 4-week graph; marker=green; approximate 7-day HRV status value, not raw nightly exact value."
IMG_6404.PNG,HRV,2025-09-26,2025-10-23,2025-09-28,64.9,ms,high,"Digitized from Garmin HRV Status 4-week graph; marker=green; approximate 7-day HRV status value, not raw nightly exact value."
IMG_6404.PNG,HRV,2025-09-26,2025-10-23,2025-09-29,62.9,ms,high,"Digitized from Garmin HRV Status 4-week graph; marker=green; approximate 7-day HRV status value, not raw nightly exact value."
IMG_6404.PNG,HRV,2025-09-26,2025-10-23,2025-09-30,61.9,ms,high,"Digitized from Garmin HRV Status 4-week graph; marker=green; approximate 7-day HRV status value, not raw nightly exact value."
IMG_6404.PNG,HRV,2025-09-26,2025-10-23,2025-10-01,59.9,ms,high,"Digitized from Garmin HRV Status 4-week graph; marker=orange; approximate 7-day HRV status value, not raw nightly exact value."
IMG_6404.PNG,HRV,2025-09-26,2025-10-23,2025-10-02,58.9,ms,high,"Digitized from Garmin HRV Status 4-week graph; marker=orange; approximate 7-day HRV status value, not raw nightly exact value."
IMG_6404.PNG,HRV,2025-09-26,2025-10-23,2025-10-03,57.9,ms,high,"Digitized from Garmin HRV Status 4-week graph; marker=red; approximate 7-day HRV status value, not raw nightly exact value."
IMG_6404.PNG,HRV,2025-09-26,2025-10-23,2025-10-04,56.9,ms,high,"Digitized from Garmin HRV Status 4-week graph; marker=red; approximate 7-day HRV status value, not raw nightly exact value."
IMG_6404.PNG,HRV,2025-09-26,2025-10-23,2025-10-05,56.9,ms,high,"Digitized from Garmin HRV Status 4-week graph; marker=red; approximate 7-day HRV status value, not raw nightly exact value."
IMG_6404.PNG,HRV,2025-09-26,2025-10-23,2025-10-06,56.9,ms,high,"Digitized from Garmin HRV Status 4-week graph; marker=red; approximate 7-day HRV status value, not raw nightly exact value."
IMG_6404.PNG,HRV,2025-09-26,2025-10-23,2025-10-07,59.9,ms,high,"Digitized from Garmin HRV Status 4-week graph; marker=orange; approximate 7-day HRV status value, not raw nightly exact value."
IMG_6404.PNG,HRV,2025-09-26,2025-10-23,2025-10-08,60.9,ms,high,"Digitized from Garmin HRV Status 4-week graph; marker=green; approximate 7-day HRV status value, not raw nightly exact value."
IMG_6404.PNG,HRV,2025-09-26,2025-10-23,2025-10-09,62.9,ms,high,"Digitized from Garmin HRV Status 4-week graph; marker=green; approximate 7-day HRV status value, not raw nightly exact value."
IMG_6404.PNG,HRV,2025-09-26,2025-10-23,2025-10-10,63.9,ms,high,"Digitized from Garmin HRV Status 4-week graph; marker=green; approximate 7-day HRV status value, not raw nightly exact value."
IMG_6404.PNG,HRV,2025-09-26,2025-10-23,2025-10-11,64.9,ms,high,"Digitized from Garmin HRV Status 4-week graph; marker=green; approximate 7-day HRV status value, not raw nightly exact value."
IMG_6404.PNG,HRV,2025-09-26,2025-10-23,2025-10-12,65.9,ms,high,"Digitized from Garmin HRV Status 4-week graph; marker=green; approximate 7-day HRV status value, not raw nightly exact value."
IMG_6404.PNG,HRV,2025-09-26,2025-10-23,2025-10-13,67.9,ms,high,"Digitized from Garmin HRV Status 4-week graph; marker=green; approximate 7-day HRV status value, not raw nightly exact value."
IMG_6404.PNG,HRV,2025-09-26,2025-10-23,2025-10-14,66.9,ms,high,"Digitized from Garmin HRV Status 4-week graph; marker=green; approximate 7-day HRV status value, not raw nightly exact value."
IMG_6404.PNG,HRV,2025-09-26,2025-10-23,2025-10-15,67.9,ms,high,"Digitized from Garmin HRV Status 4-week graph; marker=green; approximate 7-day HRV status value, not raw nightly exact value."
IMG_6404.PNG,HRV,2025-09-26,2025-10-23,2025-10-16,66.9,ms,high,"Digitized from Garmin HRV Status 4-week graph; marker=green; approximate 7-day HRV status value, not raw nightly exact value."
IMG_6404.PNG,HRV,2025-09-26,2025-10-23,2025-10-17,67.9,ms,high,"Digitized from Garmin HRV Status 4-week graph; marker=green; approximate 7-day HRV status value, not raw nightly exact value."
IMG_6404.PNG,HRV,2025-09-26,2025-10-23,2025-10-18,68.9,ms,high,"Digitized from Garmin HRV Status 4-week graph; marker=green; approximate 7-day HRV status value, not raw nightly exact value."
IMG_6404.PNG,HRV,2025-09-26,2025-10-23,2025-10-19,68.9,ms,high,"Digitized from Garmin HRV Status 4-week graph; marker=green; approximate 7-day HRV status value, not raw nightly exact value."
IMG_6404.PNG,HRV,2025-09-26,2025-10-23,2025-10-20,66.9,ms,high,"Digitized from Garmin HRV Status 4-week graph; marker=green; approximate 7-day HRV status value, not raw nightly exact value."
IMG_6404.PNG,HRV,2025-09-26,2025-10-23,2025-10-21,65.9,ms,high,"Digitized from Garmin HRV Status 4-week graph; marker=green; approximate 7-day HRV status value, not raw nightly exact value."
IMG_6404.PNG,HRV,2025-09-26,2025-10-23,2025-10-22,65.9,ms,high,"Digitized from Garmin HRV Status 4-week graph; marker=green; approximate 7-day HRV status value, not raw nightly exact value."
IMG_6404.PNG,HRV,2025-09-26,2025-10-23,2025-10-23,65.9,ms,high,"Digitized from Garmin HRV Status 4-week graph; marker=green; approximate 7-day HRV status value, not raw nightly exact value."
IMG_6405.PNG,HRV,2025-08-29,2025-09-25,2025-08-29,57.7,ms,high,"Digitized from Garmin HRV Status 4-week graph; marker=orange; approximate 7-day HRV status value, not raw nightly exact value."
IMG_6405.PNG,HRV,2025-08-29,2025-09-25,2025-08-30,57.7,ms,high,"Digitized from Garmin HRV Status 4-week graph; marker=orange; approximate 7-day HRV status value, not raw nightly exact value."
IMG_6405.PNG,HRV,2025-08-29,2025-09-25,2025-08-31,59.7,ms,high,"Digitized from Garmin HRV Status 4-week graph; marker=green; approximate 7-day HRV status value, not raw nightly exact value."
IMG_6405.PNG,HRV,2025-08-29,2025-09-25,2025-09-01,60.8,ms,high,"Digitized from Garmin HRV Status 4-week graph; marker=green; approximate 7-day HRV status value, not raw nightly exact value."
IMG_6405.PNG,HRV,2025-08-29,2025-09-25,2025-09-02,60.8,ms,high,"Digitized from Garmin HRV Status 4-week graph; marker=green; approximate 7-day HRV status value, not raw nightly exact value."
IMG_6405.PNG,HRV,2025-08-29,2025-09-25,2025-09-03,61.7,ms,high,"Digitized from Garmin HRV Status 4-week graph; marker=green; approximate 7-day HRV status value, not raw nightly exact value."
IMG_6405.PNG,HRV,2025-08-29,2025-09-25,2025-09-04,63.8,ms,high,"Digitized from Garmin HRV Status 4-week graph; marker=green; approximate 7-day HRV status value, not raw nightly exact value."
IMG_6405.PNG,HRV,2025-08-29,2025-09-25,2025-09-05,64.8,ms,high,"Digitized from Garmin HRV Status 4-week graph; marker=green; approximate 7-day HRV status value, not raw nightly exact value."
IMG_6405.PNG,HRV,2025-08-29,2025-09-25,2025-09-06,63.8,ms,high,"Digitized from Garmin HRV Status 4-week graph; marker=green; approximate 7-day HRV status value, not raw nightly exact value."
IMG_6405.PNG,HRV,2025-08-29,2025-09-25,2025-09-07,61.7,ms,high,"Digitized from Garmin HRV Status 4-week graph; marker=green; approximate 7-day HRV status value, not raw nightly exact value."
IMG_6405.PNG,HRV,2025-08-29,2025-09-25,2025-09-08,60.8,ms,high,"Digitized from Garmin HRV Status 4-week graph; marker=green; approximate 7-day HRV status value, not raw nightly exact value."
IMG_6405.PNG,HRV,2025-08-29,2025-09-25,2025-09-09,61.7,ms,high,"Digitized from Garmin HRV Status 4-week graph; marker=green; approximate 7-day HRV status value, not raw nightly exact value."
IMG_6405.PNG,HRV,2025-08-29,2025-09-25,2025-09-10,62.7,ms,high,"Digitized from Garmin HRV Status 4-week graph; marker=green; approximate 7-day HRV status value, not raw nightly exact value."
IMG_6405.PNG,HRV,2025-08-29,2025-09-25,2025-09-11,62.7,ms,high,"Digitized from Garmin HRV Status 4-week graph; marker=green; approximate 7-day HRV status value, not raw nightly exact value."
IMG_6405.PNG,HRV,2025-08-29,2025-09-25,2025-09-12,64.8,ms,high,"Digitized from Garmin HRV Status 4-week graph; marker=green; approximate 7-day HRV status value, not raw nightly exact value."
IMG_6405.PNG,HRV,2025-08-29,2025-09-25,2025-09-13,66.8,ms,high,"Digitized from Garmin HRV Status 4-week graph; marker=green; approximate 7-day HRV status value, not raw nightly exact value."
IMG_6405.PNG,HRV,2025-08-29,2025-09-25,2025-09-14,70.8,ms,high,"Digitized from Garmin HRV Status 4-week graph; marker=green; approximate 7-day HRV status value, not raw nightly exact value."
IMG_6405.PNG,HRV,2025-08-29,2025-09-25,2025-09-15,70.8,ms,high,"Digitized from Garmin HRV Status 4-week graph; marker=orange; approximate 7-day HRV status value, not raw nightly exact value."
IMG_6405.PNG,HRV,2025-08-29,2025-09-25,2025-09-16,71.8,ms,high,"Digitized from Garmin HRV Status 4-week graph; marker=orange; approximate 7-day HRV status value, not raw nightly exact value."
IMG_6405.PNG,HRV,2025-08-29,2025-09-25,2025-09-17,71.8,ms,high,"Digitized from Garmin HRV Status 4-week graph; marker=orange; approximate 7-day HRV status value, not raw nightly exact value."
IMG_6405.PNG,HRV,2025-08-29,2025-09-25,2025-09-18,71.8,ms,high,"Digitized from Garmin HRV Status 4-week graph; marker=green; approximate 7-day HRV status value, not raw nightly exact value."
IMG_6405.PNG,HRV,2025-08-29,2025-09-25,2025-09-19,70.8,ms,high,"Digitized from Garmin HRV Status 4-week graph; marker=green; approximate 7-day HRV status value, not raw nightly exact value."
IMG_6405.PNG,HRV,2025-08-29,2025-09-25,2025-09-20,70.8,ms,high,"Digitized from Garmin HRV Status 4-week graph; marker=green; approximate 7-day HRV status value, not raw nightly exact value."
IMG_6405.PNG,HRV,2025-08-29,2025-09-25,2025-09-21,69.8,ms,high,"Digitized from Garmin HRV Status 4-week graph; marker=green; approximate 7-day HRV status value, not raw nightly exact value."
IMG_6405.PNG,HRV,2025-08-29,2025-09-25,2025-09-22,68.8,ms,high,"Digitized from Garmin HRV Status 4-week graph; marker=green; approximate 7-day HRV status value, not raw nightly exact value."
IMG_6405.PNG,HRV,2025-08-29,2025-09-25,2025-09-23,67.8,ms,high,"Digitized from Garmin HRV Status 4-week graph; marker=green; approximate 7-day HRV status value, not raw nightly exact value."
IMG_6405.PNG,HRV,2025-08-29,2025-09-25,2025-09-24,67.8,ms,high,"Digitized from Garmin HRV Status 4-week graph; marker=green; approximate 7-day HRV status value, not raw nightly exact value."
IMG_6405.PNG,HRV,2025-08-29,2025-09-25,2025-09-25,67.8,ms,high,"Digitized from Garmin HRV Status 4-week graph; marker=green; approximate 7-day HRV status value, not raw nightly exact value."
IMG_6406.PNG,HRV,2025-08-29,2025-09-25,2025-08-29,57.7,ms,high,"Digitized from Garmin HRV Status 4-week graph; marker=orange; approximate 7-day HRV status value, not raw nightly exact value."
IMG_6406.PNG,HRV,2025-08-29,2025-09-25,2025-08-30,57.7,ms,high,"Digitized from Garmin HRV Status 4-week graph; marker=orange; approximate 7-day HRV status value, not raw nightly exact value."
IMG_6406.PNG,HRV,2025-08-29,2025-09-25,2025-08-31,59.7,ms,high,"Digitized from Garmin HRV Status 4-week graph; marker=green; approximate 7-day HRV status value, not raw nightly exact value."
IMG_6406.PNG,HRV,2025-08-29,2025-09-25,2025-09-01,60.8,ms,high,"Digitized from Garmin HRV Status 4-week graph; marker=green; approximate 7-day HRV status value, not raw nightly exact value."
IMG_6406.PNG,HRV,2025-08-29,2025-09-25,2025-09-02,60.8,ms,high,"Digitized from Garmin HRV Status 4-week graph; marker=green; approximate 7-day HRV status value, not raw nightly exact value."
IMG_6406.PNG,HRV,2025-08-29,2025-09-25,2025-09-03,61.7,ms,high,"Digitized from Garmin HRV Status 4-week graph; marker=green; approximate 7-day HRV status value, not raw nightly exact value."
IMG_6406.PNG,HRV,2025-08-29,2025-09-25,2025-09-04,63.8,ms,high,"Digitized from Garmin HRV Status 4-week graph; marker=green; approximate 7-day HRV status value, not raw nightly exact value."
IMG_6406.PNG,HRV,2025-08-29,2025-09-25,2025-09-05,64.8,ms,high,"Digitized from Garmin HRV Status 4-week graph; marker=green; approximate 7-day HRV status value, not raw nightly exact value."
IMG_6406.PNG,HRV,2025-08-29,2025-09-25,2025-09-06,63.8,ms,high,"Digitized from Garmin HRV Status 4-week graph; marker=green; approximate 7-day HRV status value, not raw nightly exact value."
IMG_6406.PNG,HRV,2025-08-29,2025-09-25,2025-09-07,61.7,ms,high,"Digitized from Garmin HRV Status 4-week graph; marker=green; approximate 7-day HRV status value, not raw nightly exact value."
IMG_6406.PNG,HRV,2025-08-29,2025-09-25,2025-09-08,60.8,ms,high,"Digitized from Garmin HRV Status 4-week graph; marker=green; approximate 7-day HRV status value, not raw nightly exact value."
IMG_6406.PNG,HRV,2025-08-29,2025-09-25,2025-09-09,61.7,ms,high,"Digitized from Garmin HRV Status 4-week graph; marker=green; approximate 7-day HRV status value, not raw nightly exact value."
IMG_6406.PNG,HRV,2025-08-29,2025-09-25,2025-09-10,62.7,ms,high,"Digitized from Garmin HRV Status 4-week graph; marker=green; approximate 7-day HRV status value, not raw nightly exact value."
IMG_6406.PNG,HRV,2025-08-29,2025-09-25,2025-09-11,62.7,ms,high,"Digitized from Garmin HRV Status 4-week graph; marker=green; approximate 7-day HRV status value, not raw nightly exact value."
IMG_6406.PNG,HRV,2025-08-29,2025-09-25,2025-09-12,64.8,ms,high,"Digitized from Garmin HRV Status 4-week graph; marker=green; approximate 7-day HRV status value, not raw nightly exact value."
IMG_6406.PNG,HRV,2025-08-29,2025-09-25,2025-09-13,66.8,ms,high,"Digitized from Garmin HRV Status 4-week graph; marker=green; approximate 7-day HRV status value, not raw nightly exact value."
IMG_6406.PNG,HRV,2025-08-29,2025-09-25,2025-09-14,70.8,ms,high,"Digitized from Garmin HRV Status 4-week graph; marker=green; approximate 7-day HRV status value, not raw nightly exact value."
IMG_6406.PNG,HRV,2025-08-29,2025-09-25,2025-09-15,70.8,ms,high,"Digitized from Garmin HRV Status 4-week graph; marker=orange; approximate 7-day HRV status value, not raw nightly exact value."
IMG_6406.PNG,HRV,2025-08-29,2025-09-25,2025-09-16,71.8,ms,high,"Digitized from Garmin HRV Status 4-week graph; marker=orange; approximate 7-day HRV status value, not raw nightly exact value."
IMG_6406.PNG,HRV,2025-08-29,2025-09-25,2025-09-17,71.8,ms,high,"Digitized from Garmin HRV Status 4-week graph; marker=orange; approximate 7-day HRV status value, not raw nightly exact value."
IMG_6406.PNG,HRV,2025-08-29,2025-09-25,2025-09-18,71.8,ms,high,"Digitized from Garmin HRV Status 4-week graph; marker=green; approximate 7-day HRV status value, not raw nightly exact value."
IMG_6406.PNG,HRV,2025-08-29,2025-09-25,2025-09-19,70.8,ms,high,"Digitized from Garmin HRV Status 4-week graph; marker=green; approximate 7-day HRV status value, not raw nightly exact value."
IMG_6406.PNG,HRV,2025-08-29,2025-09-25,2025-09-20,70.8,ms,high,"Digitized from Garmin HRV Status 4-week graph; marker=green; approximate 7-day HRV status value, not raw nightly exact value."
IMG_6406.PNG,HRV,2025-08-29,2025-09-25,2025-09-21,69.8,ms,high,"Digitized from Garmin HRV Status 4-week graph; marker=green; approximate 7-day HRV status value, not raw nightly exact value."
IMG_6406.PNG,HRV,2025-08-29,2025-09-25,2025-09-22,68.8,ms,high,"Digitized from Garmin HRV Status 4-week graph; marker=green; approximate 7-day HRV status value, not raw nightly exact value."
IMG_6406.PNG,HRV,2025-08-29,2025-09-25,2025-09-23,67.8,ms,high,"Digitized from Garmin HRV Status 4-week graph; marker=green; approximate 7-day HRV status value, not raw nightly exact value."
IMG_6406.PNG,HRV,2025-08-29,2025-09-25,2025-09-24,67.8,ms,high,"Digitized from Garmin HRV Status 4-week graph; marker=green; approximate 7-day HRV status value, not raw nightly exact value."
IMG_6406.PNG,HRV,2025-08-29,2025-09-25,2025-09-25,67.8,ms,high,"Digitized from Garmin HRV Status 4-week graph; marker=green; approximate 7-day HRV status value, not raw nightly exact value."
IMG_6407.PNG,HRV,2025-08-01,2025-08-28,2025-08-01,63.8,ms,high,"Digitized from Garmin HRV Status 4-week graph; marker=green; approximate 7-day HRV status value, not raw nightly exact value."
IMG_6407.PNG,HRV,2025-08-01,2025-08-28,2025-08-02,63.8,ms,high,"Digitized from Garmin HRV Status 4-week graph; marker=green; approximate 7-day HRV status value, not raw nightly exact value."
IMG_6407.PNG,HRV,2025-08-01,2025-08-28,2025-08-03,64.8,ms,high,"Digitized from Garmin HRV Status 4-week graph; marker=green; approximate 7-day HRV status value, not raw nightly exact value."
IMG_6407.PNG,HRV,2025-08-01,2025-08-28,2025-08-04,64.8,ms,high,"Digitized from Garmin HRV Status 4-week graph; marker=green; approximate 7-day HRV status value, not raw nightly exact value."
IMG_6407.PNG,HRV,2025-08-01,2025-08-28,2025-08-05,65.8,ms,high,"Digitized from Garmin HRV Status 4-week graph; marker=green; approximate 7-day HRV status value, not raw nightly exact value."
IMG_6407.PNG,HRV,2025-08-01,2025-08-28,2025-08-06,64.8,ms,high,"Digitized from Garmin HRV Status 4-week graph; marker=green; approximate 7-day HRV status value, not raw nightly exact value."
IMG_6407.PNG,HRV,2025-08-01,2025-08-28,2025-08-07,62.8,ms,high,"Digitized from Garmin HRV Status 4-week graph; marker=green; approximate 7-day HRV status value, not raw nightly exact value."
IMG_6407.PNG,HRV,2025-08-01,2025-08-28,2025-08-10,62.8,ms,high,"Digitized from Garmin HRV Status 4-week graph; marker=green; approximate 7-day HRV status value, not raw nightly exact value."
IMG_6407.PNG,HRV,2025-08-01,2025-08-28,2025-08-11,60.8,ms,high,"Digitized from Garmin HRV Status 4-week graph; marker=green; approximate 7-day HRV status value, not raw nightly exact value."
IMG_6407.PNG,HRV,2025-08-01,2025-08-28,2025-08-12,59.8,ms,high,"Digitized from Garmin HRV Status 4-week graph; marker=green; approximate 7-day HRV status value, not raw nightly exact value."
IMG_6407.PNG,HRV,2025-08-01,2025-08-28,2025-08-13,58.8,ms,high,"Digitized from Garmin HRV Status 4-week graph; marker=green; approximate 7-day HRV status value, not raw nightly exact value."
IMG_6407.PNG,HRV,2025-08-01,2025-08-28,2025-08-14,58.8,ms,high,"Digitized from Garmin HRV Status 4-week graph; marker=green; approximate 7-day HRV status value, not raw nightly exact value."
IMG_6407.PNG,HRV,2025-08-01,2025-08-28,2025-08-15,61.8,ms,high,"Digitized from Garmin HRV Status 4-week graph; marker=green; approximate 7-day HRV status value, not raw nightly exact value."
IMG_6407.PNG,HRV,2025-08-01,2025-08-28,2025-08-16,61.8,ms,high,"Digitized from Garmin HRV Status 4-week graph; marker=green; approximate 7-day HRV status value, not raw nightly exact value."
IMG_6407.PNG,HRV,2025-08-01,2025-08-28,2025-08-17,63.8,ms,high,"Digitized from Garmin HRV Status 4-week graph; marker=green; approximate 7-day HRV status value, not raw nightly exact value."
IMG_6407.PNG,HRV,2025-08-01,2025-08-28,2025-08-18,65.8,ms,high,"Digitized from Garmin HRV Status 4-week graph; marker=green; approximate 7-day HRV status value, not raw nightly exact value."
IMG_6407.PNG,HRV,2025-08-01,2025-08-28,2025-08-19,65.8,ms,high,"Digitized from Garmin HRV Status 4-week graph; marker=green; approximate 7-day HRV status value, not raw nightly exact value."
IMG_6407.PNG,HRV,2025-08-01,2025-08-28,2025-08-20,65.8,ms,high,"Digitized from Garmin HRV Status 4-week graph; marker=green; approximate 7-day HRV status value, not raw nightly exact value."
IMG_6407.PNG,HRV,2025-08-01,2025-08-28,2025-08-21,66.8,ms,high,"Digitized from Garmin HRV Status 4-week graph; marker=green; approximate 7-day HRV status value, not raw nightly exact value."
IMG_6407.PNG,HRV,2025-08-01,2025-08-28,2025-08-22,64.8,ms,high,"Digitized from Garmin HRV Status 4-week graph; marker=green; approximate 7-day HRV status value, not raw nightly exact value."
IMG_6407.PNG,HRV,2025-08-01,2025-08-28,2025-08-23,64.8,ms,high,"Digitized from Garmin HRV Status 4-week graph; marker=green; approximate 7-day HRV status value, not raw nightly exact value."
IMG_6407.PNG,HRV,2025-08-01,2025-08-28,2025-08-24,61.8,ms,high,"Digitized from Garmin HRV Status 4-week graph; marker=green; approximate 7-day HRV status value, not raw nightly exact value."
IMG_6407.PNG,HRV,2025-08-01,2025-08-28,2025-08-25,59.8,ms,high,"Digitized from Garmin HRV Status 4-week graph; marker=green; approximate 7-day HRV status value, not raw nightly exact value."
IMG_6407.PNG,HRV,2025-08-01,2025-08-28,2025-08-26,59.8,ms,high,"Digitized from Garmin HRV Status 4-week graph; marker=green; approximate 7-day HRV status value, not raw nightly exact value."
IMG_6407.PNG,HRV,2025-08-01,2025-08-28,2025-08-27,58.8,ms,high,"Digitized from Garmin HRV Status 4-week graph; marker=orange; approximate 7-day HRV status value, not raw nightly exact value."
IMG_6407.PNG,HRV,2025-08-01,2025-08-28,2025-08-28,58.8,ms,high,"Digitized from Garmin HRV Status 4-week graph; marker=orange; approximate 7-day HRV status value, not raw nightly exact value."
IMG_6408.PNG,HRV,2025-07-04,2025-07-31,2025-07-04,63.0,ms,high,"Digitized from Garmin HRV Status 4-week graph; marker=orange; approximate 7-day HRV status value, not raw nightly exact value."
IMG_6408.PNG,HRV,2025-07-04,2025-07-31,2025-07-05,64.0,ms,high,"Digitized from Garmin HRV Status 4-week graph; marker=orange; approximate 7-day HRV status value, not raw nightly exact value."
IMG_6408.PNG,HRV,2025-07-04,2025-07-31,2025-07-06,65.0,ms,high,"Digitized from Garmin HRV Status 4-week graph; marker=orange; approximate 7-day HRV status value, not raw nightly exact value."
IMG_6408.PNG,HRV,2025-07-04,2025-07-31,2025-07-07,65.0,ms,high,"Digitized from Garmin HRV Status 4-week graph; marker=orange; approximate 7-day HRV status value, not raw nightly exact value."
IMG_6408.PNG,HRV,2025-07-04,2025-07-31,2025-07-08,64.0,ms,high,"Digitized from Garmin HRV Status 4-week graph; marker=green; approximate 7-day HRV status value, not raw nightly exact value."
IMG_6408.PNG,HRV,2025-07-04,2025-07-31,2025-07-09,63.0,ms,high,"Digitized from Garmin HRV Status 4-week graph; marker=green; approximate 7-day HRV status value, not raw nightly exact value."
IMG_6408.PNG,HRV,2025-07-04,2025-07-31,2025-07-10,64.0,ms,high,"Digitized from Garmin HRV Status 4-week graph; marker=green; approximate 7-day HRV status value, not raw nightly exact value."
IMG_6408.PNG,HRV,2025-07-04,2025-07-31,2025-07-11,63.0,ms,high,"Digitized from Garmin HRV Status 4-week graph; marker=green; approximate 7-day HRV status value, not raw nightly exact value."
IMG_6408.PNG,HRV,2025-07-04,2025-07-31,2025-07-12,60.9,ms,high,"Digitized from Garmin HRV Status 4-week graph; marker=green; approximate 7-day HRV status value, not raw nightly exact value."
IMG_6408.PNG,HRV,2025-07-04,2025-07-31,2025-07-13,58.9,ms,high,"Digitized from Garmin HRV Status 4-week graph; marker=green; approximate 7-day HRV status value, not raw nightly exact value."
IMG_6408.PNG,HRV,2025-07-04,2025-07-31,2025-07-14,57.9,ms,high,"Digitized from Garmin HRV Status 4-week graph; marker=green; approximate 7-day HRV status value, not raw nightly exact value."
IMG_6408.PNG,HRV,2025-07-04,2025-07-31,2025-07-15,57.9,ms,high,"Digitized from Garmin HRV Status 4-week graph; marker=green; approximate 7-day HRV status value, not raw nightly exact value."
IMG_6408.PNG,HRV,2025-07-04,2025-07-31,2025-07-16,57.9,ms,high,"Digitized from Garmin HRV Status 4-week graph; marker=green; approximate 7-day HRV status value, not raw nightly exact value."
IMG_6408.PNG,HRV,2025-07-04,2025-07-31,2025-07-17,57.9,ms,high,"Digitized from Garmin HRV Status 4-week graph; marker=green; approximate 7-day HRV status value, not raw nightly exact value."
IMG_6408.PNG,HRV,2025-07-04,2025-07-31,2025-07-18,56.9,ms,high,"Digitized from Garmin HRV Status 4-week graph; marker=green; approximate 7-day HRV status value, not raw nightly exact value."
IMG_6408.PNG,HRV,2025-07-04,2025-07-31,2025-07-19,57.9,ms,high,"Digitized from Garmin HRV Status 4-week graph; marker=green; approximate 7-day HRV status value, not raw nightly exact value."
IMG_6408.PNG,HRV,2025-07-04,2025-07-31,2025-07-20,58.9,ms,high,"Digitized from Garmin HRV Status 4-week graph; marker=green; approximate 7-day HRV status value, not raw nightly exact value."
IMG_6408.PNG,HRV,2025-07-04,2025-07-31,2025-07-21,60.9,ms,high,"Digitized from Garmin HRV Status 4-week graph; marker=green; approximate 7-day HRV status value, not raw nightly exact value."
IMG_6408.PNG,HRV,2025-07-04,2025-07-31,2025-07-22,61.9,ms,high,"Digitized from Garmin HRV Status 4-week graph; marker=green; approximate 7-day HRV status value, not raw nightly exact value."
IMG_6408.PNG,HRV,2025-07-04,2025-07-31,2025-07-23,61.9,ms,high,"Digitized from Garmin HRV Status 4-week graph; marker=green; approximate 7-day HRV status value, not raw nightly exact value."
IMG_6408.PNG,HRV,2025-07-04,2025-07-31,2025-07-24,61.9,ms,high,"Digitized from Garmin HRV Status 4-week graph; marker=green; approximate 7-day HRV status value, not raw nightly exact value."
IMG_6408.PNG,HRV,2025-07-04,2025-07-31,2025-07-25,61.9,ms,high,"Digitized from Garmin HRV Status 4-week graph; marker=green; approximate 7-day HRV status value, not raw nightly exact value."
IMG_6408.PNG,HRV,2025-07-04,2025-07-31,2025-07-26,64.0,ms,high,"Digitized from Garmin HRV Status 4-week graph; marker=green; approximate 7-day HRV status value, not raw nightly exact value."
IMG_6408.PNG,HRV,2025-07-04,2025-07-31,2025-07-27,64.0,ms,high,"Digitized from Garmin HRV Status 4-week graph; marker=green; approximate 7-day HRV status value, not raw nightly exact value."
IMG_6408.PNG,HRV,2025-07-04,2025-07-31,2025-07-28,61.9,ms,high,"Digitized from Garmin HRV Status 4-week graph; marker=green; approximate 7-day HRV status value, not raw nightly exact value."
IMG_6408.PNG,HRV,2025-07-04,2025-07-31,2025-07-29,61.9,ms,high,"Digitized from Garmin HRV Status 4-week graph; marker=green; approximate 7-day HRV status value, not raw nightly exact value."
IMG_6408.PNG,HRV,2025-07-04,2025-07-31,2025-07-30,63.0,ms,high,"Digitized from Garmin HRV Status 4-week graph; marker=green; approximate 7-day HRV status value, not raw nightly exact value."
IMG_6408.PNG,HRV,2025-07-04,2025-07-31,2025-07-31,64.0,ms,high,"Digitized from Garmin HRV Status 4-week graph; marker=green; approximate 7-day HRV status value, not raw nightly exact value."
IMG_6409.PNG,HRV,2025-06-06,2025-07-03,2025-06-06,59.5,ms,high,"Digitized from Garmin HRV Status 4-week graph; marker=orange; approximate 7-day HRV status value, not raw nightly exact value."
IMG_6409.PNG,HRV,2025-06-06,2025-07-03,2025-06-07,59.5,ms,high,"Digitized from Garmin HRV Status 4-week graph; marker=orange; approximate 7-day HRV status value, not raw nightly exact value."
IMG_6409.PNG,HRV,2025-06-06,2025-07-03,2025-06-08,59.5,ms,high,"Digitized from Garmin HRV Status 4-week graph; marker=orange; approximate 7-day HRV status value, not raw nightly exact value."
IMG_6409.PNG,HRV,2025-06-06,2025-07-03,2025-06-09,60.5,ms,high,"Digitized from Garmin HRV Status 4-week graph; marker=orange; approximate 7-day HRV status value, not raw nightly exact value."
IMG_6409.PNG,HRV,2025-06-06,2025-07-03,2025-06-10,59.5,ms,high,"Digitized from Garmin HRV Status 4-week graph; marker=orange; approximate 7-day HRV status value, not raw nightly exact value."
IMG_6409.PNG,HRV,2025-06-06,2025-07-03,2025-06-11,57.5,ms,high,"Digitized from Garmin HRV Status 4-week graph; marker=green; approximate 7-day HRV status value, not raw nightly exact value."
IMG_6409.PNG,HRV,2025-06-06,2025-07-03,2025-06-12,56.4,ms,high,"Digitized from Garmin HRV Status 4-week graph; marker=green; approximate 7-day HRV status value, not raw nightly exact value."
IMG_6409.PNG,HRV,2025-06-06,2025-07-03,2025-06-13,56.4,ms,high,"Digitized from Garmin HRV Status 4-week graph; marker=green; approximate 7-day HRV status value, not raw nightly exact value."
IMG_6409.PNG,HRV,2025-06-06,2025-07-03,2025-06-14,55.4,ms,high,"Digitized from Garmin HRV Status 4-week graph; marker=green; approximate 7-day HRV status value, not raw nightly exact value."
IMG_6409.PNG,HRV,2025-06-06,2025-07-03,2025-06-15,55.4,ms,high,"Digitized from Garmin HRV Status 4-week graph; marker=green; approximate 7-day HRV status value, not raw nightly exact value."
IMG_6409.PNG,HRV,2025-06-06,2025-07-03,2025-06-16,53.3,ms,high,"Digitized from Garmin HRV Status 4-week graph; marker=green; approximate 7-day HRV status value, not raw nightly exact value."
IMG_6409.PNG,HRV,2025-06-06,2025-07-03,2025-06-17,54.3,ms,high,"Digitized from Garmin HRV Status 4-week graph; marker=green; approximate 7-day HRV status value, not raw nightly exact value."
IMG_6409.PNG,HRV,2025-06-06,2025-07-03,2025-06-18,55.4,ms,high,"Digitized from Garmin HRV Status 4-week graph; marker=green; approximate 7-day HRV status value, not raw nightly exact value."
IMG_6409.PNG,HRV,2025-06-06,2025-07-03,2025-06-19,54.3,ms,high,"Digitized from Garmin HRV Status 4-week graph; marker=green; approximate 7-day HRV status value, not raw nightly exact value."
IMG_6409.PNG,HRV,2025-06-06,2025-07-03,2025-06-20,53.3,ms,high,"Digitized from Garmin HRV Status 4-week graph; marker=green; approximate 7-day HRV status value, not raw nightly exact value."
IMG_6409.PNG,HRV,2025-06-06,2025-07-03,2025-06-21,54.3,ms,high,"Digitized from Garmin HRV Status 4-week graph; marker=green; approximate 7-day HRV status value, not raw nightly exact value."
IMG_6409.PNG,HRV,2025-06-06,2025-07-03,2025-06-22,56.4,ms,high,"Digitized from Garmin HRV Status 4-week graph; marker=green; approximate 7-day HRV status value, not raw nightly exact value."
IMG_6409.PNG,HRV,2025-06-06,2025-07-03,2025-06-23,58.5,ms,high,"Digitized from Garmin HRV Status 4-week graph; marker=green; approximate 7-day HRV status value, not raw nightly exact value."
IMG_6409.PNG,HRV,2025-06-06,2025-07-03,2025-06-24,59.5,ms,high,"Digitized from Garmin HRV Status 4-week graph; marker=green; approximate 7-day HRV status value, not raw nightly exact value."
IMG_6409.PNG,HRV,2025-06-06,2025-07-03,2025-06-25,61.6,ms,high,"Digitized from Garmin HRV Status 4-week graph; marker=orange; approximate 7-day HRV status value, not raw nightly exact value."
IMG_6409.PNG,HRV,2025-06-06,2025-07-03,2025-06-26,63.6,ms,high,"Digitized from Garmin HRV Status 4-week graph; marker=orange; approximate 7-day HRV status value, not raw nightly exact value."
IMG_6409.PNG,HRV,2025-06-06,2025-07-03,2025-06-27,63.6,ms,high,"Digitized from Garmin HRV Status 4-week graph; marker=orange; approximate 7-day HRV status value, not raw nightly exact value."
IMG_6409.PNG,HRV,2025-06-06,2025-07-03,2025-06-28,64.6,ms,high,"Digitized from Garmin HRV Status 4-week graph; marker=orange; approximate 7-day HRV status value, not raw nightly exact value."
IMG_6409.PNG,HRV,2025-06-06,2025-07-03,2025-06-29,63.6,ms,high,"Digitized from Garmin HRV Status 4-week graph; marker=orange; approximate 7-day HRV status value, not raw nightly exact value."
IMG_6409.PNG,HRV,2025-06-06,2025-07-03,2025-06-30,63.6,ms,high,"Digitized from Garmin HRV Status 4-week graph; marker=orange; approximate 7-day HRV status value, not raw nightly exact value."
IMG_6409.PNG,HRV,2025-06-06,2025-07-03,2025-07-01,63.6,ms,high,"Digitized from Garmin HRV Status 4-week graph; marker=orange; approximate 7-day HRV status value, not raw nightly exact value."
IMG_6409.PNG,HRV,2025-06-06,2025-07-03,2025-07-02,62.6,ms,high,"Digitized from Garmin HRV Status 4-week graph; marker=orange; approximate 7-day HRV status value, not raw nightly exact value."
IMG_6409.PNG,HRV,2025-06-06,2025-07-03,2025-07-03,61.6,ms,high,"Digitized from Garmin HRV Status 4-week graph; marker=green; approximate 7-day HRV status value, not raw nightly exact value."
IMG_6410.PNG,HRV,2025-05-09,2025-06-05,2025-05-09,47.3,ms,high,"Digitized from Garmin HRV Status 4-week graph; marker=red; approximate 7-day HRV status value, not raw nightly exact value."
IMG_6410.PNG,HRV,2025-05-09,2025-06-05,2025-05-10,48.3,ms,high,"Digitized from Garmin HRV Status 4-week graph; marker=orange; approximate 7-day HRV status value, not raw nightly exact value."
IMG_6410.PNG,HRV,2025-05-09,2025-06-05,2025-05-11,49.4,ms,high,"Digitized from Garmin HRV Status 4-week graph; marker=orange; approximate 7-day HRV status value, not raw nightly exact value."
IMG_6410.PNG,HRV,2025-05-09,2025-06-05,2025-05-12,50.4,ms,high,"Digitized from Garmin HRV Status 4-week graph; marker=green; approximate 7-day HRV status value, not raw nightly exact value."
IMG_6410.PNG,HRV,2025-05-09,2025-06-05,2025-05-13,49.4,ms,high,"Digitized from Garmin HRV Status 4-week graph; marker=green; approximate 7-day HRV status value, not raw nightly exact value."
IMG_6410.PNG,HRV,2025-05-09,2025-06-05,2025-05-14,50.4,ms,high,"Digitized from Garmin HRV Status 4-week graph; marker=green; approximate 7-day HRV status value, not raw nightly exact value."
IMG_6410.PNG,HRV,2025-05-09,2025-06-05,2025-05-15,50.4,ms,high,"Digitized from Garmin HRV Status 4-week graph; marker=green; approximate 7-day HRV status value, not raw nightly exact value."
IMG_6410.PNG,HRV,2025-05-09,2025-06-05,2025-05-16,50.4,ms,high,"Digitized from Garmin HRV Status 4-week graph; marker=green; approximate 7-day HRV status value, not raw nightly exact value."
IMG_6410.PNG,HRV,2025-05-09,2025-06-05,2025-05-17,51.4,ms,high,"Digitized from Garmin HRV Status 4-week graph; marker=green; approximate 7-day HRV status value, not raw nightly exact value."
IMG_6410.PNG,HRV,2025-05-09,2025-06-05,2025-05-18,50.4,ms,high,"Digitized from Garmin HRV Status 4-week graph; marker=green; approximate 7-day HRV status value, not raw nightly exact value."
IMG_6410.PNG,HRV,2025-05-09,2025-06-05,2025-05-19,50.4,ms,high,"Digitized from Garmin HRV Status 4-week graph; marker=green; approximate 7-day HRV status value, not raw nightly exact value."
IMG_6410.PNG,HRV,2025-05-09,2025-06-05,2025-05-20,51.4,ms,high,"Digitized from Garmin HRV Status 4-week graph; marker=green; approximate 7-day HRV status value, not raw nightly exact value."
IMG_6410.PNG,HRV,2025-05-09,2025-06-05,2025-05-21,51.4,ms,high,"Digitized from Garmin HRV Status 4-week graph; marker=green; approximate 7-day HRV status value, not raw nightly exact value."
IMG_6410.PNG,HRV,2025-05-09,2025-06-05,2025-05-22,51.4,ms,high,"Digitized from Garmin HRV Status 4-week graph; marker=green; approximate 7-day HRV status value, not raw nightly exact value."
IMG_6410.PNG,HRV,2025-05-09,2025-06-05,2025-05-23,51.4,ms,high,"Digitized from Garmin HRV Status 4-week graph; marker=green; approximate 7-day HRV status value, not raw nightly exact value."
IMG_6410.PNG,HRV,2025-05-09,2025-06-05,2025-05-24,51.4,ms,high,"Digitized from Garmin HRV Status 4-week graph; marker=green; approximate 7-day HRV status value, not raw nightly exact value."
IMG_6410.PNG,HRV,2025-05-09,2025-06-05,2025-05-25,51.4,ms,high,"Digitized from Garmin HRV Status 4-week graph; marker=green; approximate 7-day HRV status value, not raw nightly exact value."
IMG_6410.PNG,HRV,2025-05-09,2025-06-05,2025-05-26,51.4,ms,high,"Digitized from Garmin HRV Status 4-week graph; marker=green; approximate 7-day HRV status value, not raw nightly exact value."
IMG_6410.PNG,HRV,2025-05-09,2025-06-05,2025-05-27,51.4,ms,high,"Digitized from Garmin HRV Status 4-week graph; marker=green; approximate 7-day HRV status value, not raw nightly exact value."
IMG_6410.PNG,HRV,2025-05-09,2025-06-05,2025-05-28,51.4,ms,high,"Digitized from Garmin HRV Status 4-week graph; marker=green; approximate 7-day HRV status value, not raw nightly exact value."
IMG_6410.PNG,HRV,2025-05-09,2025-06-05,2025-05-29,51.4,ms,high,"Digitized from Garmin HRV Status 4-week graph; marker=green; approximate 7-day HRV status value, not raw nightly exact value."
IMG_6410.PNG,HRV,2025-05-09,2025-06-05,2025-05-30,52.4,ms,high,"Digitized from Garmin HRV Status 4-week graph; marker=green; approximate 7-day HRV status value, not raw nightly exact value."
IMG_6410.PNG,HRV,2025-05-09,2025-06-05,2025-05-31,53.4,ms,high,"Digitized from Garmin HRV Status 4-week graph; marker=green; approximate 7-day HRV status value, not raw nightly exact value."
IMG_6410.PNG,HRV,2025-05-09,2025-06-05,2025-06-01,54.4,ms,high,"Digitized from Garmin HRV Status 4-week graph; marker=green; approximate 7-day HRV status value, not raw nightly exact value."
IMG_6410.PNG,HRV,2025-05-09,2025-06-05,2025-06-02,55.5,ms,high,"Digitized from Garmin HRV Status 4-week graph; marker=green; approximate 7-day HRV status value, not raw nightly exact value."
IMG_6410.PNG,HRV,2025-05-09,2025-06-05,2025-06-03,55.5,ms,high,"Digitized from Garmin HRV Status 4-week graph; marker=green; approximate 7-day HRV status value, not raw nightly exact value."
IMG_6410.PNG,HRV,2025-05-09,2025-06-05,2025-06-04,56.5,ms,high,"Digitized from Garmin HRV Status 4-week graph; marker=green; approximate 7-day HRV status value, not raw nightly exact value."
IMG_6410.PNG,HRV,2025-05-09,2025-06-05,2025-06-05,58.5,ms,high,"Digitized from Garmin HRV Status 4-week graph; marker=orange; approximate 7-day HRV status value, not raw nightly exact value."
IMG_6411.PNG,HRV,2025-04-11,2025-05-08,2025-04-11,54.8,ms,high,"Digitized from Garmin HRV Status 4-week graph; marker=green; approximate 7-day HRV status value, not raw nightly exact value."
IMG_6411.PNG,HRV,2025-04-11,2025-05-08,2025-04-12,54.8,ms,high,"Digitized from Garmin HRV Status 4-week graph; marker=green; approximate 7-day HRV status value, not raw nightly exact value."
IMG_6411.PNG,HRV,2025-04-11,2025-05-08,2025-04-13,54.8,ms,high,"Digitized from Garmin HRV Status 4-week graph; marker=green; approximate 7-day HRV status value, not raw nightly exact value."
IMG_6411.PNG,HRV,2025-04-11,2025-05-08,2025-04-14,54.8,ms,high,"Digitized from Garmin HRV Status 4-week graph; marker=green; approximate 7-day HRV status value, not raw nightly exact value."
IMG_6411.PNG,HRV,2025-04-11,2025-05-08,2025-04-15,53.8,ms,high,"Digitized from Garmin HRV Status 4-week graph; marker=green; approximate 7-day HRV status value, not raw nightly exact value."
IMG_6411.PNG,HRV,2025-04-11,2025-05-08,2025-04-16,53.8,ms,high,"Digitized from Garmin HRV Status 4-week graph; marker=green; approximate 7-day HRV status value, not raw nightly exact value."
IMG_6411.PNG,HRV,2025-04-11,2025-05-08,2025-04-17,53.8,ms,high,"Digitized from Garmin HRV Status 4-week graph; marker=green; approximate 7-day HRV status value, not raw nightly exact value."
IMG_6411.PNG,HRV,2025-04-11,2025-05-08,2025-04-18,52.8,ms,high,"Digitized from Garmin HRV Status 4-week graph; marker=green; approximate 7-day HRV status value, not raw nightly exact value."
IMG_6411.PNG,HRV,2025-04-11,2025-05-08,2025-04-19,52.8,ms,high,"Digitized from Garmin HRV Status 4-week graph; marker=green; approximate 7-day HRV status value, not raw nightly exact value."
IMG_6411.PNG,HRV,2025-04-11,2025-05-08,2025-04-20,52.8,ms,high,"Digitized from Garmin HRV Status 4-week graph; marker=green; approximate 7-day HRV status value, not raw nightly exact value."
IMG_6411.PNG,HRV,2025-04-11,2025-05-08,2025-04-21,52.8,ms,high,"Digitized from Garmin HRV Status 4-week graph; marker=green; approximate 7-day HRV status value, not raw nightly exact value."
IMG_6411.PNG,HRV,2025-04-11,2025-05-08,2025-04-22,50.8,ms,high,"Digitized from Garmin HRV Status 4-week graph; marker=orange; approximate 7-day HRV status value, not raw nightly exact value."
IMG_6411.PNG,HRV,2025-04-11,2025-05-08,2025-04-23,49.8,ms,high,"Digitized from Garmin HRV Status 4-week graph; marker=orange; approximate 7-day HRV status value, not raw nightly exact value."
IMG_6411.PNG,HRV,2025-04-11,2025-05-08,2025-04-24,48.8,ms,high,"Digitized from Garmin HRV Status 4-week graph; marker=red; approximate 7-day HRV status value, not raw nightly exact value."
IMG_6411.PNG,HRV,2025-04-11,2025-05-08,2025-04-25,49.8,ms,high,"Digitized from Garmin HRV Status 4-week graph; marker=orange; approximate 7-day HRV status value, not raw nightly exact value."
IMG_6411.PNG,HRV,2025-04-11,2025-05-08,2025-04-26,49.8,ms,high,"Digitized from Garmin HRV Status 4-week graph; marker=orange; approximate 7-day HRV status value, not raw nightly exact value."
IMG_6411.PNG,HRV,2025-04-11,2025-05-08,2025-04-27,49.8,ms,high,"Digitized from Garmin HRV Status 4-week graph; marker=orange; approximate 7-day HRV status value, not raw nightly exact value."
IMG_6411.PNG,HRV,2025-04-11,2025-05-08,2025-04-28,48.8,ms,high,"Digitized from Garmin HRV Status 4-week graph; marker=red; approximate 7-day HRV status value, not raw nightly exact value."
IMG_6411.PNG,HRV,2025-04-11,2025-05-08,2025-04-29,49.8,ms,high,"Digitized from Garmin HRV Status 4-week graph; marker=orange; approximate 7-day HRV status value, not raw nightly exact value."
IMG_6411.PNG,HRV,2025-04-11,2025-05-08,2025-04-30,49.8,ms,high,"Digitized from Garmin HRV Status 4-week graph; marker=orange; approximate 7-day HRV status value, not raw nightly exact value."
IMG_6411.PNG,HRV,2025-04-11,2025-05-08,2025-05-01,50.8,ms,high,"Digitized from Garmin HRV Status 4-week graph; marker=orange; approximate 7-day HRV status value, not raw nightly exact value."
IMG_6411.PNG,HRV,2025-04-11,2025-05-08,2025-05-02,50.8,ms,high,"Digitized from Garmin HRV Status 4-week graph; marker=green; approximate 7-day HRV status value, not raw nightly exact value."
IMG_6411.PNG,HRV,2025-04-11,2025-05-08,2025-05-03,50.8,ms,high,"Digitized from Garmin HRV Status 4-week graph; marker=orange; approximate 7-day HRV status value, not raw nightly exact value."
IMG_6411.PNG,HRV,2025-04-11,2025-05-08,2025-05-04,49.8,ms,high,"Digitized from Garmin HRV Status 4-week graph; marker=orange; approximate 7-day HRV status value, not raw nightly exact value."
IMG_6411.PNG,HRV,2025-04-11,2025-05-08,2025-05-05,49.8,ms,high,"Digitized from Garmin HRV Status 4-week graph; marker=orange; approximate 7-day HRV status value, not raw nightly exact value."
IMG_6411.PNG,HRV,2025-04-11,2025-05-08,2025-05-06,50.8,ms,high,"Digitized from Garmin HRV Status 4-week graph; marker=orange; approximate 7-day HRV status value, not raw nightly exact value."
IMG_6411.PNG,HRV,2025-04-11,2025-05-08,2025-05-07,49.8,ms,high,"Digitized from Garmin HRV Status 4-week graph; marker=orange; approximate 7-day HRV status value, not raw nightly exact value."
IMG_6411.PNG,HRV,2025-04-11,2025-05-08,2025-05-08,49.8,ms,high,"Digitized from Garmin HRV Status 4-week graph; marker=orange; approximate 7-day HRV status value, not raw nightly exact value."
IMG_6412.PNG,HRV,2025-04-11,2025-05-08,2025-04-11,54.8,ms,high,"Digitized from Garmin HRV Status 4-week graph; marker=green; approximate 7-day HRV status value, not raw nightly exact value."
IMG_6412.PNG,HRV,2025-04-11,2025-05-08,2025-04-12,54.8,ms,high,"Digitized from Garmin HRV Status 4-week graph; marker=green; approximate 7-day HRV status value, not raw nightly exact value."
IMG_6412.PNG,HRV,2025-04-11,2025-05-08,2025-04-13,54.8,ms,high,"Digitized from Garmin HRV Status 4-week graph; marker=green; approximate 7-day HRV status value, not raw nightly exact value."
IMG_6412.PNG,HRV,2025-04-11,2025-05-08,2025-04-14,54.8,ms,high,"Digitized from Garmin HRV Status 4-week graph; marker=green; approximate 7-day HRV status value, not raw nightly exact value."
IMG_6412.PNG,HRV,2025-04-11,2025-05-08,2025-04-15,53.8,ms,high,"Digitized from Garmin HRV Status 4-week graph; marker=green; approximate 7-day HRV status value, not raw nightly exact value."
IMG_6412.PNG,HRV,2025-04-11,2025-05-08,2025-04-16,53.8,ms,high,"Digitized from Garmin HRV Status 4-week graph; marker=green; approximate 7-day HRV status value, not raw nightly exact value."
IMG_6412.PNG,HRV,2025-04-11,2025-05-08,2025-04-17,53.8,ms,high,"Digitized from Garmin HRV Status 4-week graph; marker=green; approximate 7-day HRV status value, not raw nightly exact value."
IMG_6412.PNG,HRV,2025-04-11,2025-05-08,2025-04-18,52.8,ms,high,"Digitized from Garmin HRV Status 4-week graph; marker=green; approximate 7-day HRV status value, not raw nightly exact value."
IMG_6412.PNG,HRV,2025-04-11,2025-05-08,2025-04-19,52.8,ms,high,"Digitized from Garmin HRV Status 4-week graph; marker=green; approximate 7-day HRV status value, not raw nightly exact value."
IMG_6412.PNG,HRV,2025-04-11,2025-05-08,2025-04-20,52.8,ms,high,"Digitized from Garmin HRV Status 4-week graph; marker=green; approximate 7-day HRV status value, not raw nightly exact value."
IMG_6412.PNG,HRV,2025-04-11,2025-05-08,2025-04-21,52.8,ms,high,"Digitized from Garmin HRV Status 4-week graph; marker=green; approximate 7-day HRV status value, not raw nightly exact value."
IMG_6412.PNG,HRV,2025-04-11,2025-05-08,2025-04-22,50.8,ms,high,"Digitized from Garmin HRV Status 4-week graph; marker=orange; approximate 7-day HRV status value, not raw nightly exact value."
IMG_6412.PNG,HRV,2025-04-11,2025-05-08,2025-04-23,49.8,ms,high,"Digitized from Garmin HRV Status 4-week graph; marker=orange; approximate 7-day HRV status value, not raw nightly exact value."
IMG_6412.PNG,HRV,2025-04-11,2025-05-08,2025-04-24,48.8,ms,high,"Digitized from Garmin HRV Status 4-week graph; marker=red; approximate 7-day HRV status value, not raw nightly exact value."
IMG_6412.PNG,HRV,2025-04-11,2025-05-08,2025-04-25,49.8,ms,high,"Digitized from Garmin HRV Status 4-week graph; marker=orange; approximate 7-day HRV status value, not raw nightly exact value."
IMG_6412.PNG,HRV,2025-04-11,2025-05-08,2025-04-26,49.8,ms,high,"Digitized from Garmin HRV Status 4-week graph; marker=orange; approximate 7-day HRV status value, not raw nightly exact value."
IMG_6412.PNG,HRV,2025-04-11,2025-05-08,2025-04-27,49.8,ms,high,"Digitized from Garmin HRV Status 4-week graph; marker=orange; approximate 7-day HRV status value, not raw nightly exact value."
IMG_6412.PNG,HRV,2025-04-11,2025-05-08,2025-04-28,48.8,ms,high,"Digitized from Garmin HRV Status 4-week graph; marker=red; approximate 7-day HRV status value, not raw nightly exact value."
IMG_6412.PNG,HRV,2025-04-11,2025-05-08,2025-04-29,49.8,ms,high,"Digitized from Garmin HRV Status 4-week graph; marker=orange; approximate 7-day HRV status value, not raw nightly exact value."
IMG_6412.PNG,HRV,2025-04-11,2025-05-08,2025-04-30,49.8,ms,high,"Digitized from Garmin HRV Status 4-week graph; marker=orange; approximate 7-day HRV status value, not raw nightly exact value."
IMG_6412.PNG,HRV,2025-04-11,2025-05-08,2025-05-01,50.8,ms,high,"Digitized from Garmin HRV Status 4-week graph; marker=orange; approximate 7-day HRV status value, not raw nightly exact value."
IMG_6412.PNG,HRV,2025-04-11,2025-05-08,2025-05-02,50.8,ms,high,"Digitized from Garmin HRV Status 4-week graph; marker=green; approximate 7-day HRV status value, not raw nightly exact value."
IMG_6412.PNG,HRV,2025-04-11,2025-05-08,2025-05-03,50.8,ms,high,"Digitized from Garmin HRV Status 4-week graph; marker=orange; approximate 7-day HRV status value, not raw nightly exact value."
IMG_6412.PNG,HRV,2025-04-11,2025-05-08,2025-05-04,49.8,ms,high,"Digitized from Garmin HRV Status 4-week graph; marker=orange; approximate 7-day HRV status value, not raw nightly exact value."
IMG_6412.PNG,HRV,2025-04-11,2025-05-08,2025-05-05,49.8,ms,high,"Digitized from Garmin HRV Status 4-week graph; marker=orange; approximate 7-day HRV status value, not raw nightly exact value."
IMG_6412.PNG,HRV,2025-04-11,2025-05-08,2025-05-06,50.8,ms,high,"Digitized from Garmin HRV Status 4-week graph; marker=orange; approximate 7-day HRV status value, not raw nightly exact value."
IMG_6412.PNG,HRV,2025-04-11,2025-05-08,2025-05-07,49.8,ms,high,"Digitized from Garmin HRV Status 4-week graph; marker=orange; approximate 7-day HRV status value, not raw nightly exact value."
IMG_6412.PNG,HRV,2025-04-11,2025-05-08,2025-05-08,49.8,ms,high,"Digitized from Garmin HRV Status 4-week graph; marker=orange; approximate 7-day HRV status value, not raw nightly exact value."
IMG_6413.PNG,HRV,2025-03-14,2025-04-10,2025-03-14,53.0,ms,high,"Digitized from Garmin HRV Status 4-week graph; marker=green; approximate 7-day HRV status value, not raw nightly exact value."
IMG_6413.PNG,HRV,2025-03-14,2025-04-10,2025-03-15,53.0,ms,high,"Digitized from Garmin HRV Status 4-week graph; marker=green; approximate 7-day HRV status value, not raw nightly exact value."
IMG_6413.PNG,HRV,2025-03-14,2025-04-10,2025-03-16,52.1,ms,high,"Digitized from Garmin HRV Status 4-week graph; marker=green; approximate 7-day HRV status value, not raw nightly exact value."
IMG_6413.PNG,HRV,2025-03-14,2025-04-10,2025-03-17,51.0,ms,high,"Digitized from Garmin HRV Status 4-week graph; marker=green; approximate 7-day HRV status value, not raw nightly exact value."
IMG_6413.PNG,HRV,2025-03-14,2025-04-10,2025-03-18,51.0,ms,high,"Digitized from Garmin HRV Status 4-week graph; marker=green; approximate 7-day HRV status value, not raw nightly exact value."
IMG_6413.PNG,HRV,2025-03-14,2025-04-10,2025-03-19,52.1,ms,high,"Digitized from Garmin HRV Status 4-week graph; marker=green; approximate 7-day HRV status value, not raw nightly exact value."
IMG_6413.PNG,HRV,2025-03-14,2025-04-10,2025-03-20,51.0,ms,high,"Digitized from Garmin HRV Status 4-week graph; marker=green; approximate 7-day HRV status value, not raw nightly exact value."
IMG_6413.PNG,HRV,2025-03-14,2025-04-10,2025-03-21,52.1,ms,high,"Digitized from Garmin HRV Status 4-week graph; marker=green; approximate 7-day HRV status value, not raw nightly exact value."
IMG_6413.PNG,HRV,2025-03-14,2025-04-10,2025-03-22,52.1,ms,high,"Digitized from Garmin HRV Status 4-week graph; marker=green; approximate 7-day HRV status value, not raw nightly exact value."
IMG_6413.PNG,HRV,2025-03-14,2025-04-10,2025-03-23,52.1,ms,high,"Digitized from Garmin HRV Status 4-week graph; marker=green; approximate 7-day HRV status value, not raw nightly exact value."
IMG_6413.PNG,HRV,2025-03-14,2025-04-10,2025-03-24,50.0,ms,high,"Digitized from Garmin HRV Status 4-week graph; marker=orange; approximate 7-day HRV status value, not raw nightly exact value."
IMG_6413.PNG,HRV,2025-03-14,2025-04-10,2025-03-25,51.0,ms,high,"Digitized from Garmin HRV Status 4-week graph; marker=green; approximate 7-day HRV status value, not raw nightly exact value."
IMG_6413.PNG,HRV,2025-03-14,2025-04-10,2025-03-26,51.0,ms,high,"Digitized from Garmin HRV Status 4-week graph; marker=green; approximate 7-day HRV status value, not raw nightly exact value."
IMG_6413.PNG,HRV,2025-03-14,2025-04-10,2025-03-27,50.0,ms,high,"Digitized from Garmin HRV Status 4-week graph; marker=orange; approximate 7-day HRV status value, not raw nightly exact value."
IMG_6413.PNG,HRV,2025-03-14,2025-04-10,2025-03-28,49.0,ms,high,"Digitized from Garmin HRV Status 4-week graph; marker=orange; approximate 7-day HRV status value, not raw nightly exact value."
IMG_6413.PNG,HRV,2025-03-14,2025-04-10,2025-03-29,49.0,ms,high,"Digitized from Garmin HRV Status 4-week graph; marker=orange; approximate 7-day HRV status value, not raw nightly exact value."
IMG_6413.PNG,HRV,2025-03-14,2025-04-10,2025-03-30,52.1,ms,high,"Digitized from Garmin HRV Status 4-week graph; marker=green; approximate 7-day HRV status value, not raw nightly exact value."
IMG_6413.PNG,HRV,2025-03-14,2025-04-10,2025-03-31,53.0,ms,high,"Digitized from Garmin HRV Status 4-week graph; marker=green; approximate 7-day HRV status value, not raw nightly exact value."
IMG_6413.PNG,HRV,2025-03-14,2025-04-10,2025-04-01,54.0,ms,high,"Digitized from Garmin HRV Status 4-week graph; marker=green; approximate 7-day HRV status value, not raw nightly exact value."
IMG_6413.PNG,HRV,2025-03-14,2025-04-10,2025-04-02,54.0,ms,high,"Digitized from Garmin HRV Status 4-week graph; marker=green; approximate 7-day HRV status value, not raw nightly exact value."
IMG_6413.PNG,HRV,2025-03-14,2025-04-10,2025-04-03,55.0,ms,high,"Digitized from Garmin HRV Status 4-week graph; marker=green; approximate 7-day HRV status value, not raw nightly exact value."
IMG_6413.PNG,HRV,2025-03-14,2025-04-10,2025-04-04,55.0,ms,high,"Digitized from Garmin HRV Status 4-week graph; marker=green; approximate 7-day HRV status value, not raw nightly exact value."
IMG_6413.PNG,HRV,2025-03-14,2025-04-10,2025-04-05,55.0,ms,high,"Digitized from Garmin HRV Status 4-week graph; marker=green; approximate 7-day HRV status value, not raw nightly exact value."
IMG_6413.PNG,HRV,2025-03-14,2025-04-10,2025-04-06,54.0,ms,high,"Digitized from Garmin HRV Status 4-week graph; marker=green; approximate 7-day HRV status value, not raw nightly exact value."
IMG_6413.PNG,HRV,2025-03-14,2025-04-10,2025-04-07,54.0,ms,high,"Digitized from Garmin HRV Status 4-week graph; marker=green; approximate 7-day HRV status value, not raw nightly exact value."
IMG_6413.PNG,HRV,2025-03-14,2025-04-10,2025-04-08,53.0,ms,high,"Digitized from Garmin HRV Status 4-week graph; marker=green; approximate 7-day HRV status value, not raw nightly exact value."
IMG_6413.PNG,HRV,2025-03-14,2025-04-10,2025-04-09,54.0,ms,high,"Digitized from Garmin HRV Status 4-week graph; marker=green; approximate 7-day HRV status value, not raw nightly exact value."
IMG_6413.PNG,HRV,2025-03-14,2025-04-10,2025-04-10,54.0,ms,high,"Digitized from Garmin HRV Status 4-week graph; marker=green; approximate 7-day HRV status value, not raw nightly exact value."
IMG_6415.PNG,HRV,2025-01-17,2025-02-13,2025-01-17,52.8,ms,high,"Digitized from Garmin HRV Status 4-week graph; marker=green; approximate 7-day HRV status value, not raw nightly exact value."
IMG_6415.PNG,HRV,2025-01-17,2025-02-13,2025-01-18,52.8,ms,high,"Digitized from Garmin HRV Status 4-week graph; marker=green; approximate 7-day HRV status value, not raw nightly exact value."
IMG_6415.PNG,HRV,2025-01-17,2025-02-13,2025-01-19,51.8,ms,high,"Digitized from Garmin HRV Status 4-week graph; marker=green; approximate 7-day HRV status value, not raw nightly exact value."
IMG_6415.PNG,HRV,2025-01-17,2025-02-13,2025-01-20,51.8,ms,high,"Digitized from Garmin HRV Status 4-week graph; marker=green; approximate 7-day HRV status value, not raw nightly exact value."
IMG_6415.PNG,HRV,2025-01-17,2025-02-13,2025-01-21,51.8,ms,high,"Digitized from Garmin HRV Status 4-week graph; marker=green; approximate 7-day HRV status value, not raw nightly exact value."
IMG_6415.PNG,HRV,2025-01-17,2025-02-13,2025-01-22,51.8,ms,high,"Digitized from Garmin HRV Status 4-week graph; marker=green; approximate 7-day HRV status value, not raw nightly exact value."
IMG_6415.PNG,HRV,2025-01-17,2025-02-13,2025-01-23,51.8,ms,high,"Digitized from Garmin HRV Status 4-week graph; marker=green; approximate 7-day HRV status value, not raw nightly exact value."
IMG_6415.PNG,HRV,2025-01-17,2025-02-13,2025-01-24,50.8,ms,high,"Digitized from Garmin HRV Status 4-week graph; marker=green; approximate 7-day HRV status value, not raw nightly exact value."
IMG_6415.PNG,HRV,2025-01-17,2025-02-13,2025-01-25,49.8,ms,high,"Digitized from Garmin HRV Status 4-week graph; marker=orange; approximate 7-day HRV status value, not raw nightly exact value."
IMG_6415.PNG,HRV,2025-01-17,2025-02-13,2025-01-26,49.8,ms,high,"Digitized from Garmin HRV Status 4-week graph; marker=orange; approximate 7-day HRV status value, not raw nightly exact value."
IMG_6415.PNG,HRV,2025-01-17,2025-02-13,2025-01-27,49.8,ms,high,"Digitized from Garmin HRV Status 4-week graph; marker=orange; approximate 7-day HRV status value, not raw nightly exact value."
IMG_6415.PNG,HRV,2025-01-17,2025-02-13,2025-01-28,49.8,ms,high,"Digitized from Garmin HRV Status 4-week graph; marker=orange; approximate 7-day HRV status value, not raw nightly exact value."
IMG_6415.PNG,HRV,2025-01-17,2025-02-13,2025-01-29,48.8,ms,high,"Digitized from Garmin HRV Status 4-week graph; marker=red; approximate 7-day HRV status value, not raw nightly exact value."
IMG_6415.PNG,HRV,2025-01-17,2025-02-13,2025-01-30,48.8,ms,high,"Digitized from Garmin HRV Status 4-week graph; marker=red; approximate 7-day HRV status value, not raw nightly exact value."
IMG_6415.PNG,HRV,2025-01-17,2025-02-13,2025-01-31,49.8,ms,high,"Digitized from Garmin HRV Status 4-week graph; marker=orange; approximate 7-day HRV status value, not raw nightly exact value."
IMG_6415.PNG,HRV,2025-01-17,2025-02-13,2025-02-01,49.8,ms,high,"Digitized from Garmin HRV Status 4-week graph; marker=orange; approximate 7-day HRV status value, not raw nightly exact value."
IMG_6415.PNG,HRV,2025-01-17,2025-02-13,2025-02-02,50.8,ms,high,"Digitized from Garmin HRV Status 4-week graph; marker=orange; approximate 7-day HRV status value, not raw nightly exact value."
IMG_6415.PNG,HRV,2025-01-17,2025-02-13,2025-02-03,49.8,ms,high,"Digitized from Garmin HRV Status 4-week graph; marker=orange; approximate 7-day HRV status value, not raw nightly exact value."
IMG_6415.PNG,HRV,2025-01-17,2025-02-13,2025-02-04,50.8,ms,high,"Digitized from Garmin HRV Status 4-week graph; marker=orange; approximate 7-day HRV status value, not raw nightly exact value."
IMG_6415.PNG,HRV,2025-01-17,2025-02-13,2025-02-05,50.8,ms,high,"Digitized from Garmin HRV Status 4-week graph; marker=green; approximate 7-day HRV status value, not raw nightly exact value."
IMG_6415.PNG,HRV,2025-01-17,2025-02-13,2025-02-06,50.8,ms,high,"Digitized from Garmin HRV Status 4-week graph; marker=green; approximate 7-day HRV status value, not raw nightly exact value."
IMG_6415.PNG,HRV,2025-01-17,2025-02-13,2025-02-07,50.8,ms,high,"Digitized from Garmin HRV Status 4-week graph; marker=green; approximate 7-day HRV status value, not raw nightly exact value."
IMG_6415.PNG,HRV,2025-01-17,2025-02-13,2025-02-08,49.8,ms,high,"Digitized from Garmin HRV Status 4-week graph; marker=orange; approximate 7-day HRV status value, not raw nightly exact value."
IMG_6415.PNG,HRV,2025-01-17,2025-02-13,2025-02-09,50.8,ms,high,"Digitized from Garmin HRV Status 4-week graph; marker=green; approximate 7-day HRV status value, not raw nightly exact value."
IMG_6415.PNG,HRV,2025-01-17,2025-02-13,2025-02-10,50.8,ms,high,"Digitized from Garmin HRV Status 4-week graph; marker=green; approximate 7-day HRV status value, not raw nightly exact value."
IMG_6415.PNG,HRV,2025-01-17,2025-02-13,2025-02-11,50.8,ms,high,"Digitized from Garmin HRV Status 4-week graph; marker=green; approximate 7-day HRV status value, not raw nightly exact value."
IMG_6415.PNG,HRV,2025-01-17,2025-02-13,2025-02-12,49.8,ms,high,"Digitized from Garmin HRV Status 4-week graph; marker=orange; approximate 7-day HRV status value, not raw nightly exact value."
IMG_6415.PNG,HRV,2025-01-17,2025-02-13,2025-02-13,49.8,ms,high,"Digitized from Garmin HRV Status 4-week graph; marker=orange; approximate 7-day HRV status value, not raw nightly exact value."
IMG_6416.PNG,HRV,2024-12-20,2025-01-16,2024-12-20,50.9,ms,high,"Digitized from Garmin HRV Status 4-week graph; marker=orange; approximate 7-day HRV status value, not raw nightly exact value."
IMG_6416.PNG,HRV,2024-12-20,2025-01-16,2024-12-21,50.9,ms,high,"Digitized from Garmin HRV Status 4-week graph; marker=orange; approximate 7-day HRV status value, not raw nightly exact value."
IMG_6416.PNG,HRV,2024-12-20,2025-01-16,2024-12-22,51.9,ms,high,"Digitized from Garmin HRV Status 4-week graph; marker=orange; approximate 7-day HRV status value, not raw nightly exact value."
IMG_6416.PNG,HRV,2024-12-20,2025-01-16,2024-12-23,52.8,ms,high,"Digitized from Garmin HRV Status 4-week graph; marker=green; approximate 7-day HRV status value, not raw nightly exact value."
IMG_6416.PNG,HRV,2024-12-20,2025-01-16,2024-12-24,53.8,ms,high,"Digitized from Garmin HRV Status 4-week graph; marker=green; approximate 7-day HRV status value, not raw nightly exact value."
IMG_6416.PNG,HRV,2024-12-20,2025-01-16,2024-12-25,53.8,ms,high,"Digitized from Garmin HRV Status 4-week graph; marker=green; approximate 7-day HRV status value, not raw nightly exact value."
IMG_6416.PNG,HRV,2024-12-20,2025-01-16,2024-12-26,52.8,ms,high,"Digitized from Garmin HRV Status 4-week graph; marker=green; approximate 7-day HRV status value, not raw nightly exact value."
IMG_6416.PNG,HRV,2024-12-20,2025-01-16,2024-12-27,51.9,ms,high,"Digitized from Garmin HRV Status 4-week graph; marker=orange; approximate 7-day HRV status value, not raw nightly exact value."
IMG_6416.PNG,HRV,2024-12-20,2025-01-16,2024-12-29,50.9,ms,high,"Digitized from Garmin HRV Status 4-week graph; marker=orange; approximate 7-day HRV status value, not raw nightly exact value."
IMG_6416.PNG,HRV,2024-12-20,2025-01-16,2024-12-30,49.9,ms,high,"Digitized from Garmin HRV Status 4-week graph; marker=orange; approximate 7-day HRV status value, not raw nightly exact value."
IMG_6416.PNG,HRV,2024-12-20,2025-01-16,2024-12-31,48.9,ms,high,"Digitized from Garmin HRV Status 4-week graph; marker=red; approximate 7-day HRV status value, not raw nightly exact value."
IMG_6416.PNG,HRV,2024-12-20,2025-01-16,2025-01-01,48.9,ms,high,"Digitized from Garmin HRV Status 4-week graph; marker=red; approximate 7-day HRV status value, not raw nightly exact value."
IMG_6416.PNG,HRV,2024-12-20,2025-01-16,2025-01-02,49.9,ms,high,"Digitized from Garmin HRV Status 4-week graph; marker=orange; approximate 7-day HRV status value, not raw nightly exact value."
IMG_6416.PNG,HRV,2024-12-20,2025-01-16,2025-01-03,50.9,ms,high,"Digitized from Garmin HRV Status 4-week graph; marker=orange; approximate 7-day HRV status value, not raw nightly exact value."
IMG_6416.PNG,HRV,2024-12-20,2025-01-16,2025-01-04,51.9,ms,high,"Digitized from Garmin HRV Status 4-week graph; marker=green; approximate 7-day HRV status value, not raw nightly exact value."
IMG_6416.PNG,HRV,2024-12-20,2025-01-16,2025-01-05,52.8,ms,high,"Digitized from Garmin HRV Status 4-week graph; marker=green; approximate 7-day HRV status value, not raw nightly exact value."
IMG_6416.PNG,HRV,2024-12-20,2025-01-16,2025-01-06,53.8,ms,high,"Digitized from Garmin HRV Status 4-week graph; marker=green; approximate 7-day HRV status value, not raw nightly exact value."
IMG_6416.PNG,HRV,2024-12-20,2025-01-16,2025-01-07,53.8,ms,high,"Digitized from Garmin HRV Status 4-week graph; marker=green; approximate 7-day HRV status value, not raw nightly exact value."
IMG_6416.PNG,HRV,2024-12-20,2025-01-16,2025-01-08,53.8,ms,high,"Digitized from Garmin HRV Status 4-week graph; marker=green; approximate 7-day HRV status value, not raw nightly exact value."
IMG_6416.PNG,HRV,2024-12-20,2025-01-16,2025-01-09,53.8,ms,high,"Digitized from Garmin HRV Status 4-week graph; marker=green; approximate 7-day HRV status value, not raw nightly exact value."
IMG_6416.PNG,HRV,2024-12-20,2025-01-16,2025-01-10,52.8,ms,high,"Digitized from Garmin HRV Status 4-week graph; marker=green; approximate 7-day HRV status value, not raw nightly exact value."
IMG_6416.PNG,HRV,2024-12-20,2025-01-16,2025-01-11,52.8,ms,high,"Digitized from Garmin HRV Status 4-week graph; marker=green; approximate 7-day HRV status value, not raw nightly exact value."
IMG_6416.PNG,HRV,2024-12-20,2025-01-16,2025-01-12,52.8,ms,high,"Digitized from Garmin HRV Status 4-week graph; marker=green; approximate 7-day HRV status value, not raw nightly exact value."
IMG_6416.PNG,HRV,2024-12-20,2025-01-16,2025-01-13,52.8,ms,high,"Digitized from Garmin HRV Status 4-week graph; marker=green; approximate 7-day HRV status value, not raw nightly exact value."
IMG_6416.PNG,HRV,2024-12-20,2025-01-16,2025-01-14,52.8,ms,high,"Digitized from Garmin HRV Status 4-week graph; marker=green; approximate 7-day HRV status value, not raw nightly exact value."
IMG_6416.PNG,HRV,2024-12-20,2025-01-16,2025-01-15,51.9,ms,high,"Digitized from Garmin HRV Status 4-week graph; marker=green; approximate 7-day HRV status value, not raw nightly exact value."
IMG_6416.PNG,HRV,2024-12-20,2025-01-16,2025-01-16,52.8,ms,high,"Digitized from Garmin HRV Status 4-week graph; marker=green; approximate 7-day HRV status value, not raw nightly exact value."
IMG_6417.PNG,HRV,2024-11-22,2024-12-19,2024-11-22,53.6,ms,high,"Digitized from Garmin HRV Status 4-week graph; marker=green; approximate 7-day HRV status value, not raw nightly exact value."
IMG_6417.PNG,HRV,2024-11-22,2024-12-19,2024-11-23,52.5,ms,high,"Digitized from Garmin HRV Status 4-week graph; marker=green; approximate 7-day HRV status value, not raw nightly exact value."
IMG_6417.PNG,HRV,2024-11-22,2024-12-19,2024-11-24,52.5,ms,high,"Digitized from Garmin HRV Status 4-week graph; marker=green; approximate 7-day HRV status value, not raw nightly exact value."
IMG_6417.PNG,HRV,2024-11-22,2024-12-19,2024-11-25,51.5,ms,high,"Digitized from Garmin HRV Status 4-week graph; marker=green; approximate 7-day HRV status value, not raw nightly exact value."
IMG_6417.PNG,HRV,2024-11-22,2024-12-19,2024-11-26,53.6,ms,high,"Digitized from Garmin HRV Status 4-week graph; marker=green; approximate 7-day HRV status value, not raw nightly exact value."
IMG_6417.PNG,HRV,2024-11-22,2024-12-19,2024-11-27,54.7,ms,high,"Digitized from Garmin HRV Status 4-week graph; marker=green; approximate 7-day HRV status value, not raw nightly exact value."
IMG_6417.PNG,HRV,2024-11-22,2024-12-19,2024-11-28,53.6,ms,high,"Digitized from Garmin HRV Status 4-week graph; marker=green; approximate 7-day HRV status value, not raw nightly exact value."
IMG_6417.PNG,HRV,2024-11-22,2024-12-19,2024-11-29,53.6,ms,high,"Digitized from Garmin HRV Status 4-week graph; marker=green; approximate 7-day HRV status value, not raw nightly exact value."
IMG_6417.PNG,HRV,2024-11-22,2024-12-19,2024-11-30,53.6,ms,high,"Digitized from Garmin HRV Status 4-week graph; marker=green; approximate 7-day HRV status value, not raw nightly exact value."
IMG_6417.PNG,HRV,2024-11-22,2024-12-19,2024-12-01,53.6,ms,high,"Digitized from Garmin HRV Status 4-week graph; marker=green; approximate 7-day HRV status value, not raw nightly exact value."
IMG_6417.PNG,HRV,2024-11-22,2024-12-19,2024-12-02,55.7,ms,high,"Digitized from Garmin HRV Status 4-week graph; marker=green; approximate 7-day HRV status value, not raw nightly exact value."
IMG_6417.PNG,HRV,2024-11-22,2024-12-19,2024-12-03,54.7,ms,high,"Digitized from Garmin HRV Status 4-week graph; marker=green; approximate 7-day HRV status value, not raw nightly exact value."
IMG_6417.PNG,HRV,2024-11-22,2024-12-19,2024-12-04,55.7,ms,high,"Digitized from Garmin HRV Status 4-week graph; marker=green; approximate 7-day HRV status value, not raw nightly exact value."
IMG_6417.PNG,HRV,2024-11-22,2024-12-19,2024-12-05,55.7,ms,high,"Digitized from Garmin HRV Status 4-week graph; marker=green; approximate 7-day HRV status value, not raw nightly exact value."
IMG_6417.PNG,HRV,2024-11-22,2024-12-19,2024-12-06,55.7,ms,high,"Digitized from Garmin HRV Status 4-week graph; marker=green; approximate 7-day HRV status value, not raw nightly exact value."
IMG_6417.PNG,HRV,2024-11-22,2024-12-19,2024-12-07,54.7,ms,high,"Digitized from Garmin HRV Status 4-week graph; marker=green; approximate 7-day HRV status value, not raw nightly exact value."
IMG_6417.PNG,HRV,2024-11-22,2024-12-19,2024-12-08,54.7,ms,high,"Digitized from Garmin HRV Status 4-week graph; marker=green; approximate 7-day HRV status value, not raw nightly exact value."
IMG_6417.PNG,HRV,2024-11-22,2024-12-19,2024-12-09,52.5,ms,high,"Digitized from Garmin HRV Status 4-week graph; marker=green; approximate 7-day HRV status value, not raw nightly exact value."
IMG_6417.PNG,HRV,2024-11-22,2024-12-19,2024-12-10,53.6,ms,high,"Digitized from Garmin HRV Status 4-week graph; marker=green; approximate 7-day HRV status value, not raw nightly exact value."
IMG_6417.PNG,HRV,2024-11-22,2024-12-19,2024-12-11,52.5,ms,high,"Digitized from Garmin HRV Status 4-week graph; marker=green; approximate 7-day HRV status value, not raw nightly exact value."
IMG_6417.PNG,HRV,2024-11-22,2024-12-19,2024-12-12,53.6,ms,high,"Digitized from Garmin HRV Status 4-week graph; marker=green; approximate 7-day HRV status value, not raw nightly exact value."
IMG_6417.PNG,HRV,2024-11-22,2024-12-19,2024-12-13,53.6,ms,high,"Digitized from Garmin HRV Status 4-week graph; marker=green; approximate 7-day HRV status value, not raw nightly exact value."
IMG_6417.PNG,HRV,2024-11-22,2024-12-19,2024-12-14,53.6,ms,high,"Digitized from Garmin HRV Status 4-week graph; marker=green; approximate 7-day HRV status value, not raw nightly exact value."
IMG_6417.PNG,HRV,2024-11-22,2024-12-19,2024-12-15,53.6,ms,high,"Digitized from Garmin HRV Status 4-week graph; marker=green; approximate 7-day HRV status value, not raw nightly exact value."
IMG_6417.PNG,HRV,2024-11-22,2024-12-19,2024-12-16,52.5,ms,high,"Digitized from Garmin HRV Status 4-week graph; marker=green; approximate 7-day HRV status value, not raw nightly exact value."
IMG_6417.PNG,HRV,2024-11-22,2024-12-19,2024-12-17,51.5,ms,high,"Digitized from Garmin HRV Status 4-week graph; marker=orange; approximate 7-day HRV status value, not raw nightly exact value."
IMG_6417.PNG,HRV,2024-11-22,2024-12-19,2024-12-18,50.5,ms,high,"Digitized from Garmin HRV Status 4-week graph; marker=orange; approximate 7-day HRV status value, not raw nightly exact value."
IMG_6417.PNG,HRV,2024-11-22,2024-12-19,2024-12-19,49.4,ms,high,"Digitized from Garmin HRV Status 4-week graph; marker=orange; approximate 7-day HRV status value, not raw nightly exact value."
IMG_6418.PNG,HRV,2024-10-25,2024-11-21,2024-10-25,49.6,ms,high,"Digitized from Garmin HRV Status 4-week graph; marker=orange; approximate 7-day HRV status value, not raw nightly exact value."
IMG_6418.PNG,HRV,2024-10-25,2024-11-21,2024-10-26,49.6,ms,high,"Digitized from Garmin HRV Status 4-week graph; marker=orange; approximate 7-day HRV status value, not raw nightly exact value."
IMG_6418.PNG,HRV,2024-10-25,2024-11-21,2024-10-27,50.6,ms,high,"Digitized from Garmin HRV Status 4-week graph; marker=orange; approximate 7-day HRV status value, not raw nightly exact value."
IMG_6418.PNG,HRV,2024-10-25,2024-11-21,2024-10-28,52.6,ms,high,"Digitized from Garmin HRV Status 4-week graph; marker=green; approximate 7-day HRV status value, not raw nightly exact value."
IMG_6418.PNG,HRV,2024-10-25,2024-11-21,2024-10-29,54.6,ms,high,"Digitized from Garmin HRV Status 4-week graph; marker=green; approximate 7-day HRV status value, not raw nightly exact value."
IMG_6418.PNG,HRV,2024-10-25,2024-11-21,2024-10-30,55.6,ms,high,"Digitized from Garmin HRV Status 4-week graph; marker=green; approximate 7-day HRV status value, not raw nightly exact value."
IMG_6418.PNG,HRV,2024-10-25,2024-11-21,2024-10-31,56.6,ms,high,"Digitized from Garmin HRV Status 4-week graph; marker=green; approximate 7-day HRV status value, not raw nightly exact value."
IMG_6418.PNG,HRV,2024-10-25,2024-11-21,2024-11-01,57.6,ms,high,"Digitized from Garmin HRV Status 4-week graph; marker=green; approximate 7-day HRV status value, not raw nightly exact value."
IMG_6418.PNG,HRV,2024-10-25,2024-11-21,2024-11-02,56.6,ms,high,"Digitized from Garmin HRV Status 4-week graph; marker=green; approximate 7-day HRV status value, not raw nightly exact value."
IMG_6418.PNG,HRV,2024-10-25,2024-11-21,2024-11-03,58.6,ms,high,"Digitized from Garmin HRV Status 4-week graph; marker=green; approximate 7-day HRV status value, not raw nightly exact value."
IMG_6418.PNG,HRV,2024-10-25,2024-11-21,2024-11-04,59.6,ms,high,"Digitized from Garmin HRV Status 4-week graph; marker=green; approximate 7-day HRV status value, not raw nightly exact value."
IMG_6418.PNG,HRV,2024-10-25,2024-11-21,2024-11-05,58.6,ms,high,"Digitized from Garmin HRV Status 4-week graph; marker=green; approximate 7-day HRV status value, not raw nightly exact value."
IMG_6418.PNG,HRV,2024-10-25,2024-11-21,2024-11-06,58.6,ms,high,"Digitized from Garmin HRV Status 4-week graph; marker=green; approximate 7-day HRV status value, not raw nightly exact value."
IMG_6418.PNG,HRV,2024-10-25,2024-11-21,2024-11-07,56.6,ms,high,"Digitized from Garmin HRV Status 4-week graph; marker=green; approximate 7-day HRV status value, not raw nightly exact value."
IMG_6418.PNG,HRV,2024-10-25,2024-11-21,2024-11-08,56.6,ms,high,"Digitized from Garmin HRV Status 4-week graph; marker=green; approximate 7-day HRV status value, not raw nightly exact value."
IMG_6418.PNG,HRV,2024-10-25,2024-11-21,2024-11-09,55.6,ms,high,"Digitized from Garmin HRV Status 4-week graph; marker=green; approximate 7-day HRV status value, not raw nightly exact value."
IMG_6418.PNG,HRV,2024-10-25,2024-11-21,2024-11-10,53.6,ms,high,"Digitized from Garmin HRV Status 4-week graph; marker=green; approximate 7-day HRV status value, not raw nightly exact value."
IMG_6418.PNG,HRV,2024-10-25,2024-11-21,2024-11-11,51.7,ms,high,"Digitized from Garmin HRV Status 4-week graph; marker=green; approximate 7-day HRV status value, not raw nightly exact value."
IMG_6418.PNG,HRV,2024-10-25,2024-11-21,2024-11-12,50.6,ms,high,"Digitized from Garmin HRV Status 4-week graph; marker=orange; approximate 7-day HRV status value, not raw nightly exact value."
IMG_6418.PNG,HRV,2024-10-25,2024-11-21,2024-11-13,51.6,ms,high,"Digitized from Garmin HRV Status 4-week graph; marker=orange; approximate 7-day HRV status value, not raw nightly exact value."
IMG_6418.PNG,HRV,2024-10-25,2024-11-21,2024-11-14,51.6,ms,high,"Digitized from Garmin HRV Status 4-week graph; marker=green; approximate 7-day HRV status value, not raw nightly exact value."
IMG_6418.PNG,HRV,2024-10-25,2024-11-21,2024-11-15,51.6,ms,high,"Digitized from Garmin HRV Status 4-week graph; marker=orange; approximate 7-day HRV status value, not raw nightly exact value."
IMG_6418.PNG,HRV,2024-10-25,2024-11-21,2024-11-16,52.6,ms,high,"Digitized from Garmin HRV Status 4-week graph; marker=green; approximate 7-day HRV status value, not raw nightly exact value."
IMG_6418.PNG,HRV,2024-10-25,2024-11-21,2024-11-17,52.6,ms,high,"Digitized from Garmin HRV Status 4-week graph; marker=green; approximate 7-day HRV status value, not raw nightly exact value."
IMG_6418.PNG,HRV,2024-10-25,2024-11-21,2024-11-18,53.6,ms,high,"Digitized from Garmin HRV Status 4-week graph; marker=green; approximate 7-day HRV status value, not raw nightly exact value."
IMG_6418.PNG,HRV,2024-10-25,2024-11-21,2024-11-19,52.6,ms,high,"Digitized from Garmin HRV Status 4-week graph; marker=green; approximate 7-day HRV status value, not raw nightly exact value."
IMG_6418.PNG,HRV,2024-10-25,2024-11-21,2024-11-20,51.6,ms,high,"Digitized from Garmin HRV Status 4-week graph; marker=orange; approximate 7-day HRV status value, not raw nightly exact value."
IMG_6418.PNG,HRV,2024-10-25,2024-11-21,2024-11-21,52.6,ms,high,"Digitized from Garmin HRV Status 4-week graph; marker=green; approximate 7-day HRV status value, not raw nightly exact value."
IMG_6419.PNG,HRV,2024-09-27,2024-10-24,2024-09-27,52.9,ms,high,"Digitized from Garmin HRV Status 4-week graph; marker=green; approximate 7-day HRV status value, not raw nightly exact value."
IMG_6419.PNG,HRV,2024-09-27,2024-10-24,2024-09-28,54.9,ms,high,"Digitized from Garmin HRV Status 4-week graph; marker=green; approximate 7-day HRV status value, not raw nightly exact value."
IMG_6419.PNG,HRV,2024-09-27,2024-10-24,2024-09-29,54.9,ms,high,"Digitized from Garmin HRV Status 4-week graph; marker=green; approximate 7-day HRV status value, not raw nightly exact value."
IMG_6419.PNG,HRV,2024-09-27,2024-10-24,2024-09-30,53.9,ms,high,"Digitized from Garmin HRV Status 4-week graph; marker=green; approximate 7-day HRV status value, not raw nightly exact value."
IMG_6419.PNG,HRV,2024-09-27,2024-10-24,2024-10-01,52.9,ms,high,"Digitized from Garmin HRV Status 4-week graph; marker=green; approximate 7-day HRV status value, not raw nightly exact value."
IMG_6419.PNG,HRV,2024-09-27,2024-10-24,2024-10-02,52.9,ms,high,"Digitized from Garmin HRV Status 4-week graph; marker=green; approximate 7-day HRV status value, not raw nightly exact value."
IMG_6419.PNG,HRV,2024-09-27,2024-10-24,2024-10-03,51.9,ms,high,"Digitized from Garmin HRV Status 4-week graph; marker=green; approximate 7-day HRV status value, not raw nightly exact value."
IMG_6419.PNG,HRV,2024-09-27,2024-10-24,2024-10-04,52.9,ms,high,"Digitized from Garmin HRV Status 4-week graph; marker=green; approximate 7-day HRV status value, not raw nightly exact value."
IMG_6419.PNG,HRV,2024-09-27,2024-10-24,2024-10-05,53.9,ms,high,"Digitized from Garmin HRV Status 4-week graph; marker=green; approximate 7-day HRV status value, not raw nightly exact value."
IMG_6419.PNG,HRV,2024-09-27,2024-10-24,2024-10-06,51.9,ms,high,"Digitized from Garmin HRV Status 4-week graph; marker=green; approximate 7-day HRV status value, not raw nightly exact value."
IMG_6419.PNG,HRV,2024-09-27,2024-10-24,2024-10-07,52.9,ms,high,"Digitized from Garmin HRV Status 4-week graph; marker=green; approximate 7-day HRV status value, not raw nightly exact value."
IMG_6419.PNG,HRV,2024-09-27,2024-10-24,2024-10-08,53.9,ms,high,"Digitized from Garmin HRV Status 4-week graph; marker=green; approximate 7-day HRV status value, not raw nightly exact value."
IMG_6419.PNG,HRV,2024-09-27,2024-10-24,2024-10-09,54.9,ms,high,"Digitized from Garmin HRV Status 4-week graph; marker=green; approximate 7-day HRV status value, not raw nightly exact value."
IMG_6419.PNG,HRV,2024-09-27,2024-10-24,2024-10-10,54.9,ms,high,"Digitized from Garmin HRV Status 4-week graph; marker=green; approximate 7-day HRV status value, not raw nightly exact value."
IMG_6419.PNG,HRV,2024-09-27,2024-10-24,2024-10-11,54.9,ms,high,"Digitized from Garmin HRV Status 4-week graph; marker=green; approximate 7-day HRV status value, not raw nightly exact value."
IMG_6419.PNG,HRV,2024-09-27,2024-10-24,2024-10-12,54.9,ms,high,"Digitized from Garmin HRV Status 4-week graph; marker=green; approximate 7-day HRV status value, not raw nightly exact value."
IMG_6419.PNG,HRV,2024-09-27,2024-10-24,2024-10-13,56.8,ms,high,"Digitized from Garmin HRV Status 4-week graph; marker=green; approximate 7-day HRV status value, not raw nightly exact value."
IMG_6419.PNG,HRV,2024-09-27,2024-10-24,2024-10-14,57.8,ms,high,"Digitized from Garmin HRV Status 4-week graph; marker=green; approximate 7-day HRV status value, not raw nightly exact value."
IMG_6419.PNG,HRV,2024-09-27,2024-10-24,2024-10-15,57.8,ms,high,"Digitized from Garmin HRV Status 4-week graph; marker=green; approximate 7-day HRV status value, not raw nightly exact value."
IMG_6419.PNG,HRV,2024-09-27,2024-10-24,2024-10-16,56.8,ms,high,"Digitized from Garmin HRV Status 4-week graph; marker=green; approximate 7-day HRV status value, not raw nightly exact value."
IMG_6419.PNG,HRV,2024-09-27,2024-10-24,2024-10-17,55.8,ms,high,"Digitized from Garmin HRV Status 4-week graph; marker=green; approximate 7-day HRV status value, not raw nightly exact value."
IMG_6419.PNG,HRV,2024-09-27,2024-10-24,2024-10-18,54.9,ms,high,"Digitized from Garmin HRV Status 4-week graph; marker=green; approximate 7-day HRV status value, not raw nightly exact value."
IMG_6419.PNG,HRV,2024-09-27,2024-10-24,2024-10-19,54.9,ms,high,"Digitized from Garmin HRV Status 4-week graph; marker=green; approximate 7-day HRV status value, not raw nightly exact value."
IMG_6419.PNG,HRV,2024-09-27,2024-10-24,2024-10-20,52.9,ms,high,"Digitized from Garmin HRV Status 4-week graph; marker=green; approximate 7-day HRV status value, not raw nightly exact value."
IMG_6419.PNG,HRV,2024-09-27,2024-10-24,2024-10-21,50.9,ms,high,"Digitized from Garmin HRV Status 4-week graph; marker=orange; approximate 7-day HRV status value, not raw nightly exact value."
IMG_6419.PNG,HRV,2024-09-27,2024-10-24,2024-10-22,49.9,ms,high,"Digitized from Garmin HRV Status 4-week graph; marker=orange; approximate 7-day HRV status value, not raw nightly exact value."
IMG_6419.PNG,HRV,2024-09-27,2024-10-24,2024-10-23,49.9,ms,high,"Digitized from Garmin HRV Status 4-week graph; marker=orange; approximate 7-day HRV status value, not raw nightly exact value."
IMG_6419.PNG,HRV,2024-09-27,2024-10-24,2024-10-24,48.8,ms,high,"Digitized from Garmin HRV Status 4-week graph; marker=red; approximate 7-day HRV status value, not raw nightly exact value."
IMG_6420.PNG,HRV,2024-08-30,2024-09-26,2024-08-30,51.8,ms,high,"Digitized from Garmin HRV Status 4-week graph; marker=orange; approximate 7-day HRV status value, not raw nightly exact value."
IMG_6420.PNG,HRV,2024-08-30,2024-09-26,2024-08-31,51.8,ms,high,"Digitized from Garmin HRV Status 4-week graph; marker=orange; approximate 7-day HRV status value, not raw nightly exact value."
IMG_6420.PNG,HRV,2024-08-30,2024-09-26,2024-09-01,52.8,ms,high,"Digitized from Garmin HRV Status 4-week graph; marker=green; approximate 7-day HRV status value, not raw nightly exact value."
IMG_6420.PNG,HRV,2024-08-30,2024-09-26,2024-09-02,53.8,ms,high,"Digitized from Garmin HRV Status 4-week graph; marker=green; approximate 7-day HRV status value, not raw nightly exact value."
IMG_6420.PNG,HRV,2024-08-30,2024-09-26,2024-09-03,54.8,ms,high,"Digitized from Garmin HRV Status 4-week graph; marker=green; approximate 7-day HRV status value, not raw nightly exact value."
IMG_6420.PNG,HRV,2024-08-30,2024-09-26,2024-09-04,54.8,ms,high,"Digitized from Garmin HRV Status 4-week graph; marker=green; approximate 7-day HRV status value, not raw nightly exact value."
IMG_6420.PNG,HRV,2024-08-30,2024-09-26,2024-09-05,54.8,ms,high,"Digitized from Garmin HRV Status 4-week graph; marker=green; approximate 7-day HRV status value, not raw nightly exact value."
IMG_6420.PNG,HRV,2024-08-30,2024-09-26,2024-09-06,55.8,ms,high,"Digitized from Garmin HRV Status 4-week graph; marker=green; approximate 7-day HRV status value, not raw nightly exact value."
IMG_6420.PNG,HRV,2024-08-30,2024-09-26,2024-09-07,55.8,ms,high,"Digitized from Garmin HRV Status 4-week graph; marker=green; approximate 7-day HRV status value, not raw nightly exact value."
IMG_6420.PNG,HRV,2024-08-30,2024-09-26,2024-09-08,55.8,ms,high,"Digitized from Garmin HRV Status 4-week graph; marker=green; approximate 7-day HRV status value, not raw nightly exact value."
IMG_6420.PNG,HRV,2024-08-30,2024-09-26,2024-09-09,54.8,ms,high,"Digitized from Garmin HRV Status 4-week graph; marker=green; approximate 7-day HRV status value, not raw nightly exact value."
IMG_6420.PNG,HRV,2024-08-30,2024-09-26,2024-09-10,54.8,ms,high,"Digitized from Garmin HRV Status 4-week graph; marker=green; approximate 7-day HRV status value, not raw nightly exact value."
IMG_6420.PNG,HRV,2024-08-30,2024-09-26,2024-09-11,55.8,ms,high,"Digitized from Garmin HRV Status 4-week graph; marker=green; approximate 7-day HRV status value, not raw nightly exact value."
IMG_6420.PNG,HRV,2024-08-30,2024-09-26,2024-09-12,55.8,ms,high,"Digitized from Garmin HRV Status 4-week graph; marker=green; approximate 7-day HRV status value, not raw nightly exact value."
IMG_6420.PNG,HRV,2024-08-30,2024-09-26,2024-09-13,57.8,ms,high,"Digitized from Garmin HRV Status 4-week graph; marker=green; approximate 7-day HRV status value, not raw nightly exact value."
IMG_6420.PNG,HRV,2024-08-30,2024-09-26,2024-09-14,58.8,ms,high,"Digitized from Garmin HRV Status 4-week graph; marker=green; approximate 7-day HRV status value, not raw nightly exact value."
IMG_6420.PNG,HRV,2024-08-30,2024-09-26,2024-09-15,58.8,ms,high,"Digitized from Garmin HRV Status 4-week graph; marker=green; approximate 7-day HRV status value, not raw nightly exact value."
IMG_6420.PNG,HRV,2024-08-30,2024-09-26,2024-09-16,56.8,ms,high,"Digitized from Garmin HRV Status 4-week graph; marker=green; approximate 7-day HRV status value, not raw nightly exact value."
IMG_6420.PNG,HRV,2024-08-30,2024-09-26,2024-09-17,56.8,ms,high,"Digitized from Garmin HRV Status 4-week graph; marker=green; approximate 7-day HRV status value, not raw nightly exact value."
IMG_6420.PNG,HRV,2024-08-30,2024-09-26,2024-09-18,55.8,ms,high,"Digitized from Garmin HRV Status 4-week graph; marker=green; approximate 7-day HRV status value, not raw nightly exact value."
IMG_6420.PNG,HRV,2024-08-30,2024-09-26,2024-09-19,55.8,ms,high,"Digitized from Garmin HRV Status 4-week graph; marker=green; approximate 7-day HRV status value, not raw nightly exact value."
IMG_6420.PNG,HRV,2024-08-30,2024-09-26,2024-09-20,53.8,ms,high,"Digitized from Garmin HRV Status 4-week graph; marker=green; approximate 7-day HRV status value, not raw nightly exact value."
IMG_6420.PNG,HRV,2024-08-30,2024-09-26,2024-09-21,50.8,ms,high,"Digitized from Garmin HRV Status 4-week graph; marker=orange; approximate 7-day HRV status value, not raw nightly exact value."
IMG_6420.PNG,HRV,2024-08-30,2024-09-26,2024-09-22,50.8,ms,high,"Digitized from Garmin HRV Status 4-week graph; marker=orange; approximate 7-day HRV status value, not raw nightly exact value."
IMG_6420.PNG,HRV,2024-08-30,2024-09-26,2024-09-23,51.8,ms,high,"Digitized from Garmin HRV Status 4-week graph; marker=green; approximate 7-day HRV status value, not raw nightly exact value."
IMG_6420.PNG,HRV,2024-08-30,2024-09-26,2024-09-24,52.8,ms,high,"Digitized from Garmin HRV Status 4-week graph; marker=green; approximate 7-day HRV status value, not raw nightly exact value."
IMG_6420.PNG,HRV,2024-08-30,2024-09-26,2024-09-25,52.8,ms,high,"Digitized from Garmin HRV Status 4-week graph; marker=green; approximate 7-day HRV status value, not raw nightly exact value."
IMG_6420.PNG,HRV,2024-08-30,2024-09-26,2024-09-26,52.8,ms,high,"Digitized from Garmin HRV Status 4-week graph; marker=green; approximate 7-day HRV status value, not raw nightly exact value."
IMG_6422.PNG,HRV,2024-08-02,2024-08-29,2024-08-02,56.8,ms,high,"Digitized from Garmin HRV Status 4-week graph; marker=green; approximate 7-day HRV status value, not raw nightly exact value."
IMG_6422.PNG,HRV,2024-08-02,2024-08-29,2024-08-03,58.8,ms,high,"Digitized from Garmin HRV Status 4-week graph; marker=green; approximate 7-day HRV status value, not raw nightly exact value."
IMG_6422.PNG,HRV,2024-08-02,2024-08-29,2024-08-04,58.8,ms,high,"Digitized from Garmin HRV Status 4-week graph; marker=green; approximate 7-day HRV status value, not raw nightly exact value."
IMG_6422.PNG,HRV,2024-08-02,2024-08-29,2024-08-05,57.8,ms,high,"Digitized from Garmin HRV Status 4-week graph; marker=green; approximate 7-day HRV status value, not raw nightly exact value."
IMG_6422.PNG,HRV,2024-08-02,2024-08-29,2024-08-06,56.8,ms,high,"Digitized from Garmin HRV Status 4-week graph; marker=green; approximate 7-day HRV status value, not raw nightly exact value."
IMG_6422.PNG,HRV,2024-08-02,2024-08-29,2024-08-07,57.8,ms,high,"Digitized from Garmin HRV Status 4-week graph; marker=green; approximate 7-day HRV status value, not raw nightly exact value."
IMG_6422.PNG,HRV,2024-08-02,2024-08-29,2024-08-08,56.8,ms,high,"Digitized from Garmin HRV Status 4-week graph; marker=green; approximate 7-day HRV status value, not raw nightly exact value."
IMG_6422.PNG,HRV,2024-08-02,2024-08-29,2024-08-09,55.8,ms,high,"Digitized from Garmin HRV Status 4-week graph; marker=green; approximate 7-day HRV status value, not raw nightly exact value."
IMG_6422.PNG,HRV,2024-08-02,2024-08-29,2024-08-10,54.8,ms,high,"Digitized from Garmin HRV Status 4-week graph; marker=green; approximate 7-day HRV status value, not raw nightly exact value."
IMG_6422.PNG,HRV,2024-08-02,2024-08-29,2024-08-11,52.8,ms,high,"Digitized from Garmin HRV Status 4-week graph; marker=orange; approximate 7-day HRV status value, not raw nightly exact value."
IMG_6422.PNG,HRV,2024-08-02,2024-08-29,2024-08-12,51.8,ms,high,"Digitized from Garmin HRV Status 4-week graph; marker=orange; approximate 7-day HRV status value, not raw nightly exact value."
IMG_6422.PNG,HRV,2024-08-02,2024-08-29,2024-08-13,50.8,ms,high,"Digitized from Garmin HRV Status 4-week graph; marker=red; approximate 7-day HRV status value, not raw nightly exact value."
IMG_6422.PNG,HRV,2024-08-02,2024-08-29,2024-08-14,49.8,ms,high,"Digitized from Garmin HRV Status 4-week graph; marker=red; approximate 7-day HRV status value, not raw nightly exact value."
IMG_6422.PNG,HRV,2024-08-02,2024-08-29,2024-08-15,49.8,ms,high,"Digitized from Garmin HRV Status 4-week graph; marker=red; approximate 7-day HRV status value, not raw nightly exact value."
IMG_6422.PNG,HRV,2024-08-02,2024-08-29,2024-08-16,49.8,ms,high,"Digitized from Garmin HRV Status 4-week graph; marker=red; approximate 7-day HRV status value, not raw nightly exact value."
IMG_6422.PNG,HRV,2024-08-02,2024-08-29,2024-08-17,49.8,ms,high,"Digitized from Garmin HRV Status 4-week graph; marker=red; approximate 7-day HRV status value, not raw nightly exact value."
IMG_6422.PNG,HRV,2024-08-02,2024-08-29,2024-08-18,48.8,ms,high,"Digitized from Garmin HRV Status 4-week graph; marker=red; approximate 7-day HRV status value, not raw nightly exact value."
IMG_6422.PNG,HRV,2024-08-02,2024-08-29,2024-08-19,50.8,ms,high,"Digitized from Garmin HRV Status 4-week graph; marker=orange; approximate 7-day HRV status value, not raw nightly exact value."
IMG_6422.PNG,HRV,2024-08-02,2024-08-29,2024-08-20,51.8,ms,high,"Digitized from Garmin HRV Status 4-week graph; marker=orange; approximate 7-day HRV status value, not raw nightly exact value."
IMG_6422.PNG,HRV,2024-08-02,2024-08-29,2024-08-21,52.8,ms,high,"Digitized from Garmin HRV Status 4-week graph; marker=orange; approximate 7-day HRV status value, not raw nightly exact value."
IMG_6422.PNG,HRV,2024-08-02,2024-08-29,2024-08-22,51.8,ms,high,"Digitized from Garmin HRV Status 4-week graph; marker=orange; approximate 7-day HRV status value, not raw nightly exact value."
IMG_6422.PNG,HRV,2024-08-02,2024-08-29,2024-08-23,51.8,ms,high,"Digitized from Garmin HRV Status 4-week graph; marker=orange; approximate 7-day HRV status value, not raw nightly exact value."
IMG_6422.PNG,HRV,2024-08-02,2024-08-29,2024-08-24,51.8,ms,high,"Digitized from Garmin HRV Status 4-week graph; marker=orange; approximate 7-day HRV status value, not raw nightly exact value."
IMG_6422.PNG,HRV,2024-08-02,2024-08-29,2024-08-25,52.8,ms,high,"Digitized from Garmin HRV Status 4-week graph; marker=green; approximate 7-day HRV status value, not raw nightly exact value."
IMG_6422.PNG,HRV,2024-08-02,2024-08-29,2024-08-26,51.8,ms,high,"Digitized from Garmin HRV Status 4-week graph; marker=orange; approximate 7-day HRV status value, not raw nightly exact value."
IMG_6422.PNG,HRV,2024-08-02,2024-08-29,2024-08-27,50.8,ms,high,"Digitized from Garmin HRV Status 4-week graph; marker=orange; approximate 7-day HRV status value, not raw nightly exact value."
IMG_6422.PNG,HRV,2024-08-02,2024-08-29,2024-08-28,49.8,ms,high,"Digitized from Garmin HRV Status 4-week graph; marker=red; approximate 7-day HRV status value, not raw nightly exact value."
IMG_6422.PNG,HRV,2024-08-02,2024-08-29,2024-08-29,51.8,ms,high,"Digitized from Garmin HRV Status 4-week graph; marker=orange; approximate 7-day HRV status value, not raw nightly exact value."
IMG_6424.PNG,HRV,2024-07-05,2024-08-01,2024-07-05,60.7,ms,high,"Digitized from Garmin HRV Status 4-week graph; marker=orange; approximate 7-day HRV status value, not raw nightly exact value."
IMG_6424.PNG,HRV,2024-07-05,2024-08-01,2024-07-06,58.8,ms,high,"Digitized from Garmin HRV Status 4-week graph; marker=green; approximate 7-day HRV status value, not raw nightly exact value."
IMG_6424.PNG,HRV,2024-07-05,2024-08-01,2024-07-07,57.8,ms,high,"Digitized from Garmin HRV Status 4-week graph; marker=green; approximate 7-day HRV status value, not raw nightly exact value."
IMG_6424.PNG,HRV,2024-07-05,2024-08-01,2024-07-08,56.8,ms,high,"Digitized from Garmin HRV Status 4-week graph; marker=green; approximate 7-day HRV status value, not raw nightly exact value."
IMG_6424.PNG,HRV,2024-07-05,2024-08-01,2024-07-09,54.8,ms,high,"Digitized from Garmin HRV Status 4-week graph; marker=green; approximate 7-day HRV status value, not raw nightly exact value."
IMG_6424.PNG,HRV,2024-07-05,2024-08-01,2024-07-10,54.8,ms,high,"Digitized from Garmin HRV Status 4-week graph; marker=green; approximate 7-day HRV status value, not raw nightly exact value."
IMG_6424.PNG,HRV,2024-07-05,2024-08-01,2024-07-11,54.8,ms,high,"Digitized from Garmin HRV Status 4-week graph; marker=green; approximate 7-day HRV status value, not raw nightly exact value."
IMG_6424.PNG,HRV,2024-07-05,2024-08-01,2024-07-12,54.8,ms,high,"Digitized from Garmin HRV Status 4-week graph; marker=green; approximate 7-day HRV status value, not raw nightly exact value."
IMG_6424.PNG,HRV,2024-07-05,2024-08-01,2024-07-13,55.8,ms,high,"Digitized from Garmin HRV Status 4-week graph; marker=green; approximate 7-day HRV status value, not raw nightly exact value."
IMG_6424.PNG,HRV,2024-07-05,2024-08-01,2024-07-14,56.8,ms,high,"Digitized from Garmin HRV Status 4-week graph; marker=green; approximate 7-day HRV status value, not raw nightly exact value."
IMG_6424.PNG,HRV,2024-07-05,2024-08-01,2024-07-15,56.8,ms,high,"Digitized from Garmin HRV Status 4-week graph; marker=green; approximate 7-day HRV status value, not raw nightly exact value."
IMG_6424.PNG,HRV,2024-07-05,2024-08-01,2024-07-16,54.8,ms,high,"Digitized from Garmin HRV Status 4-week graph; marker=green; approximate 7-day HRV status value, not raw nightly exact value."
IMG_6424.PNG,HRV,2024-07-05,2024-08-01,2024-07-17,53.8,ms,high,"Digitized from Garmin HRV Status 4-week graph; marker=green; approximate 7-day HRV status value, not raw nightly exact value."
IMG_6424.PNG,HRV,2024-07-05,2024-08-01,2024-07-18,52.8,ms,high,"Digitized from Garmin HRV Status 4-week graph; marker=green; approximate 7-day HRV status value, not raw nightly exact value."
IMG_6424.PNG,HRV,2024-07-05,2024-08-01,2024-07-19,51.8,ms,high,"Digitized from Garmin HRV Status 4-week graph; marker=orange; approximate 7-day HRV status value, not raw nightly exact value."
IMG_6424.PNG,HRV,2024-07-05,2024-08-01,2024-07-20,50.8,ms,high,"Digitized from Garmin HRV Status 4-week graph; marker=red; approximate 7-day HRV status value, not raw nightly exact value."
IMG_6424.PNG,HRV,2024-07-05,2024-08-01,2024-07-21,49.8,ms,high,"Digitized from Garmin HRV Status 4-week graph; marker=red; approximate 7-day HRV status value, not raw nightly exact value."
IMG_6424.PNG,HRV,2024-07-05,2024-08-01,2024-07-22,49.8,ms,high,"Digitized from Garmin HRV Status 4-week graph; marker=red; approximate 7-day HRV status value, not raw nightly exact value."
IMG_6424.PNG,HRV,2024-07-05,2024-08-01,2024-07-23,50.8,ms,high,"Digitized from Garmin HRV Status 4-week graph; marker=red; approximate 7-day HRV status value, not raw nightly exact value."
IMG_6424.PNG,HRV,2024-07-05,2024-08-01,2024-07-24,50.8,ms,high,"Digitized from Garmin HRV Status 4-week graph; marker=red; approximate 7-day HRV status value, not raw nightly exact value."
IMG_6424.PNG,HRV,2024-07-05,2024-08-01,2024-07-25,51.8,ms,high,"Digitized from Garmin HRV Status 4-week graph; marker=orange; approximate 7-day HRV status value, not raw nightly exact value."
IMG_6424.PNG,HRV,2024-07-05,2024-08-01,2024-07-26,52.8,ms,high,"Digitized from Garmin HRV Status 4-week graph; marker=green; approximate 7-day HRV status value, not raw nightly exact value."
IMG_6424.PNG,HRV,2024-07-05,2024-08-01,2024-07-27,53.8,ms,high,"Digitized from Garmin HRV Status 4-week graph; marker=green; approximate 7-day HRV status value, not raw nightly exact value."
IMG_6424.PNG,HRV,2024-07-05,2024-08-01,2024-07-28,54.8,ms,high,"Digitized from Garmin HRV Status 4-week graph; marker=green; approximate 7-day HRV status value, not raw nightly exact value."
IMG_6424.PNG,HRV,2024-07-05,2024-08-01,2024-07-29,55.8,ms,high,"Digitized from Garmin HRV Status 4-week graph; marker=green; approximate 7-day HRV status value, not raw nightly exact value."
IMG_6424.PNG,HRV,2024-07-05,2024-08-01,2024-07-30,56.8,ms,high,"Digitized from Garmin HRV Status 4-week graph; marker=green; approximate 7-day HRV status value, not raw nightly exact value."
IMG_6424.PNG,HRV,2024-07-05,2024-08-01,2024-07-31,56.8,ms,high,"Digitized from Garmin HRV Status 4-week graph; marker=green; approximate 7-day HRV status value, not raw nightly exact value."
IMG_6424.PNG,HRV,2024-07-05,2024-08-01,2024-08-01,56.8,ms,high,"Digitized from Garmin HRV Status 4-week graph; marker=green; approximate 7-day HRV status value, not raw nightly exact value."
IMG_6425.PNG,HRV,2024-06-07,2024-07-04,2024-06-07,54.8,ms,high,"Digitized from Garmin HRV Status 4-week graph; marker=green; approximate 7-day HRV status value, not raw nightly exact value."
IMG_6425.PNG,HRV,2024-06-07,2024-07-04,2024-06-08,54.8,ms,high,"Digitized from Garmin HRV Status 4-week graph; marker=green; approximate 7-day HRV status value, not raw nightly exact value."
IMG_6425.PNG,HRV,2024-06-07,2024-07-04,2024-06-09,54.8,ms,high,"Digitized from Garmin HRV Status 4-week graph; marker=green; approximate 7-day HRV status value, not raw nightly exact value."
IMG_6425.PNG,HRV,2024-06-07,2024-07-04,2024-06-10,54.8,ms,high,"Digitized from Garmin HRV Status 4-week graph; marker=green; approximate 7-day HRV status value, not raw nightly exact value."
IMG_6425.PNG,HRV,2024-06-07,2024-07-04,2024-06-11,54.8,ms,high,"Digitized from Garmin HRV Status 4-week graph; marker=green; approximate 7-day HRV status value, not raw nightly exact value."
IMG_6425.PNG,HRV,2024-06-07,2024-07-04,2024-06-12,54.8,ms,high,"Digitized from Garmin HRV Status 4-week graph; marker=green; approximate 7-day HRV status value, not raw nightly exact value."
IMG_6425.PNG,HRV,2024-06-07,2024-07-04,2024-06-13,53.8,ms,high,"Digitized from Garmin HRV Status 4-week graph; marker=green; approximate 7-day HRV status value, not raw nightly exact value."
IMG_6425.PNG,HRV,2024-06-07,2024-07-04,2024-06-14,53.8,ms,high,"Digitized from Garmin HRV Status 4-week graph; marker=green; approximate 7-day HRV status value, not raw nightly exact value."
IMG_6425.PNG,HRV,2024-06-07,2024-07-04,2024-06-16,53.8,ms,high,"Digitized from Garmin HRV Status 4-week graph; marker=green; approximate 7-day HRV status value, not raw nightly exact value."
IMG_6425.PNG,HRV,2024-06-07,2024-07-04,2024-06-17,54.8,ms,high,"Digitized from Garmin HRV Status 4-week graph; marker=green; approximate 7-day HRV status value, not raw nightly exact value."
IMG_6425.PNG,HRV,2024-06-07,2024-07-04,2024-06-18,53.8,ms,high,"Digitized from Garmin HRV Status 4-week graph; marker=green; approximate 7-day HRV status value, not raw nightly exact value."
IMG_6425.PNG,HRV,2024-06-07,2024-07-04,2024-06-19,54.8,ms,high,"Digitized from Garmin HRV Status 4-week graph; marker=green; approximate 7-day HRV status value, not raw nightly exact value."
IMG_6425.PNG,HRV,2024-06-07,2024-07-04,2024-06-20,54.8,ms,high,"Digitized from Garmin HRV Status 4-week graph; marker=green; approximate 7-day HRV status value, not raw nightly exact value."
IMG_6425.PNG,HRV,2024-06-07,2024-07-04,2024-06-21,54.8,ms,high,"Digitized from Garmin HRV Status 4-week graph; marker=green; approximate 7-day HRV status value, not raw nightly exact value."
IMG_6425.PNG,HRV,2024-06-07,2024-07-04,2024-06-22,54.8,ms,high,"Digitized from Garmin HRV Status 4-week graph; marker=green; approximate 7-day HRV status value, not raw nightly exact value."
IMG_6425.PNG,HRV,2024-06-07,2024-07-04,2024-06-23,54.8,ms,high,"Digitized from Garmin HRV Status 4-week graph; marker=green; approximate 7-day HRV status value, not raw nightly exact value."
IMG_6425.PNG,HRV,2024-06-07,2024-07-04,2024-06-24,54.8,ms,high,"Digitized from Garmin HRV Status 4-week graph; marker=green; approximate 7-day HRV status value, not raw nightly exact value."
IMG_6425.PNG,HRV,2024-06-07,2024-07-04,2024-06-25,55.8,ms,high,"Digitized from Garmin HRV Status 4-week graph; marker=green; approximate 7-day HRV status value, not raw nightly exact value."
IMG_6425.PNG,HRV,2024-06-07,2024-07-04,2024-06-26,56.8,ms,high,"Digitized from Garmin HRV Status 4-week graph; marker=green; approximate 7-day HRV status value, not raw nightly exact value."
IMG_6425.PNG,HRV,2024-06-07,2024-07-04,2024-06-27,57.8,ms,high,"Digitized from Garmin HRV Status 4-week graph; marker=green; approximate 7-day HRV status value, not raw nightly exact value."
IMG_6425.PNG,HRV,2024-06-07,2024-07-04,2024-06-28,58.8,ms,high,"Digitized from Garmin HRV Status 4-week graph; marker=orange; approximate 7-day HRV status value, not raw nightly exact value."
IMG_6425.PNG,HRV,2024-06-07,2024-07-04,2024-06-29,59.8,ms,high,"Digitized from Garmin HRV Status 4-week graph; marker=orange; approximate 7-day HRV status value, not raw nightly exact value."
IMG_6425.PNG,HRV,2024-06-07,2024-07-04,2024-06-30,59.8,ms,high,"Digitized from Garmin HRV Status 4-week graph; marker=orange; approximate 7-day HRV status value, not raw nightly exact value."
IMG_6425.PNG,HRV,2024-06-07,2024-07-04,2024-07-01,60.8,ms,high,"Digitized from Garmin HRV Status 4-week graph; marker=orange; approximate 7-day HRV status value, not raw nightly exact value."
IMG_6425.PNG,HRV,2024-06-07,2024-07-04,2024-07-02,62.8,ms,high,"Digitized from Garmin HRV Status 4-week graph; marker=orange; approximate 7-day HRV status value, not raw nightly exact value."
IMG_6425.PNG,HRV,2024-06-07,2024-07-04,2024-07-03,61.8,ms,high,"Digitized from Garmin HRV Status 4-week graph; marker=orange; approximate 7-day HRV status value, not raw nightly exact value."
IMG_6425.PNG,HRV,2024-06-07,2024-07-04,2024-07-04,60.8,ms,high,"Digitized from Garmin HRV Status 4-week graph; marker=orange; approximate 7-day HRV status value, not raw nightly exact value."
IMG_6426.PNG,HRV,2024-05-10,2024-06-06,2024-05-10,52.0,ms,high,"Digitized from Garmin HRV Status 4-week graph; marker=green; approximate 7-day HRV status value, not raw nightly exact value."
IMG_6426.PNG,HRV,2024-05-10,2024-06-06,2024-05-11,51.0,ms,high,"Digitized from Garmin HRV Status 4-week graph; marker=green; approximate 7-day HRV status value, not raw nightly exact value."
IMG_6426.PNG,HRV,2024-05-10,2024-06-06,2024-05-12,52.0,ms,high,"Digitized from Garmin HRV Status 4-week graph; marker=green; approximate 7-day HRV status value, not raw nightly exact value."
IMG_6426.PNG,HRV,2024-05-10,2024-06-06,2024-05-13,52.0,ms,high,"Digitized from Garmin HRV Status 4-week graph; marker=green; approximate 7-day HRV status value, not raw nightly exact value."
IMG_6426.PNG,HRV,2024-05-10,2024-06-06,2024-05-14,52.0,ms,high,"Digitized from Garmin HRV Status 4-week graph; marker=green; approximate 7-day HRV status value, not raw nightly exact value."
IMG_6426.PNG,HRV,2024-05-10,2024-06-06,2024-05-15,54.0,ms,high,"Digitized from Garmin HRV Status 4-week graph; marker=green; approximate 7-day HRV status value, not raw nightly exact value."
IMG_6426.PNG,HRV,2024-05-10,2024-06-06,2024-05-16,54.0,ms,high,"Digitized from Garmin HRV Status 4-week graph; marker=green; approximate 7-day HRV status value, not raw nightly exact value."
IMG_6426.PNG,HRV,2024-05-10,2024-06-06,2024-05-17,54.0,ms,high,"Digitized from Garmin HRV Status 4-week graph; marker=green; approximate 7-day HRV status value, not raw nightly exact value."
IMG_6426.PNG,HRV,2024-05-10,2024-06-06,2024-05-18,56.0,ms,high,"Digitized from Garmin HRV Status 4-week graph; marker=green; approximate 7-day HRV status value, not raw nightly exact value."
IMG_6426.PNG,HRV,2024-05-10,2024-06-06,2024-05-19,55.0,ms,high,"Digitized from Garmin HRV Status 4-week graph; marker=green; approximate 7-day HRV status value, not raw nightly exact value."
IMG_6426.PNG,HRV,2024-05-10,2024-06-06,2024-05-20,55.0,ms,high,"Digitized from Garmin HRV Status 4-week graph; marker=green; approximate 7-day HRV status value, not raw nightly exact value."
IMG_6426.PNG,HRV,2024-05-10,2024-06-06,2024-05-21,56.0,ms,high,"Digitized from Garmin HRV Status 4-week graph; marker=green; approximate 7-day HRV status value, not raw nightly exact value."
IMG_6426.PNG,HRV,2024-05-10,2024-06-06,2024-05-22,54.0,ms,high,"Digitized from Garmin HRV Status 4-week graph; marker=green; approximate 7-day HRV status value, not raw nightly exact value."
IMG_6426.PNG,HRV,2024-05-10,2024-06-06,2024-05-23,53.0,ms,high,"Digitized from Garmin HRV Status 4-week graph; marker=green; approximate 7-day HRV status value, not raw nightly exact value."
IMG_6426.PNG,HRV,2024-05-10,2024-06-06,2024-05-24,53.0,ms,high,"Digitized from Garmin HRV Status 4-week graph; marker=green; approximate 7-day HRV status value, not raw nightly exact value."
IMG_6426.PNG,HRV,2024-05-10,2024-06-06,2024-05-25,52.0,ms,high,"Digitized from Garmin HRV Status 4-week graph; marker=green; approximate 7-day HRV status value, not raw nightly exact value."
IMG_6426.PNG,HRV,2024-05-10,2024-06-06,2024-05-26,52.0,ms,high,"Digitized from Garmin HRV Status 4-week graph; marker=green; approximate 7-day HRV status value, not raw nightly exact value."
IMG_6426.PNG,HRV,2024-05-10,2024-06-06,2024-05-27,51.0,ms,high,"Digitized from Garmin HRV Status 4-week graph; marker=green; approximate 7-day HRV status value, not raw nightly exact value."
IMG_6426.PNG,HRV,2024-05-10,2024-06-06,2024-05-28,50.1,ms,high,"Digitized from Garmin HRV Status 4-week graph; marker=green; approximate 7-day HRV status value, not raw nightly exact value."
IMG_6426.PNG,HRV,2024-05-10,2024-06-06,2024-05-29,50.1,ms,high,"Digitized from Garmin HRV Status 4-week graph; marker=green; approximate 7-day HRV status value, not raw nightly exact value."
IMG_6426.PNG,HRV,2024-05-10,2024-06-06,2024-05-30,50.1,ms,high,"Digitized from Garmin HRV Status 4-week graph; marker=orange; approximate 7-day HRV status value, not raw nightly exact value."
IMG_6426.PNG,HRV,2024-05-10,2024-06-06,2024-05-31,50.1,ms,high,"Digitized from Garmin HRV Status 4-week graph; marker=green; approximate 7-day HRV status value, not raw nightly exact value."
IMG_6426.PNG,HRV,2024-05-10,2024-06-06,2024-06-01,51.0,ms,high,"Digitized from Garmin HRV Status 4-week graph; marker=green; approximate 7-day HRV status value, not raw nightly exact value."
IMG_6426.PNG,HRV,2024-05-10,2024-06-06,2024-06-02,51.0,ms,high,"Digitized from Garmin HRV Status 4-week graph; marker=green; approximate 7-day HRV status value, not raw nightly exact value."
IMG_6426.PNG,HRV,2024-05-10,2024-06-06,2024-06-03,53.0,ms,high,"Digitized from Garmin HRV Status 4-week graph; marker=green; approximate 7-day HRV status value, not raw nightly exact value."
IMG_6426.PNG,HRV,2024-05-10,2024-06-06,2024-06-04,52.0,ms,high,"Digitized from Garmin HRV Status 4-week graph; marker=green; approximate 7-day HRV status value, not raw nightly exact value."
IMG_6426.PNG,HRV,2024-05-10,2024-06-06,2024-06-05,53.0,ms,high,"Digitized from Garmin HRV Status 4-week graph; marker=green; approximate 7-day HRV status value, not raw nightly exact value."
IMG_6426.PNG,HRV,2024-05-10,2024-06-06,2024-06-06,54.0,ms,high,"Digitized from Garmin HRV Status 4-week graph; marker=green; approximate 7-day HRV status value, not raw nightly exact value."
IMG_6427.PNG,HRV,2024-04-12,2024-05-09,2024-04-12,51.8,ms,high,"Digitized from Garmin HRV Status 4-week graph; marker=green; approximate 7-day HRV status value, not raw nightly exact value."
IMG_6427.PNG,HRV,2024-04-12,2024-05-09,2024-04-13,50.8,ms,high,"Digitized from Garmin HRV Status 4-week graph; marker=green; approximate 7-day HRV status value, not raw nightly exact value."
IMG_6427.PNG,HRV,2024-04-12,2024-05-09,2024-04-14,49.8,ms,high,"Digitized from Garmin HRV Status 4-week graph; marker=green; approximate 7-day HRV status value, not raw nightly exact value."
IMG_6427.PNG,HRV,2024-04-12,2024-05-09,2024-04-15,49.8,ms,high,"Digitized from Garmin HRV Status 4-week graph; marker=orange; approximate 7-day HRV status value, not raw nightly exact value."
IMG_6427.PNG,HRV,2024-04-12,2024-05-09,2024-04-16,48.8,ms,high,"Digitized from Garmin HRV Status 4-week graph; marker=orange; approximate 7-day HRV status value, not raw nightly exact value."
IMG_6427.PNG,HRV,2024-04-12,2024-05-09,2024-04-17,49.8,ms,high,"Digitized from Garmin HRV Status 4-week graph; marker=orange; approximate 7-day HRV status value, not raw nightly exact value."
IMG_6427.PNG,HRV,2024-04-12,2024-05-09,2024-04-18,49.8,ms,high,"Digitized from Garmin HRV Status 4-week graph; marker=green; approximate 7-day HRV status value, not raw nightly exact value."
IMG_6427.PNG,HRV,2024-04-12,2024-05-09,2024-04-19,48.8,ms,high,"Digitized from Garmin HRV Status 4-week graph; marker=orange; approximate 7-day HRV status value, not raw nightly exact value."
IMG_6427.PNG,HRV,2024-04-12,2024-05-09,2024-04-20,49.8,ms,high,"Digitized from Garmin HRV Status 4-week graph; marker=orange; approximate 7-day HRV status value, not raw nightly exact value."
IMG_6427.PNG,HRV,2024-04-12,2024-05-09,2024-04-21,49.8,ms,high,"Digitized from Garmin HRV Status 4-week graph; marker=green; approximate 7-day HRV status value, not raw nightly exact value."
IMG_6427.PNG,HRV,2024-04-12,2024-05-09,2024-04-22,50.8,ms,high,"Digitized from Garmin HRV Status 4-week graph; marker=green; approximate 7-day HRV status value, not raw nightly exact value."
IMG_6427.PNG,HRV,2024-04-12,2024-05-09,2024-04-23,50.8,ms,high,"Digitized from Garmin HRV Status 4-week graph; marker=green; approximate 7-day HRV status value, not raw nightly exact value."
IMG_6427.PNG,HRV,2024-04-12,2024-05-09,2024-04-24,49.8,ms,high,"Digitized from Garmin HRV Status 4-week graph; marker=orange; approximate 7-day HRV status value, not raw nightly exact value."
IMG_6427.PNG,HRV,2024-04-12,2024-05-09,2024-04-25,49.8,ms,high,"Digitized from Garmin HRV Status 4-week graph; marker=orange; approximate 7-day HRV status value, not raw nightly exact value."
IMG_6427.PNG,HRV,2024-04-12,2024-05-09,2024-04-26,50.8,ms,high,"Digitized from Garmin HRV Status 4-week graph; marker=green; approximate 7-day HRV status value, not raw nightly exact value."
IMG_6427.PNG,HRV,2024-04-12,2024-05-09,2024-04-27,50.8,ms,high,"Digitized from Garmin HRV Status 4-week graph; marker=green; approximate 7-day HRV status value, not raw nightly exact value."
IMG_6427.PNG,HRV,2024-04-12,2024-05-09,2024-04-28,50.8,ms,high,"Digitized from Garmin HRV Status 4-week graph; marker=green; approximate 7-day HRV status value, not raw nightly exact value."
IMG_6427.PNG,HRV,2024-04-12,2024-05-09,2024-04-29,50.8,ms,high,"Digitized from Garmin HRV Status 4-week graph; marker=green; approximate 7-day HRV status value, not raw nightly exact value."
IMG_6427.PNG,HRV,2024-04-12,2024-05-09,2024-04-30,51.8,ms,high,"Digitized from Garmin HRV Status 4-week graph; marker=green; approximate 7-day HRV status value, not raw nightly exact value."
IMG_6427.PNG,HRV,2024-04-12,2024-05-09,2024-05-01,51.8,ms,high,"Digitized from Garmin HRV Status 4-week graph; marker=green; approximate 7-day HRV status value, not raw nightly exact value."
IMG_6427.PNG,HRV,2024-04-12,2024-05-09,2024-05-02,51.8,ms,high,"Digitized from Garmin HRV Status 4-week graph; marker=green; approximate 7-day HRV status value, not raw nightly exact value."
IMG_6427.PNG,HRV,2024-04-12,2024-05-09,2024-05-03,52.8,ms,high,"Digitized from Garmin HRV Status 4-week graph; marker=green; approximate 7-day HRV status value, not raw nightly exact value."
IMG_6427.PNG,HRV,2024-04-12,2024-05-09,2024-05-04,52.8,ms,high,"Digitized from Garmin HRV Status 4-week graph; marker=green; approximate 7-day HRV status value, not raw nightly exact value."
IMG_6427.PNG,HRV,2024-04-12,2024-05-09,2024-05-05,52.8,ms,high,"Digitized from Garmin HRV Status 4-week graph; marker=green; approximate 7-day HRV status value, not raw nightly exact value."
IMG_6427.PNG,HRV,2024-04-12,2024-05-09,2024-05-06,52.8,ms,high,"Digitized from Garmin HRV Status 4-week graph; marker=green; approximate 7-day HRV status value, not raw nightly exact value."
IMG_6427.PNG,HRV,2024-04-12,2024-05-09,2024-05-07,52.8,ms,high,"Digitized from Garmin HRV Status 4-week graph; marker=green; approximate 7-day HRV status value, not raw nightly exact value."
IMG_6427.PNG,HRV,2024-04-12,2024-05-09,2024-05-08,51.8,ms,high,"Digitized from Garmin HRV Status 4-week graph; marker=green; approximate 7-day HRV status value, not raw nightly exact value."
IMG_6427.PNG,HRV,2024-04-12,2024-05-09,2024-05-09,51.8,ms,high,"Digitized from Garmin HRV Status 4-week graph; marker=green; approximate 7-day HRV status value, not raw nightly exact value."
IMG_6428.PNG,HRV,2024-03-15,2024-04-11,2024-03-15,49.8,ms,high,"Digitized from Garmin HRV Status 4-week graph; marker=green; approximate 7-day HRV status value, not raw nightly exact value."
IMG_6428.PNG,HRV,2024-03-15,2024-04-11,2024-03-16,50.8,ms,high,"Digitized from Garmin HRV Status 4-week graph; marker=green; approximate 7-day HRV status value, not raw nightly exact value."
IMG_6428.PNG,HRV,2024-03-15,2024-04-11,2024-03-17,51.8,ms,high,"Digitized from Garmin HRV Status 4-week graph; marker=green; approximate 7-day HRV status value, not raw nightly exact value."
IMG_6428.PNG,HRV,2024-03-15,2024-04-11,2024-03-18,52.8,ms,high,"Digitized from Garmin HRV Status 4-week graph; marker=green; approximate 7-day HRV status value, not raw nightly exact value."
IMG_6428.PNG,HRV,2024-03-15,2024-04-11,2024-03-19,52.8,ms,high,"Digitized from Garmin HRV Status 4-week graph; marker=green; approximate 7-day HRV status value, not raw nightly exact value."
IMG_6428.PNG,HRV,2024-03-15,2024-04-11,2024-03-20,53.8,ms,high,"Digitized from Garmin HRV Status 4-week graph; marker=green; approximate 7-day HRV status value, not raw nightly exact value."
IMG_6428.PNG,HRV,2024-03-15,2024-04-11,2024-03-21,53.8,ms,high,"Digitized from Garmin HRV Status 4-week graph; marker=green; approximate 7-day HRV status value, not raw nightly exact value."
IMG_6428.PNG,HRV,2024-03-15,2024-04-11,2024-03-22,53.8,ms,high,"Digitized from Garmin HRV Status 4-week graph; marker=green; approximate 7-day HRV status value, not raw nightly exact value."
IMG_6428.PNG,HRV,2024-03-15,2024-04-11,2024-03-24,52.8,ms,high,"Digitized from Garmin HRV Status 4-week graph; marker=green; approximate 7-day HRV status value, not raw nightly exact value."
IMG_6428.PNG,HRV,2024-03-15,2024-04-11,2024-03-25,51.8,ms,high,"Digitized from Garmin HRV Status 4-week graph; marker=green; approximate 7-day HRV status value, not raw nightly exact value."
IMG_6428.PNG,HRV,2024-03-15,2024-04-11,2024-03-26,51.8,ms,high,"Digitized from Garmin HRV Status 4-week graph; marker=green; approximate 7-day HRV status value, not raw nightly exact value."
IMG_6428.PNG,HRV,2024-03-15,2024-04-11,2024-03-27,50.8,ms,high,"Digitized from Garmin HRV Status 4-week graph; marker=green; approximate 7-day HRV status value, not raw nightly exact value."
IMG_6428.PNG,HRV,2024-03-15,2024-04-11,2024-03-28,51.8,ms,high,"Digitized from Garmin HRV Status 4-week graph; marker=green; approximate 7-day HRV status value, not raw nightly exact value."
IMG_6428.PNG,HRV,2024-03-15,2024-04-11,2024-03-29,50.8,ms,high,"Digitized from Garmin HRV Status 4-week graph; marker=green; approximate 7-day HRV status value, not raw nightly exact value."
IMG_6428.PNG,HRV,2024-03-15,2024-04-11,2024-03-30,50.8,ms,high,"Digitized from Garmin HRV Status 4-week graph; marker=green; approximate 7-day HRV status value, not raw nightly exact value."
IMG_6428.PNG,HRV,2024-03-15,2024-04-11,2024-03-31,51.8,ms,high,"Digitized from Garmin HRV Status 4-week graph; marker=green; approximate 7-day HRV status value, not raw nightly exact value."
IMG_6428.PNG,HRV,2024-03-15,2024-04-11,2024-04-01,51.8,ms,high,"Digitized from Garmin HRV Status 4-week graph; marker=green; approximate 7-day HRV status value, not raw nightly exact value."
IMG_6428.PNG,HRV,2024-03-15,2024-04-11,2024-04-02,53.8,ms,high,"Digitized from Garmin HRV Status 4-week graph; marker=green; approximate 7-day HRV status value, not raw nightly exact value."
IMG_6428.PNG,HRV,2024-03-15,2024-04-11,2024-04-03,53.8,ms,high,"Digitized from Garmin HRV Status 4-week graph; marker=green; approximate 7-day HRV status value, not raw nightly exact value."
IMG_6428.PNG,HRV,2024-03-15,2024-04-11,2024-04-04,52.8,ms,high,"Digitized from Garmin HRV Status 4-week graph; marker=green; approximate 7-day HRV status value, not raw nightly exact value."
IMG_6428.PNG,HRV,2024-03-15,2024-04-11,2024-04-05,51.8,ms,high,"Digitized from Garmin HRV Status 4-week graph; marker=green; approximate 7-day HRV status value, not raw nightly exact value."
IMG_6428.PNG,HRV,2024-03-15,2024-04-11,2024-04-06,52.8,ms,high,"Digitized from Garmin HRV Status 4-week graph; marker=green; approximate 7-day HRV status value, not raw nightly exact value."
IMG_6428.PNG,HRV,2024-03-15,2024-04-11,2024-04-07,52.8,ms,high,"Digitized from Garmin HRV Status 4-week graph; marker=green; approximate 7-day HRV status value, not raw nightly exact value."
IMG_6428.PNG,HRV,2024-03-15,2024-04-11,2024-04-08,52.8,ms,high,"Digitized from Garmin HRV Status 4-week graph; marker=green; approximate 7-day HRV status value, not raw nightly exact value."
IMG_6428.PNG,HRV,2024-03-15,2024-04-11,2024-04-09,50.8,ms,high,"Digitized from Garmin HRV Status 4-week graph; marker=green; approximate 7-day HRV status value, not raw nightly exact value."
IMG_6428.PNG,HRV,2024-03-15,2024-04-11,2024-04-10,50.8,ms,high,"Digitized from Garmin HRV Status 4-week graph; marker=green; approximate 7-day HRV status value, not raw nightly exact value."
IMG_6428.PNG,HRV,2024-03-15,2024-04-11,2024-04-11,50.8,ms,high,"Digitized from Garmin HRV Status 4-week graph; marker=green; approximate 7-day HRV status value, not raw nightly exact value."
IMG_6429.PNG,HRV,2024-02-16,2024-03-14,2024-02-16,51.9,ms,high,"Digitized from Garmin HRV Status 4-week graph; marker=green; approximate 7-day HRV status value, not raw nightly exact value."
IMG_6429.PNG,HRV,2024-02-16,2024-03-14,2024-02-17,52.8,ms,high,"Digitized from Garmin HRV Status 4-week graph; marker=green; approximate 7-day HRV status value, not raw nightly exact value."
IMG_6429.PNG,HRV,2024-02-16,2024-03-14,2024-02-18,53.8,ms,high,"Digitized from Garmin HRV Status 4-week graph; marker=green; approximate 7-day HRV status value, not raw nightly exact value."
IMG_6429.PNG,HRV,2024-02-16,2024-03-14,2024-02-19,53.8,ms,high,"Digitized from Garmin HRV Status 4-week graph; marker=green; approximate 7-day HRV status value, not raw nightly exact value."
IMG_6429.PNG,HRV,2024-02-16,2024-03-14,2024-02-20,52.8,ms,high,"Digitized from Garmin HRV Status 4-week graph; marker=green; approximate 7-day HRV status value, not raw nightly exact value."
IMG_6429.PNG,HRV,2024-02-16,2024-03-14,2024-02-21,51.9,ms,high,"Digitized from Garmin HRV Status 4-week graph; marker=green; approximate 7-day HRV status value, not raw nightly exact value."
IMG_6429.PNG,HRV,2024-02-16,2024-03-14,2024-02-22,51.9,ms,high,"Digitized from Garmin HRV Status 4-week graph; marker=green; approximate 7-day HRV status value, not raw nightly exact value."
IMG_6429.PNG,HRV,2024-02-16,2024-03-14,2024-02-23,50.9,ms,high,"Digitized from Garmin HRV Status 4-week graph; marker=green; approximate 7-day HRV status value, not raw nightly exact value."
IMG_6429.PNG,HRV,2024-02-16,2024-03-14,2024-02-24,50.9,ms,high,"Digitized from Garmin HRV Status 4-week graph; marker=green; approximate 7-day HRV status value, not raw nightly exact value."
IMG_6429.PNG,HRV,2024-02-16,2024-03-14,2024-02-25,50.9,ms,high,"Digitized from Garmin HRV Status 4-week graph; marker=green; approximate 7-day HRV status value, not raw nightly exact value."
IMG_6429.PNG,HRV,2024-02-16,2024-03-14,2024-02-26,50.9,ms,high,"Digitized from Garmin HRV Status 4-week graph; marker=green; approximate 7-day HRV status value, not raw nightly exact value."
IMG_6429.PNG,HRV,2024-02-16,2024-03-14,2024-02-27,50.9,ms,high,"Digitized from Garmin HRV Status 4-week graph; marker=green; approximate 7-day HRV status value, not raw nightly exact value."
IMG_6429.PNG,HRV,2024-02-16,2024-03-14,2024-02-28,50.9,ms,high,"Digitized from Garmin HRV Status 4-week graph; marker=green; approximate 7-day HRV status value, not raw nightly exact value."
IMG_6429.PNG,HRV,2024-02-16,2024-03-14,2024-02-29,51.9,ms,high,"Digitized from Garmin HRV Status 4-week graph; marker=green; approximate 7-day HRV status value, not raw nightly exact value."
IMG_6429.PNG,HRV,2024-02-16,2024-03-14,2024-03-01,50.9,ms,high,"Digitized from Garmin HRV Status 4-week graph; marker=green; approximate 7-day HRV status value, not raw nightly exact value."
IMG_6429.PNG,HRV,2024-02-16,2024-03-14,2024-03-02,50.9,ms,high,"Digitized from Garmin HRV Status 4-week graph; marker=green; approximate 7-day HRV status value, not raw nightly exact value."
IMG_6429.PNG,HRV,2024-02-16,2024-03-14,2024-03-03,49.9,ms,high,"Digitized from Garmin HRV Status 4-week graph; marker=green; approximate 7-day HRV status value, not raw nightly exact value."
IMG_6429.PNG,HRV,2024-02-16,2024-03-14,2024-03-04,50.9,ms,high,"Digitized from Garmin HRV Status 4-week graph; marker=green; approximate 7-day HRV status value, not raw nightly exact value."
IMG_6429.PNG,HRV,2024-02-16,2024-03-14,2024-03-05,50.9,ms,high,"Digitized from Garmin HRV Status 4-week graph; marker=green; approximate 7-day HRV status value, not raw nightly exact value."
IMG_6429.PNG,HRV,2024-02-16,2024-03-14,2024-03-06,49.9,ms,high,"Digitized from Garmin HRV Status 4-week graph; marker=orange; approximate 7-day HRV status value, not raw nightly exact value."
IMG_6429.PNG,HRV,2024-02-16,2024-03-14,2024-03-07,49.9,ms,high,"Digitized from Garmin HRV Status 4-week graph; marker=orange; approximate 7-day HRV status value, not raw nightly exact value."
IMG_6429.PNG,HRV,2024-02-16,2024-03-14,2024-03-08,50.9,ms,high,"Digitized from Garmin HRV Status 4-week graph; marker=green; approximate 7-day HRV status value, not raw nightly exact value."
IMG_6429.PNG,HRV,2024-02-16,2024-03-14,2024-03-09,50.9,ms,high,"Digitized from Garmin HRV Status 4-week graph; marker=green; approximate 7-day HRV status value, not raw nightly exact value."
IMG_6429.PNG,HRV,2024-02-16,2024-03-14,2024-03-10,50.9,ms,high,"Digitized from Garmin HRV Status 4-week graph; marker=green; approximate 7-day HRV status value, not raw nightly exact value."
IMG_6429.PNG,HRV,2024-02-16,2024-03-14,2024-03-11,50.9,ms,high,"Digitized from Garmin HRV Status 4-week graph; marker=green; approximate 7-day HRV status value, not raw nightly exact value."
IMG_6429.PNG,HRV,2024-02-16,2024-03-14,2024-03-12,50.9,ms,high,"Digitized from Garmin HRV Status 4-week graph; marker=green; approximate 7-day HRV status value, not raw nightly exact value."
IMG_6429.PNG,HRV,2024-02-16,2024-03-14,2024-03-13,50.9,ms,high,"Digitized from Garmin HRV Status 4-week graph; marker=green; approximate 7-day HRV status value, not raw nightly exact value."
IMG_6429.PNG,HRV,2024-02-16,2024-03-14,2024-03-14,49.9,ms,high,"Digitized from Garmin HRV Status 4-week graph; marker=green; approximate 7-day HRV status value, not raw nightly exact value."
IMG_6430.PNG,HRV,2024-01-19,2024-02-15,2024-01-19,51.8,ms,high,"Digitized from Garmin HRV Status 4-week graph; marker=green; approximate 7-day HRV status value, not raw nightly exact value."
IMG_6430.PNG,HRV,2024-01-19,2024-02-15,2024-01-20,52.8,ms,high,"Digitized from Garmin HRV Status 4-week graph; marker=green; approximate 7-day HRV status value, not raw nightly exact value."
IMG_6430.PNG,HRV,2024-01-19,2024-02-15,2024-01-21,52.8,ms,high,"Digitized from Garmin HRV Status 4-week graph; marker=green; approximate 7-day HRV status value, not raw nightly exact value."
IMG_6430.PNG,HRV,2024-01-19,2024-02-15,2024-01-22,52.8,ms,high,"Digitized from Garmin HRV Status 4-week graph; marker=green; approximate 7-day HRV status value, not raw nightly exact value."
IMG_6430.PNG,HRV,2024-01-19,2024-02-15,2024-01-23,53.8,ms,high,"Digitized from Garmin HRV Status 4-week graph; marker=green; approximate 7-day HRV status value, not raw nightly exact value."
IMG_6430.PNG,HRV,2024-01-19,2024-02-15,2024-01-24,53.8,ms,high,"Digitized from Garmin HRV Status 4-week graph; marker=green; approximate 7-day HRV status value, not raw nightly exact value."
IMG_6430.PNG,HRV,2024-01-19,2024-02-15,2024-01-25,52.8,ms,high,"Digitized from Garmin HRV Status 4-week graph; marker=green; approximate 7-day HRV status value, not raw nightly exact value."
IMG_6430.PNG,HRV,2024-01-19,2024-02-15,2024-01-26,53.8,ms,high,"Digitized from Garmin HRV Status 4-week graph; marker=green; approximate 7-day HRV status value, not raw nightly exact value."
IMG_6430.PNG,HRV,2024-01-19,2024-02-15,2024-01-27,52.8,ms,high,"Digitized from Garmin HRV Status 4-week graph; marker=green; approximate 7-day HRV status value, not raw nightly exact value."
IMG_6430.PNG,HRV,2024-01-19,2024-02-15,2024-01-28,52.8,ms,high,"Digitized from Garmin HRV Status 4-week graph; marker=green; approximate 7-day HRV status value, not raw nightly exact value."
IMG_6430.PNG,HRV,2024-01-19,2024-02-15,2024-01-29,52.8,ms,high,"Digitized from Garmin HRV Status 4-week graph; marker=green; approximate 7-day HRV status value, not raw nightly exact value."
IMG_6430.PNG,HRV,2024-01-19,2024-02-15,2024-01-30,51.8,ms,high,"Digitized from Garmin HRV Status 4-week graph; marker=green; approximate 7-day HRV status value, not raw nightly exact value."
IMG_6430.PNG,HRV,2024-01-19,2024-02-15,2024-01-31,51.8,ms,high,"Digitized from Garmin HRV Status 4-week graph; marker=green; approximate 7-day HRV status value, not raw nightly exact value."
IMG_6430.PNG,HRV,2024-01-19,2024-02-15,2024-02-01,51.8,ms,high,"Digitized from Garmin HRV Status 4-week graph; marker=green; approximate 7-day HRV status value, not raw nightly exact value."
IMG_6430.PNG,HRV,2024-01-19,2024-02-15,2024-02-02,50.8,ms,high,"Digitized from Garmin HRV Status 4-week graph; marker=green; approximate 7-day HRV status value, not raw nightly exact value."
IMG_6430.PNG,HRV,2024-01-19,2024-02-15,2024-02-03,48.7,ms,high,"Digitized from Garmin HRV Status 4-week graph; marker=orange; approximate 7-day HRV status value, not raw nightly exact value."
IMG_6430.PNG,HRV,2024-01-19,2024-02-15,2024-02-04,48.7,ms,high,"Digitized from Garmin HRV Status 4-week graph; marker=orange; approximate 7-day HRV status value, not raw nightly exact value."
IMG_6430.PNG,HRV,2024-01-19,2024-02-15,2024-02-05,48.7,ms,high,"Digitized from Garmin HRV Status 4-week graph; marker=orange; approximate 7-day HRV status value, not raw nightly exact value."
IMG_6430.PNG,HRV,2024-01-19,2024-02-15,2024-02-06,49.7,ms,high,"Digitized from Garmin HRV Status 4-week graph; marker=orange; approximate 7-day HRV status value, not raw nightly exact value."
IMG_6430.PNG,HRV,2024-01-19,2024-02-15,2024-02-07,49.7,ms,high,"Digitized from Garmin HRV Status 4-week graph; marker=orange; approximate 7-day HRV status value, not raw nightly exact value."
IMG_6430.PNG,HRV,2024-01-19,2024-02-15,2024-02-08,49.7,ms,high,"Digitized from Garmin HRV Status 4-week graph; marker=orange; approximate 7-day HRV status value, not raw nightly exact value."
IMG_6430.PNG,HRV,2024-01-19,2024-02-15,2024-02-09,50.8,ms,high,"Digitized from Garmin HRV Status 4-week graph; marker=green; approximate 7-day HRV status value, not raw nightly exact value."
IMG_6430.PNG,HRV,2024-01-19,2024-02-15,2024-02-10,51.8,ms,high,"Digitized from Garmin HRV Status 4-week graph; marker=green; approximate 7-day HRV status value, not raw nightly exact value."
IMG_6430.PNG,HRV,2024-01-19,2024-02-15,2024-02-11,50.8,ms,high,"Digitized from Garmin HRV Status 4-week graph; marker=green; approximate 7-day HRV status value, not raw nightly exact value."
IMG_6430.PNG,HRV,2024-01-19,2024-02-15,2024-02-12,50.8,ms,high,"Digitized from Garmin HRV Status 4-week graph; marker=green; approximate 7-day HRV status value, not raw nightly exact value."
IMG_6430.PNG,HRV,2024-01-19,2024-02-15,2024-02-13,50.8,ms,high,"Digitized from Garmin HRV Status 4-week graph; marker=green; approximate 7-day HRV status value, not raw nightly exact value."
IMG_6430.PNG,HRV,2024-01-19,2024-02-15,2024-02-14,52.8,ms,high,"Digitized from Garmin HRV Status 4-week graph; marker=green; approximate 7-day HRV status value, not raw nightly exact value."
IMG_6430.PNG,HRV,2024-01-19,2024-02-15,2024-02-15,51.8,ms,high,"Digitized from Garmin HRV Status 4-week graph; marker=green; approximate 7-day HRV status value, not raw nightly exact value."
IMG_6431.PNG,HRV,2023-12-22,2024-01-18,2023-12-22,51.0,ms,high,"Digitized from Garmin HRV Status 4-week graph; marker=orange; approximate 7-day HRV status value, not raw nightly exact value."
IMG_6431.PNG,HRV,2023-12-22,2024-01-18,2023-12-23,50.0,ms,high,"Digitized from Garmin HRV Status 4-week graph; marker=orange; approximate 7-day HRV status value, not raw nightly exact value."
IMG_6431.PNG,HRV,2023-12-22,2024-01-18,2023-12-24,50.0,ms,high,"Digitized from Garmin HRV Status 4-week graph; marker=orange; approximate 7-day HRV status value, not raw nightly exact value."
IMG_6431.PNG,HRV,2023-12-22,2024-01-18,2023-12-25,52.0,ms,high,"Digitized from Garmin HRV Status 4-week graph; marker=green; approximate 7-day HRV status value, not raw nightly exact value."
IMG_6431.PNG,HRV,2023-12-22,2024-01-18,2023-12-26,52.0,ms,high,"Digitized from Garmin HRV Status 4-week graph; marker=green; approximate 7-day HRV status value, not raw nightly exact value."
IMG_6431.PNG,HRV,2023-12-22,2024-01-18,2023-12-27,53.0,ms,high,"Digitized from Garmin HRV Status 4-week graph; marker=green; approximate 7-day HRV status value, not raw nightly exact value."
IMG_6431.PNG,HRV,2023-12-22,2024-01-18,2023-12-28,54.0,ms,high,"Digitized from Garmin HRV Status 4-week graph; marker=green; approximate 7-day HRV status value, not raw nightly exact value."
IMG_6431.PNG,HRV,2023-12-22,2024-01-18,2023-12-29,53.0,ms,high,"Digitized from Garmin HRV Status 4-week graph; marker=green; approximate 7-day HRV status value, not raw nightly exact value."
IMG_6431.PNG,HRV,2023-12-22,2024-01-18,2023-12-30,54.0,ms,high,"Digitized from Garmin HRV Status 4-week graph; marker=green; approximate 7-day HRV status value, not raw nightly exact value."
IMG_6431.PNG,HRV,2023-12-22,2024-01-18,2023-12-31,54.0,ms,high,"Digitized from Garmin HRV Status 4-week graph; marker=green; approximate 7-day HRV status value, not raw nightly exact value."
IMG_6431.PNG,HRV,2023-12-22,2024-01-18,2024-01-01,53.0,ms,high,"Digitized from Garmin HRV Status 4-week graph; marker=green; approximate 7-day HRV status value, not raw nightly exact value."
IMG_6431.PNG,HRV,2023-12-22,2024-01-18,2024-01-02,52.0,ms,high,"Digitized from Garmin HRV Status 4-week graph; marker=green; approximate 7-day HRV status value, not raw nightly exact value."
IMG_6431.PNG,HRV,2023-12-22,2024-01-18,2024-01-03,52.0,ms,high,"Digitized from Garmin HRV Status 4-week graph; marker=green; approximate 7-day HRV status value, not raw nightly exact value."
IMG_6431.PNG,HRV,2023-12-22,2024-01-18,2024-01-04,49.0,ms,high,"Digitized from Garmin HRV Status 4-week graph; marker=orange; approximate 7-day HRV status value, not raw nightly exact value."
IMG_6431.PNG,HRV,2023-12-22,2024-01-18,2024-01-05,49.0,ms,high,"Digitized from Garmin HRV Status 4-week graph; marker=orange; approximate 7-day HRV status value, not raw nightly exact value."
IMG_6431.PNG,HRV,2023-12-22,2024-01-18,2024-01-06,48.0,ms,high,"Digitized from Garmin HRV Status 4-week graph; marker=red; approximate 7-day HRV status value, not raw nightly exact value."
IMG_6431.PNG,HRV,2023-12-22,2024-01-18,2024-01-07,49.0,ms,high,"Digitized from Garmin HRV Status 4-week graph; marker=orange; approximate 7-day HRV status value, not raw nightly exact value."
IMG_6431.PNG,HRV,2023-12-22,2024-01-18,2024-01-08,49.0,ms,high,"Digitized from Garmin HRV Status 4-week graph; marker=orange; approximate 7-day HRV status value, not raw nightly exact value."
IMG_6431.PNG,HRV,2023-12-22,2024-01-18,2024-01-09,51.0,ms,high,"Digitized from Garmin HRV Status 4-week graph; marker=green; approximate 7-day HRV status value, not raw nightly exact value."
IMG_6431.PNG,HRV,2023-12-22,2024-01-18,2024-01-10,50.0,ms,high,"Digitized from Garmin HRV Status 4-week graph; marker=orange; approximate 7-day HRV status value, not raw nightly exact value."
IMG_6431.PNG,HRV,2023-12-22,2024-01-18,2024-01-11,53.0,ms,high,"Digitized from Garmin HRV Status 4-week graph; marker=green; approximate 7-day HRV status value, not raw nightly exact value."
IMG_6431.PNG,HRV,2023-12-22,2024-01-18,2024-01-12,54.0,ms,high,"Digitized from Garmin HRV Status 4-week graph; marker=green; approximate 7-day HRV status value, not raw nightly exact value."
IMG_6431.PNG,HRV,2023-12-22,2024-01-18,2024-01-13,54.0,ms,high,"Digitized from Garmin HRV Status 4-week graph; marker=green; approximate 7-day HRV status value, not raw nightly exact value."
IMG_6431.PNG,HRV,2023-12-22,2024-01-18,2024-01-14,53.0,ms,high,"Digitized from Garmin HRV Status 4-week graph; marker=green; approximate 7-day HRV status value, not raw nightly exact value."
IMG_6431.PNG,HRV,2023-12-22,2024-01-18,2024-01-15,53.0,ms,high,"Digitized from Garmin HRV Status 4-week graph; marker=green; approximate 7-day HRV status value, not raw nightly exact value."
IMG_6431.PNG,HRV,2023-12-22,2024-01-18,2024-01-16,51.0,ms,high,"Digitized from Garmin HRV Status 4-week graph; marker=green; approximate 7-day HRV status value, not raw nightly exact value."
IMG_6431.PNG,HRV,2023-12-22,2024-01-18,2024-01-17,52.0,ms,high,"Digitized from Garmin HRV Status 4-week graph; marker=green; approximate 7-day HRV status value, not raw nightly exact value."
IMG_6431.PNG,HRV,2023-12-22,2024-01-18,2024-01-18,52.0,ms,high,"Digitized from Garmin HRV Status 4-week graph; marker=green; approximate 7-day HRV status value, not raw nightly exact value."
IMG_6432.PNG,HRV,2023-11-24,2023-12-21,2023-11-24,52.5,ms,high,"Digitized from Garmin HRV Status 4-week graph; marker=green; approximate 7-day HRV status value, not raw nightly exact value."
IMG_6432.PNG,HRV,2023-11-24,2023-12-21,2023-11-25,54.5,ms,high,"Digitized from Garmin HRV Status 4-week graph; marker=green; approximate 7-day HRV status value, not raw nightly exact value."
IMG_6432.PNG,HRV,2023-11-24,2023-12-21,2023-11-26,57.6,ms,high,"Digitized from Garmin HRV Status 4-week graph; marker=green; approximate 7-day HRV status value, not raw nightly exact value."
IMG_6432.PNG,HRV,2023-11-24,2023-12-21,2023-11-27,57.6,ms,high,"Digitized from Garmin HRV Status 4-week graph; marker=green; approximate 7-day HRV status value, not raw nightly exact value."
IMG_6432.PNG,HRV,2023-11-24,2023-12-21,2023-11-28,56.6,ms,high,"Digitized from Garmin HRV Status 4-week graph; marker=green; approximate 7-day HRV status value, not raw nightly exact value."
IMG_6432.PNG,HRV,2023-11-24,2023-12-21,2023-11-29,56.6,ms,high,"Digitized from Garmin HRV Status 4-week graph; marker=green; approximate 7-day HRV status value, not raw nightly exact value."
IMG_6432.PNG,HRV,2023-11-24,2023-12-21,2023-11-30,56.6,ms,high,"Digitized from Garmin HRV Status 4-week graph; marker=green; approximate 7-day HRV status value, not raw nightly exact value."
IMG_6432.PNG,HRV,2023-11-24,2023-12-21,2023-12-01,56.6,ms,high,"Digitized from Garmin HRV Status 4-week graph; marker=green; approximate 7-day HRV status value, not raw nightly exact value."
IMG_6432.PNG,HRV,2023-11-24,2023-12-21,2023-12-02,55.5,ms,high,"Digitized from Garmin HRV Status 4-week graph; marker=green; approximate 7-day HRV status value, not raw nightly exact value."
IMG_6432.PNG,HRV,2023-11-24,2023-12-21,2023-12-03,55.5,ms,high,"Digitized from Garmin HRV Status 4-week graph; marker=green; approximate 7-day HRV status value, not raw nightly exact value."
IMG_6432.PNG,HRV,2023-11-24,2023-12-21,2023-12-04,55.5,ms,high,"Digitized from Garmin HRV Status 4-week graph; marker=green; approximate 7-day HRV status value, not raw nightly exact value."
IMG_6432.PNG,HRV,2023-11-24,2023-12-21,2023-12-05,55.5,ms,high,"Digitized from Garmin HRV Status 4-week graph; marker=green; approximate 7-day HRV status value, not raw nightly exact value."
IMG_6432.PNG,HRV,2023-11-24,2023-12-21,2023-12-06,56.6,ms,high,"Digitized from Garmin HRV Status 4-week graph; marker=green; approximate 7-day HRV status value, not raw nightly exact value."
IMG_6432.PNG,HRV,2023-11-24,2023-12-21,2023-12-07,55.5,ms,high,"Digitized from Garmin HRV Status 4-week graph; marker=green; approximate 7-day HRV status value, not raw nightly exact value."
IMG_6432.PNG,HRV,2023-11-24,2023-12-21,2023-12-08,54.5,ms,high,"Digitized from Garmin HRV Status 4-week graph; marker=green; approximate 7-day HRV status value, not raw nightly exact value."
IMG_6432.PNG,HRV,2023-11-24,2023-12-21,2023-12-09,54.5,ms,high,"Digitized from Garmin HRV Status 4-week graph; marker=green; approximate 7-day HRV status value, not raw nightly exact value."
IMG_6432.PNG,HRV,2023-11-24,2023-12-21,2023-12-10,53.5,ms,high,"Digitized from Garmin HRV Status 4-week graph; marker=green; approximate 7-day HRV status value, not raw nightly exact value."
IMG_6432.PNG,HRV,2023-11-24,2023-12-21,2023-12-11,52.5,ms,high,"Digitized from Garmin HRV Status 4-week graph; marker=green; approximate 7-day HRV status value, not raw nightly exact value."
IMG_6432.PNG,HRV,2023-11-24,2023-12-21,2023-12-12,51.4,ms,high,"Digitized from Garmin HRV Status 4-week graph; marker=green; approximate 7-day HRV status value, not raw nightly exact value."
IMG_6432.PNG,HRV,2023-11-24,2023-12-21,2023-12-13,50.5,ms,high,"Digitized from Garmin HRV Status 4-week graph; marker=orange; approximate 7-day HRV status value, not raw nightly exact value."
IMG_6432.PNG,HRV,2023-11-24,2023-12-21,2023-12-14,49.4,ms,high,"Digitized from Garmin HRV Status 4-week graph; marker=orange; approximate 7-day HRV status value, not raw nightly exact value."
IMG_6432.PNG,HRV,2023-11-24,2023-12-21,2023-12-15,48.4,ms,high,"Digitized from Garmin HRV Status 4-week graph; marker=orange; approximate 7-day HRV status value, not raw nightly exact value."
IMG_6432.PNG,HRV,2023-11-24,2023-12-21,2023-12-16,48.4,ms,high,"Digitized from Garmin HRV Status 4-week graph; marker=red; approximate 7-day HRV status value, not raw nightly exact value."
IMG_6432.PNG,HRV,2023-11-24,2023-12-21,2023-12-17,47.4,ms,high,"Digitized from Garmin HRV Status 4-week graph; marker=red; approximate 7-day HRV status value, not raw nightly exact value."
IMG_6432.PNG,HRV,2023-11-24,2023-12-21,2023-12-18,47.4,ms,high,"Digitized from Garmin HRV Status 4-week graph; marker=red; approximate 7-day HRV status value, not raw nightly exact value."
IMG_6432.PNG,HRV,2023-11-24,2023-12-21,2023-12-19,48.4,ms,high,"Digitized from Garmin HRV Status 4-week graph; marker=orange; approximate 7-day HRV status value, not raw nightly exact value."
IMG_6432.PNG,HRV,2023-11-24,2023-12-21,2023-12-20,48.4,ms,high,"Digitized from Garmin HRV Status 4-week graph; marker=red; approximate 7-day HRV status value, not raw nightly exact value."
IMG_6432.PNG,HRV,2023-11-24,2023-12-21,2023-12-21,48.4,ms,high,"Digitized from Garmin HRV Status 4-week graph; marker=orange; approximate 7-day HRV status value, not raw nightly exact value."
IMG_6433.PNG,HRV,2023-10-27,2023-11-23,2023-10-27,57.0,ms,high,"Digitized from Garmin HRV Status 4-week graph; marker=green; approximate 7-day HRV status value, not raw nightly exact value."
IMG_6433.PNG,HRV,2023-10-27,2023-11-23,2023-10-28,55.1,ms,high,"Digitized from Garmin HRV Status 4-week graph; marker=green; approximate 7-day HRV status value, not raw nightly exact value."
IMG_6433.PNG,HRV,2023-10-27,2023-11-23,2023-10-29,54.0,ms,high,"Digitized from Garmin HRV Status 4-week graph; marker=green; approximate 7-day HRV status value, not raw nightly exact value."
IMG_6433.PNG,HRV,2023-10-27,2023-11-23,2023-10-30,54.0,ms,high,"Digitized from Garmin HRV Status 4-week graph; marker=green; approximate 7-day HRV status value, not raw nightly exact value."
IMG_6433.PNG,HRV,2023-10-27,2023-11-23,2023-10-31,54.0,ms,high,"Digitized from Garmin HRV Status 4-week graph; marker=green; approximate 7-day HRV status value, not raw nightly exact value."
IMG_6433.PNG,HRV,2023-10-27,2023-11-23,2023-11-01,54.0,ms,high,"Digitized from Garmin HRV Status 4-week graph; marker=green; approximate 7-day HRV status value, not raw nightly exact value."
IMG_6433.PNG,HRV,2023-10-27,2023-11-23,2023-11-02,53.0,ms,high,"Digitized from Garmin HRV Status 4-week graph; marker=green; approximate 7-day HRV status value, not raw nightly exact value."
IMG_6433.PNG,HRV,2023-10-27,2023-11-23,2023-11-03,52.1,ms,high,"Digitized from Garmin HRV Status 4-week graph; marker=green; approximate 7-day HRV status value, not raw nightly exact value."
IMG_6433.PNG,HRV,2023-10-27,2023-11-23,2023-11-04,52.1,ms,high,"Digitized from Garmin HRV Status 4-week graph; marker=green; approximate 7-day HRV status value, not raw nightly exact value."
IMG_6433.PNG,HRV,2023-10-27,2023-11-23,2023-11-05,51.1,ms,high,"Digitized from Garmin HRV Status 4-week graph; marker=green; approximate 7-day HRV status value, not raw nightly exact value."
IMG_6433.PNG,HRV,2023-10-27,2023-11-23,2023-11-06,51.1,ms,high,"Digitized from Garmin HRV Status 4-week graph; marker=green; approximate 7-day HRV status value, not raw nightly exact value."
IMG_6433.PNG,HRV,2023-10-27,2023-11-23,2023-11-07,51.1,ms,high,"Digitized from Garmin HRV Status 4-week graph; marker=green; approximate 7-day HRV status value, not raw nightly exact value."
IMG_6433.PNG,HRV,2023-10-27,2023-11-23,2023-11-08,51.1,ms,high,"Digitized from Garmin HRV Status 4-week graph; marker=orange; approximate 7-day HRV status value, not raw nightly exact value."
IMG_6433.PNG,HRV,2023-10-27,2023-11-23,2023-11-09,51.1,ms,high,"Digitized from Garmin HRV Status 4-week graph; marker=orange; approximate 7-day HRV status value, not raw nightly exact value."
IMG_6433.PNG,HRV,2023-10-27,2023-11-23,2023-11-10,51.1,ms,high,"Digitized from Garmin HRV Status 4-week graph; marker=orange; approximate 7-day HRV status value, not raw nightly exact value."
IMG_6433.PNG,HRV,2023-10-27,2023-11-23,2023-11-11,51.1,ms,high,"Digitized from Garmin HRV Status 4-week graph; marker=orange; approximate 7-day HRV status value, not raw nightly exact value."
IMG_6433.PNG,HRV,2023-10-27,2023-11-23,2023-11-12,51.1,ms,high,"Digitized from Garmin HRV Status 4-week graph; marker=green; approximate 7-day HRV status value, not raw nightly exact value."
IMG_6433.PNG,HRV,2023-10-27,2023-11-23,2023-11-13,52.1,ms,high,"Digitized from Garmin HRV Status 4-week graph; marker=green; approximate 7-day HRV status value, not raw nightly exact value."
IMG_6433.PNG,HRV,2023-10-27,2023-11-23,2023-11-14,52.1,ms,high,"Digitized from Garmin HRV Status 4-week graph; marker=green; approximate 7-day HRV status value, not raw nightly exact value."
IMG_6433.PNG,HRV,2023-10-27,2023-11-23,2023-11-15,52.1,ms,high,"Digitized from Garmin HRV Status 4-week graph; marker=green; approximate 7-day HRV status value, not raw nightly exact value."
IMG_6433.PNG,HRV,2023-10-27,2023-11-23,2023-11-16,51.1,ms,high,"Digitized from Garmin HRV Status 4-week graph; marker=green; approximate 7-day HRV status value, not raw nightly exact value."
IMG_6433.PNG,HRV,2023-10-27,2023-11-23,2023-11-17,51.1,ms,high,"Digitized from Garmin HRV Status 4-week graph; marker=orange; approximate 7-day HRV status value, not raw nightly exact value."
IMG_6433.PNG,HRV,2023-10-27,2023-11-23,2023-11-18,50.0,ms,high,"Digitized from Garmin HRV Status 4-week graph; marker=orange; approximate 7-day HRV status value, not raw nightly exact value."
IMG_6433.PNG,HRV,2023-10-27,2023-11-23,2023-11-19,49.0,ms,high,"Digitized from Garmin HRV Status 4-week graph; marker=red; approximate 7-day HRV status value, not raw nightly exact value."
IMG_6433.PNG,HRV,2023-10-27,2023-11-23,2023-11-20,48.1,ms,high,"Digitized from Garmin HRV Status 4-week graph; marker=red; approximate 7-day HRV status value, not raw nightly exact value."
IMG_6433.PNG,HRV,2023-10-27,2023-11-23,2023-11-21,49.0,ms,high,"Digitized from Garmin HRV Status 4-week graph; marker=red; approximate 7-day HRV status value, not raw nightly exact value."
IMG_6433.PNG,HRV,2023-10-27,2023-11-23,2023-11-22,50.0,ms,high,"Digitized from Garmin HRV Status 4-week graph; marker=orange; approximate 7-day HRV status value, not raw nightly exact value."
IMG_6433.PNG,HRV,2023-10-27,2023-11-23,2023-11-23,51.1,ms,high,"Digitized from Garmin HRV Status 4-week graph; marker=orange; approximate 7-day HRV status value, not raw nightly exact value."
IMG_6434.PNG,HRV,2023-09-29,2023-10-26,2023-09-29,58.0,ms,high,"Digitized from Garmin HRV Status 4-week graph; marker=green; approximate 7-day HRV status value, not raw nightly exact value."
IMG_6434.PNG,HRV,2023-09-29,2023-10-26,2023-09-30,57.0,ms,high,"Digitized from Garmin HRV Status 4-week graph; marker=green; approximate 7-day HRV status value, not raw nightly exact value."
IMG_6434.PNG,HRV,2023-09-29,2023-10-26,2023-10-01,56.0,ms,high,"Digitized from Garmin HRV Status 4-week graph; marker=green; approximate 7-day HRV status value, not raw nightly exact value."
IMG_6434.PNG,HRV,2023-09-29,2023-10-26,2023-10-02,56.0,ms,high,"Digitized from Garmin HRV Status 4-week graph; marker=green; approximate 7-day HRV status value, not raw nightly exact value."
IMG_6434.PNG,HRV,2023-09-29,2023-10-26,2023-10-03,56.0,ms,high,"Digitized from Garmin HRV Status 4-week graph; marker=green; approximate 7-day HRV status value, not raw nightly exact value."
IMG_6434.PNG,HRV,2023-09-29,2023-10-26,2023-10-04,55.0,ms,high,"Digitized from Garmin HRV Status 4-week graph; marker=green; approximate 7-day HRV status value, not raw nightly exact value."
IMG_6434.PNG,HRV,2023-09-29,2023-10-26,2023-10-05,54.0,ms,high,"Digitized from Garmin HRV Status 4-week graph; marker=green; approximate 7-day HRV status value, not raw nightly exact value."
IMG_6434.PNG,HRV,2023-09-29,2023-10-26,2023-10-06,54.0,ms,high,"Digitized from Garmin HRV Status 4-week graph; marker=green; approximate 7-day HRV status value, not raw nightly exact value."
IMG_6434.PNG,HRV,2023-09-29,2023-10-26,2023-10-07,55.0,ms,high,"Digitized from Garmin HRV Status 4-week graph; marker=green; approximate 7-day HRV status value, not raw nightly exact value."
IMG_6434.PNG,HRV,2023-09-29,2023-10-26,2023-10-08,55.0,ms,high,"Digitized from Garmin HRV Status 4-week graph; marker=green; approximate 7-day HRV status value, not raw nightly exact value."
IMG_6434.PNG,HRV,2023-09-29,2023-10-26,2023-10-09,54.0,ms,high,"Digitized from Garmin HRV Status 4-week graph; marker=green; approximate 7-day HRV status value, not raw nightly exact value."
IMG_6434.PNG,HRV,2023-09-29,2023-10-26,2023-10-10,55.0,ms,high,"Digitized from Garmin HRV Status 4-week graph; marker=green; approximate 7-day HRV status value, not raw nightly exact value."
IMG_6434.PNG,HRV,2023-09-29,2023-10-26,2023-10-11,55.0,ms,high,"Digitized from Garmin HRV Status 4-week graph; marker=green; approximate 7-day HRV status value, not raw nightly exact value."
IMG_6434.PNG,HRV,2023-09-29,2023-10-26,2023-10-12,55.0,ms,high,"Digitized from Garmin HRV Status 4-week graph; marker=green; approximate 7-day HRV status value, not raw nightly exact value."
IMG_6434.PNG,HRV,2023-09-29,2023-10-26,2023-10-13,54.0,ms,high,"Digitized from Garmin HRV Status 4-week graph; marker=green; approximate 7-day HRV status value, not raw nightly exact value."
IMG_6434.PNG,HRV,2023-09-29,2023-10-26,2023-10-14,54.0,ms,high,"Digitized from Garmin HRV Status 4-week graph; marker=green; approximate 7-day HRV status value, not raw nightly exact value."
IMG_6434.PNG,HRV,2023-09-29,2023-10-26,2023-10-15,53.0,ms,high,"Digitized from Garmin HRV Status 4-week graph; marker=green; approximate 7-day HRV status value, not raw nightly exact value."
IMG_6434.PNG,HRV,2023-09-29,2023-10-26,2023-10-16,53.0,ms,high,"Digitized from Garmin HRV Status 4-week graph; marker=green; approximate 7-day HRV status value, not raw nightly exact value."
IMG_6434.PNG,HRV,2023-09-29,2023-10-26,2023-10-17,53.0,ms,high,"Digitized from Garmin HRV Status 4-week graph; marker=green; approximate 7-day HRV status value, not raw nightly exact value."
IMG_6434.PNG,HRV,2023-09-29,2023-10-26,2023-10-18,54.0,ms,high,"Digitized from Garmin HRV Status 4-week graph; marker=green; approximate 7-day HRV status value, not raw nightly exact value."
IMG_6434.PNG,HRV,2023-09-29,2023-10-26,2023-10-19,55.0,ms,high,"Digitized from Garmin HRV Status 4-week graph; marker=green; approximate 7-day HRV status value, not raw nightly exact value."
IMG_6434.PNG,HRV,2023-09-29,2023-10-26,2023-10-20,54.0,ms,high,"Digitized from Garmin HRV Status 4-week graph; marker=green; approximate 7-day HRV status value, not raw nightly exact value."
IMG_6434.PNG,HRV,2023-09-29,2023-10-26,2023-10-21,56.0,ms,high,"Digitized from Garmin HRV Status 4-week graph; marker=green; approximate 7-day HRV status value, not raw nightly exact value."
IMG_6434.PNG,HRV,2023-09-29,2023-10-26,2023-10-22,57.0,ms,high,"Digitized from Garmin HRV Status 4-week graph; marker=green; approximate 7-day HRV status value, not raw nightly exact value."
IMG_6434.PNG,HRV,2023-09-29,2023-10-26,2023-10-23,57.0,ms,high,"Digitized from Garmin HRV Status 4-week graph; marker=green; approximate 7-day HRV status value, not raw nightly exact value."
IMG_6434.PNG,HRV,2023-09-29,2023-10-26,2023-10-24,55.0,ms,high,"Digitized from Garmin HRV Status 4-week graph; marker=green; approximate 7-day HRV status value, not raw nightly exact value."
IMG_6434.PNG,HRV,2023-09-29,2023-10-26,2023-10-25,55.0,ms,high,"Digitized from Garmin HRV Status 4-week graph; marker=green; approximate 7-day HRV status value, not raw nightly exact value."
IMG_6434.PNG,HRV,2023-09-29,2023-10-26,2023-10-26,55.0,ms,high,"Digitized from Garmin HRV Status 4-week graph; marker=green; approximate 7-day HRV status value, not raw nightly exact value."
IMG_6435.PNG,HRV,2023-09-01,2023-09-28,2023-09-01,56.8,ms,high,"Digitized from Garmin HRV Status 4-week graph; marker=green; approximate 7-day HRV status value, not raw nightly exact value."
IMG_6435.PNG,HRV,2023-09-01,2023-09-28,2023-09-02,54.7,ms,high,"Digitized from Garmin HRV Status 4-week graph; marker=green; approximate 7-day HRV status value, not raw nightly exact value."
IMG_6435.PNG,HRV,2023-09-01,2023-09-28,2023-09-03,53.7,ms,high,"Digitized from Garmin HRV Status 4-week graph; marker=green; approximate 7-day HRV status value, not raw nightly exact value."
IMG_6435.PNG,HRV,2023-09-01,2023-09-28,2023-09-04,53.7,ms,high,"Digitized from Garmin HRV Status 4-week graph; marker=green; approximate 7-day HRV status value, not raw nightly exact value."
IMG_6435.PNG,HRV,2023-09-01,2023-09-28,2023-09-05,53.7,ms,high,"Digitized from Garmin HRV Status 4-week graph; marker=green; approximate 7-day HRV status value, not raw nightly exact value."
IMG_6435.PNG,HRV,2023-09-01,2023-09-28,2023-09-06,51.6,ms,high,"Digitized from Garmin HRV Status 4-week graph; marker=green; approximate 7-day HRV status value, not raw nightly exact value."
IMG_6435.PNG,HRV,2023-09-01,2023-09-28,2023-09-07,51.6,ms,high,"Digitized from Garmin HRV Status 4-week graph; marker=green; approximate 7-day HRV status value, not raw nightly exact value."
IMG_6435.PNG,HRV,2023-09-01,2023-09-28,2023-09-08,51.6,ms,high,"Digitized from Garmin HRV Status 4-week graph; marker=green; approximate 7-day HRV status value, not raw nightly exact value."
IMG_6435.PNG,HRV,2023-09-01,2023-09-28,2023-09-09,52.6,ms,high,"Digitized from Garmin HRV Status 4-week graph; marker=green; approximate 7-day HRV status value, not raw nightly exact value."
IMG_6435.PNG,HRV,2023-09-01,2023-09-28,2023-09-10,53.7,ms,high,"Digitized from Garmin HRV Status 4-week graph; marker=green; approximate 7-day HRV status value, not raw nightly exact value."
IMG_6435.PNG,HRV,2023-09-01,2023-09-28,2023-09-11,53.7,ms,high,"Digitized from Garmin HRV Status 4-week graph; marker=green; approximate 7-day HRV status value, not raw nightly exact value."
IMG_6435.PNG,HRV,2023-09-01,2023-09-28,2023-09-12,52.6,ms,high,"Digitized from Garmin HRV Status 4-week graph; marker=green; approximate 7-day HRV status value, not raw nightly exact value."
IMG_6435.PNG,HRV,2023-09-01,2023-09-28,2023-09-13,52.6,ms,high,"Digitized from Garmin HRV Status 4-week graph; marker=green; approximate 7-day HRV status value, not raw nightly exact value."
IMG_6435.PNG,HRV,2023-09-01,2023-09-28,2023-09-14,51.6,ms,high,"Digitized from Garmin HRV Status 4-week graph; marker=green; approximate 7-day HRV status value, not raw nightly exact value."
IMG_6435.PNG,HRV,2023-09-01,2023-09-28,2023-09-15,51.6,ms,high,"Digitized from Garmin HRV Status 4-week graph; marker=green; approximate 7-day HRV status value, not raw nightly exact value."
IMG_6435.PNG,HRV,2023-09-01,2023-09-28,2023-09-16,52.6,ms,high,"Digitized from Garmin HRV Status 4-week graph; marker=green; approximate 7-day HRV status value, not raw nightly exact value."
IMG_6435.PNG,HRV,2023-09-01,2023-09-28,2023-09-17,51.6,ms,high,"Digitized from Garmin HRV Status 4-week graph; marker=green; approximate 7-day HRV status value, not raw nightly exact value."
IMG_6435.PNG,HRV,2023-09-01,2023-09-28,2023-09-18,51.6,ms,high,"Digitized from Garmin HRV Status 4-week graph; marker=green; approximate 7-day HRV status value, not raw nightly exact value."
IMG_6435.PNG,HRV,2023-09-01,2023-09-28,2023-09-19,50.6,ms,high,"Digitized from Garmin HRV Status 4-week graph; marker=green; approximate 7-day HRV status value, not raw nightly exact value."
IMG_6435.PNG,HRV,2023-09-01,2023-09-28,2023-09-20,49.6,ms,high,"Digitized from Garmin HRV Status 4-week graph; marker=green; approximate 7-day HRV status value, not raw nightly exact value."
IMG_6435.PNG,HRV,2023-09-01,2023-09-28,2023-09-21,50.6,ms,high,"Digitized from Garmin HRV Status 4-week graph; marker=green; approximate 7-day HRV status value, not raw nightly exact value."
IMG_6435.PNG,HRV,2023-09-01,2023-09-28,2023-09-22,49.6,ms,high,"Digitized from Garmin HRV Status 4-week graph; marker=orange; approximate 7-day HRV status value, not raw nightly exact value."
IMG_6435.PNG,HRV,2023-09-01,2023-09-28,2023-09-23,48.5,ms,high,"Digitized from Garmin HRV Status 4-week graph; marker=orange; approximate 7-day HRV status value, not raw nightly exact value."
IMG_6435.PNG,HRV,2023-09-01,2023-09-28,2023-09-24,50.6,ms,high,"Digitized from Garmin HRV Status 4-week graph; marker=green; approximate 7-day HRV status value, not raw nightly exact value."
IMG_6435.PNG,HRV,2023-09-01,2023-09-28,2023-09-25,52.6,ms,high,"Digitized from Garmin HRV Status 4-week graph; marker=green; approximate 7-day HRV status value, not raw nightly exact value."
IMG_6435.PNG,HRV,2023-09-01,2023-09-28,2023-09-26,53.7,ms,high,"Digitized from Garmin HRV Status 4-week graph; marker=green; approximate 7-day HRV status value, not raw nightly exact value."
IMG_6435.PNG,HRV,2023-09-01,2023-09-28,2023-09-27,54.7,ms,high,"Digitized from Garmin HRV Status 4-week graph; marker=green; approximate 7-day HRV status value, not raw nightly exact value."
IMG_6435.PNG,HRV,2023-09-01,2023-09-28,2023-09-28,55.7,ms,high,"Digitized from Garmin HRV Status 4-week graph; marker=green; approximate 7-day HRV status value, not raw nightly exact value."
IMG_6436.PNG,HRV,2023-08-04,2023-08-31,2023-08-04,55.7,ms,high,"Digitized from Garmin HRV Status 4-week graph; marker=green; approximate 7-day HRV status value, not raw nightly exact value."
IMG_6436.PNG,HRV,2023-08-04,2023-08-31,2023-08-05,55.7,ms,high,"Digitized from Garmin HRV Status 4-week graph; marker=green; approximate 7-day HRV status value, not raw nightly exact value."
IMG_6436.PNG,HRV,2023-08-04,2023-08-31,2023-08-06,54.7,ms,high,"Digitized from Garmin HRV Status 4-week graph; marker=green; approximate 7-day HRV status value, not raw nightly exact value."
IMG_6436.PNG,HRV,2023-08-04,2023-08-31,2023-08-07,54.7,ms,high,"Digitized from Garmin HRV Status 4-week graph; marker=green; approximate 7-day HRV status value, not raw nightly exact value."
IMG_6436.PNG,HRV,2023-08-04,2023-08-31,2023-08-08,53.7,ms,high,"Digitized from Garmin HRV Status 4-week graph; marker=green; approximate 7-day HRV status value, not raw nightly exact value."
IMG_6436.PNG,HRV,2023-08-04,2023-08-31,2023-08-09,52.7,ms,high,"Digitized from Garmin HRV Status 4-week graph; marker=green; approximate 7-day HRV status value, not raw nightly exact value."
IMG_6436.PNG,HRV,2023-08-04,2023-08-31,2023-08-10,50.6,ms,high,"Digitized from Garmin HRV Status 4-week graph; marker=green; approximate 7-day HRV status value, not raw nightly exact value."
IMG_6436.PNG,HRV,2023-08-04,2023-08-31,2023-08-11,50.6,ms,high,"Digitized from Garmin HRV Status 4-week graph; marker=green; approximate 7-day HRV status value, not raw nightly exact value."
IMG_6436.PNG,HRV,2023-08-04,2023-08-31,2023-08-13,48.7,ms,high,"Digitized from Garmin HRV Status 4-week graph; marker=green; approximate 7-day HRV status value, not raw nightly exact value."
IMG_6436.PNG,HRV,2023-08-04,2023-08-31,2023-08-14,48.7,ms,high,"Digitized from Garmin HRV Status 4-week graph; marker=green; approximate 7-day HRV status value, not raw nightly exact value."
IMG_6436.PNG,HRV,2023-08-04,2023-08-31,2023-08-15,47.7,ms,high,"Digitized from Garmin HRV Status 4-week graph; marker=orange; approximate 7-day HRV status value, not raw nightly exact value."
IMG_6436.PNG,HRV,2023-08-04,2023-08-31,2023-08-16,47.7,ms,high,"Digitized from Garmin HRV Status 4-week graph; marker=orange; approximate 7-day HRV status value, not raw nightly exact value."
IMG_6436.PNG,HRV,2023-08-04,2023-08-31,2023-08-17,47.7,ms,high,"Digitized from Garmin HRV Status 4-week graph; marker=orange; approximate 7-day HRV status value, not raw nightly exact value."
IMG_6436.PNG,HRV,2023-08-04,2023-08-31,2023-08-18,47.7,ms,high,"Digitized from Garmin HRV Status 4-week graph; marker=orange; approximate 7-day HRV status value, not raw nightly exact value."
IMG_6436.PNG,HRV,2023-08-04,2023-08-31,2023-08-19,48.7,ms,high,"Digitized from Garmin HRV Status 4-week graph; marker=green; approximate 7-day HRV status value, not raw nightly exact value."
IMG_6436.PNG,HRV,2023-08-04,2023-08-31,2023-08-20,50.6,ms,high,"Digitized from Garmin HRV Status 4-week graph; marker=green; approximate 7-day HRV status value, not raw nightly exact value."
IMG_6436.PNG,HRV,2023-08-04,2023-08-31,2023-08-21,50.6,ms,high,"Digitized from Garmin HRV Status 4-week graph; marker=green; approximate 7-day HRV status value, not raw nightly exact value."
IMG_6436.PNG,HRV,2023-08-04,2023-08-31,2023-08-22,51.7,ms,high,"Digitized from Garmin HRV Status 4-week graph; marker=green; approximate 7-day HRV status value, not raw nightly exact value."
IMG_6436.PNG,HRV,2023-08-04,2023-08-31,2023-08-23,51.7,ms,high,"Digitized from Garmin HRV Status 4-week graph; marker=green; approximate 7-day HRV status value, not raw nightly exact value."
IMG_6436.PNG,HRV,2023-08-04,2023-08-31,2023-08-24,52.7,ms,high,"Digitized from Garmin HRV Status 4-week graph; marker=green; approximate 7-day HRV status value, not raw nightly exact value."
IMG_6436.PNG,HRV,2023-08-04,2023-08-31,2023-08-25,53.7,ms,high,"Digitized from Garmin HRV Status 4-week graph; marker=green; approximate 7-day HRV status value, not raw nightly exact value."
IMG_6436.PNG,HRV,2023-08-04,2023-08-31,2023-08-26,53.7,ms,high,"Digitized from Garmin HRV Status 4-week graph; marker=green; approximate 7-day HRV status value, not raw nightly exact value."
IMG_6436.PNG,HRV,2023-08-04,2023-08-31,2023-08-27,53.7,ms,high,"Digitized from Garmin HRV Status 4-week graph; marker=green; approximate 7-day HRV status value, not raw nightly exact value."
IMG_6436.PNG,HRV,2023-08-04,2023-08-31,2023-08-28,54.7,ms,high,"Digitized from Garmin HRV Status 4-week graph; marker=green; approximate 7-day HRV status value, not raw nightly exact value."
IMG_6436.PNG,HRV,2023-08-04,2023-08-31,2023-08-29,56.7,ms,high,"Digitized from Garmin HRV Status 4-week graph; marker=green; approximate 7-day HRV status value, not raw nightly exact value."
IMG_6436.PNG,HRV,2023-08-04,2023-08-31,2023-08-30,56.7,ms,high,"Digitized from Garmin HRV Status 4-week graph; marker=green; approximate 7-day HRV status value, not raw nightly exact value."
IMG_6436.PNG,HRV,2023-08-04,2023-08-31,2023-08-31,57.7,ms,high,"Digitized from Garmin HRV Status 4-week graph; marker=green; approximate 7-day HRV status value, not raw nightly exact value."
IMG_6437.PNG,HRV,2023-07-07,2023-08-03,2023-07-07,49.0,ms,high,"Digitized from Garmin HRV Status 4-week graph; marker=green; approximate 7-day HRV status value, not raw nightly exact value."
IMG_6437.PNG,HRV,2023-07-07,2023-08-03,2023-07-08,48.0,ms,high,"Digitized from Garmin HRV Status 4-week graph; marker=green; approximate 7-day HRV status value, not raw nightly exact value."
IMG_6437.PNG,HRV,2023-07-07,2023-08-03,2023-07-09,48.0,ms,high,"Digitized from Garmin HRV Status 4-week graph; marker=green; approximate 7-day HRV status value, not raw nightly exact value."
IMG_6437.PNG,HRV,2023-07-07,2023-08-03,2023-07-10,48.0,ms,high,"Digitized from Garmin HRV Status 4-week graph; marker=green; approximate 7-day HRV status value, not raw nightly exact value."
IMG_6437.PNG,HRV,2023-07-07,2023-08-03,2023-07-11,49.0,ms,high,"Digitized from Garmin HRV Status 4-week graph; marker=green; approximate 7-day HRV status value, not raw nightly exact value."
IMG_6437.PNG,HRV,2023-07-07,2023-08-03,2023-07-12,49.0,ms,high,"Digitized from Garmin HRV Status 4-week graph; marker=green; approximate 7-day HRV status value, not raw nightly exact value."
IMG_6437.PNG,HRV,2023-07-07,2023-08-03,2023-07-13,50.0,ms,high,"Digitized from Garmin HRV Status 4-week graph; marker=green; approximate 7-day HRV status value, not raw nightly exact value."
IMG_6437.PNG,HRV,2023-07-07,2023-08-03,2023-07-14,51.0,ms,high,"Digitized from Garmin HRV Status 4-week graph; marker=green; approximate 7-day HRV status value, not raw nightly exact value."
IMG_6437.PNG,HRV,2023-07-07,2023-08-03,2023-07-15,52.0,ms,high,"Digitized from Garmin HRV Status 4-week graph; marker=green; approximate 7-day HRV status value, not raw nightly exact value."
IMG_6437.PNG,HRV,2023-07-07,2023-08-03,2023-07-16,52.0,ms,high,"Digitized from Garmin HRV Status 4-week graph; marker=green; approximate 7-day HRV status value, not raw nightly exact value."
IMG_6437.PNG,HRV,2023-07-07,2023-08-03,2023-07-17,53.0,ms,high,"Digitized from Garmin HRV Status 4-week graph; marker=green; approximate 7-day HRV status value, not raw nightly exact value."
IMG_6437.PNG,HRV,2023-07-07,2023-08-03,2023-07-18,54.0,ms,high,"Digitized from Garmin HRV Status 4-week graph; marker=green; approximate 7-day HRV status value, not raw nightly exact value."
IMG_6437.PNG,HRV,2023-07-07,2023-08-03,2023-07-19,55.0,ms,high,"Digitized from Garmin HRV Status 4-week graph; marker=orange; approximate 7-day HRV status value, not raw nightly exact value."
IMG_6437.PNG,HRV,2023-07-07,2023-08-03,2023-07-20,55.0,ms,high,"Digitized from Garmin HRV Status 4-week graph; marker=orange; approximate 7-day HRV status value, not raw nightly exact value."
IMG_6437.PNG,HRV,2023-07-07,2023-08-03,2023-07-21,55.0,ms,high,"Digitized from Garmin HRV Status 4-week graph; marker=orange; approximate 7-day HRV status value, not raw nightly exact value."
IMG_6437.PNG,HRV,2023-07-07,2023-08-03,2023-07-22,53.0,ms,high,"Digitized from Garmin HRV Status 4-week graph; marker=green; approximate 7-day HRV status value, not raw nightly exact value."
IMG_6437.PNG,HRV,2023-07-07,2023-08-03,2023-07-23,53.0,ms,high,"Digitized from Garmin HRV Status 4-week graph; marker=green; approximate 7-day HRV status value, not raw nightly exact value."
IMG_6437.PNG,HRV,2023-07-07,2023-08-03,2023-07-24,52.0,ms,high,"Digitized from Garmin HRV Status 4-week graph; marker=green; approximate 7-day HRV status value, not raw nightly exact value."
IMG_6437.PNG,HRV,2023-07-07,2023-08-03,2023-07-25,52.0,ms,high,"Digitized from Garmin HRV Status 4-week graph; marker=green; approximate 7-day HRV status value, not raw nightly exact value."
IMG_6437.PNG,HRV,2023-07-07,2023-08-03,2023-07-26,52.0,ms,high,"Digitized from Garmin HRV Status 4-week graph; marker=green; approximate 7-day HRV status value, not raw nightly exact value."
IMG_6437.PNG,HRV,2023-07-07,2023-08-03,2023-07-27,51.0,ms,high,"Digitized from Garmin HRV Status 4-week graph; marker=green; approximate 7-day HRV status value, not raw nightly exact value."
IMG_6437.PNG,HRV,2023-07-07,2023-08-03,2023-07-28,51.0,ms,high,"Digitized from Garmin HRV Status 4-week graph; marker=green; approximate 7-day HRV status value, not raw nightly exact value."
IMG_6437.PNG,HRV,2023-07-07,2023-08-03,2023-07-29,53.0,ms,high,"Digitized from Garmin HRV Status 4-week graph; marker=green; approximate 7-day HRV status value, not raw nightly exact value."
IMG_6437.PNG,HRV,2023-07-07,2023-08-03,2023-07-30,55.0,ms,high,"Digitized from Garmin HRV Status 4-week graph; marker=green; approximate 7-day HRV status value, not raw nightly exact value."
IMG_6437.PNG,HRV,2023-07-07,2023-08-03,2023-07-31,56.0,ms,high,"Digitized from Garmin HRV Status 4-week graph; marker=orange; approximate 7-day HRV status value, not raw nightly exact value."
IMG_6437.PNG,HRV,2023-07-07,2023-08-03,2023-08-01,56.0,ms,high,"Digitized from Garmin HRV Status 4-week graph; marker=orange; approximate 7-day HRV status value, not raw nightly exact value."
IMG_6437.PNG,HRV,2023-07-07,2023-08-03,2023-08-02,56.0,ms,high,"Digitized from Garmin HRV Status 4-week graph; marker=orange; approximate 7-day HRV status value, not raw nightly exact value."
IMG_6437.PNG,HRV,2023-07-07,2023-08-03,2023-08-03,57.0,ms,high,"Digitized from Garmin HRV Status 4-week graph; marker=orange; approximate 7-day HRV status value, not raw nightly exact value."
IMG_6438.PNG,HRV,2023-06-09,2023-07-06,2023-06-09,46.6,ms,high,"Digitized from Garmin HRV Status 4-week graph; marker=orange; approximate 7-day HRV status value, not raw nightly exact value."
IMG_6438.PNG,HRV,2023-06-09,2023-07-06,2023-06-10,46.6,ms,high,"Digitized from Garmin HRV Status 4-week graph; marker=orange; approximate 7-day HRV status value, not raw nightly exact value."
IMG_6438.PNG,HRV,2023-06-09,2023-07-06,2023-06-11,47.6,ms,high,"Digitized from Garmin HRV Status 4-week graph; marker=green; approximate 7-day HRV status value, not raw nightly exact value."
IMG_6438.PNG,HRV,2023-06-09,2023-07-06,2023-06-12,47.6,ms,high,"Digitized from Garmin HRV Status 4-week graph; marker=green; approximate 7-day HRV status value, not raw nightly exact value."
IMG_6438.PNG,HRV,2023-06-09,2023-07-06,2023-06-13,47.6,ms,high,"Digitized from Garmin HRV Status 4-week graph; marker=green; approximate 7-day HRV status value, not raw nightly exact value."
IMG_6438.PNG,HRV,2023-06-09,2023-07-06,2023-06-14,48.6,ms,high,"Digitized from Garmin HRV Status 4-week graph; marker=green; approximate 7-day HRV status value, not raw nightly exact value."
IMG_6438.PNG,HRV,2023-06-09,2023-07-06,2023-06-15,49.6,ms,high,"Digitized from Garmin HRV Status 4-week graph; marker=green; approximate 7-day HRV status value, not raw nightly exact value."
IMG_6438.PNG,HRV,2023-06-09,2023-07-06,2023-06-16,49.6,ms,high,"Digitized from Garmin HRV Status 4-week graph; marker=green; approximate 7-day HRV status value, not raw nightly exact value."
IMG_6438.PNG,HRV,2023-06-09,2023-07-06,2023-06-18,50.6,ms,high,"Digitized from Garmin HRV Status 4-week graph; marker=green; approximate 7-day HRV status value, not raw nightly exact value."
IMG_6438.PNG,HRV,2023-06-09,2023-07-06,2023-06-19,50.6,ms,high,"Digitized from Garmin HRV Status 4-week graph; marker=green; approximate 7-day HRV status value, not raw nightly exact value."
IMG_6438.PNG,HRV,2023-06-09,2023-07-06,2023-06-20,50.6,ms,high,"Digitized from Garmin HRV Status 4-week graph; marker=green; approximate 7-day HRV status value, not raw nightly exact value."
IMG_6438.PNG,HRV,2023-06-09,2023-07-06,2023-06-21,49.6,ms,high,"Digitized from Garmin HRV Status 4-week graph; marker=green; approximate 7-day HRV status value, not raw nightly exact value."
IMG_6438.PNG,HRV,2023-06-09,2023-07-06,2023-06-22,49.6,ms,high,"Digitized from Garmin HRV Status 4-week graph; marker=green; approximate 7-day HRV status value, not raw nightly exact value."
IMG_6438.PNG,HRV,2023-06-09,2023-07-06,2023-06-23,50.6,ms,high,"Digitized from Garmin HRV Status 4-week graph; marker=green; approximate 7-day HRV status value, not raw nightly exact value."
IMG_6438.PNG,HRV,2023-06-09,2023-07-06,2023-06-24,50.6,ms,high,"Digitized from Garmin HRV Status 4-week graph; marker=green; approximate 7-day HRV status value, not raw nightly exact value."
IMG_6438.PNG,HRV,2023-06-09,2023-07-06,2023-06-25,51.7,ms,high,"Digitized from Garmin HRV Status 4-week graph; marker=green; approximate 7-day HRV status value, not raw nightly exact value."
IMG_6438.PNG,HRV,2023-06-09,2023-07-06,2023-06-26,52.7,ms,high,"Digitized from Garmin HRV Status 4-week graph; marker=green; approximate 7-day HRV status value, not raw nightly exact value."
IMG_6438.PNG,HRV,2023-06-09,2023-07-06,2023-06-27,52.7,ms,high,"Digitized from Garmin HRV Status 4-week graph; marker=green; approximate 7-day HRV status value, not raw nightly exact value."
IMG_6438.PNG,HRV,2023-06-09,2023-07-06,2023-06-28,53.7,ms,high,"Digitized from Garmin HRV Status 4-week graph; marker=orange; approximate 7-day HRV status value, not raw nightly exact value."
IMG_6438.PNG,HRV,2023-06-09,2023-07-06,2023-06-29,52.7,ms,high,"Digitized from Garmin HRV Status 4-week graph; marker=green; approximate 7-day HRV status value, not raw nightly exact value."
IMG_6438.PNG,HRV,2023-06-09,2023-07-06,2023-06-30,51.7,ms,high,"Digitized from Garmin HRV Status 4-week graph; marker=green; approximate 7-day HRV status value, not raw nightly exact value."
IMG_6438.PNG,HRV,2023-06-09,2023-07-06,2023-07-01,51.7,ms,high,"Digitized from Garmin HRV Status 4-week graph; marker=green; approximate 7-day HRV status value, not raw nightly exact value."
IMG_6438.PNG,HRV,2023-06-09,2023-07-06,2023-07-02,50.6,ms,high,"Digitized from Garmin HRV Status 4-week graph; marker=green; approximate 7-day HRV status value, not raw nightly exact value."
IMG_6438.PNG,HRV,2023-06-09,2023-07-06,2023-07-03,49.6,ms,high,"Digitized from Garmin HRV Status 4-week graph; marker=green; approximate 7-day HRV status value, not raw nightly exact value."
IMG_6438.PNG,HRV,2023-06-09,2023-07-06,2023-07-04,48.6,ms,high,"Digitized from Garmin HRV Status 4-week graph; marker=green; approximate 7-day HRV status value, not raw nightly exact value."
IMG_6438.PNG,HRV,2023-06-09,2023-07-06,2023-07-05,47.6,ms,high,"Digitized from Garmin HRV Status 4-week graph; marker=green; approximate 7-day HRV status value, not raw nightly exact value."
IMG_6438.PNG,HRV,2023-06-09,2023-07-06,2023-07-06,47.6,ms,high,"Digitized from Garmin HRV Status 4-week graph; marker=green; approximate 7-day HRV status value, not raw nightly exact value."
IMG_6439.PNG,HRV,2023-05-12,2023-06-08,2023-05-12,52.5,ms,high,"Digitized from Garmin HRV Status 4-week graph; marker=green; approximate 7-day HRV status value, not raw nightly exact value."
IMG_6439.PNG,HRV,2023-05-12,2023-06-08,2023-05-13,52.5,ms,high,"Digitized from Garmin HRV Status 4-week graph; marker=green; approximate 7-day HRV status value, not raw nightly exact value."
IMG_6439.PNG,HRV,2023-05-12,2023-06-08,2023-05-14,50.5,ms,high,"Digitized from Garmin HRV Status 4-week graph; marker=green; approximate 7-day HRV status value, not raw nightly exact value."
IMG_6439.PNG,HRV,2023-05-12,2023-06-08,2023-05-15,50.5,ms,high,"Digitized from Garmin HRV Status 4-week graph; marker=green; approximate 7-day HRV status value, not raw nightly exact value."
IMG_6439.PNG,HRV,2023-05-12,2023-06-08,2023-05-16,48.6,ms,high,"Digitized from Garmin HRV Status 4-week graph; marker=green; approximate 7-day HRV status value, not raw nightly exact value."
IMG_6439.PNG,HRV,2023-05-12,2023-06-08,2023-05-17,48.6,ms,high,"Digitized from Garmin HRV Status 4-week graph; marker=green; approximate 7-day HRV status value, not raw nightly exact value."
IMG_6439.PNG,HRV,2023-05-12,2023-06-08,2023-05-18,46.6,ms,high,"Digitized from Garmin HRV Status 4-week graph; marker=orange; approximate 7-day HRV status value, not raw nightly exact value."
IMG_6439.PNG,HRV,2023-05-12,2023-06-08,2023-05-19,47.6,ms,high,"Digitized from Garmin HRV Status 4-week graph; marker=orange; approximate 7-day HRV status value, not raw nightly exact value."
IMG_6439.PNG,HRV,2023-05-12,2023-06-08,2023-05-21,46.6,ms,high,"Digitized from Garmin HRV Status 4-week graph; marker=orange; approximate 7-day HRV status value, not raw nightly exact value."
IMG_6439.PNG,HRV,2023-05-12,2023-06-08,2023-05-22,47.6,ms,high,"Digitized from Garmin HRV Status 4-week graph; marker=green; approximate 7-day HRV status value, not raw nightly exact value."
IMG_6439.PNG,HRV,2023-05-12,2023-06-08,2023-05-23,47.6,ms,high,"Digitized from Garmin HRV Status 4-week graph; marker=green; approximate 7-day HRV status value, not raw nightly exact value."
IMG_6439.PNG,HRV,2023-05-12,2023-06-08,2023-05-24,48.6,ms,high,"Digitized from Garmin HRV Status 4-week graph; marker=green; approximate 7-day HRV status value, not raw nightly exact value."
IMG_6439.PNG,HRV,2023-05-12,2023-06-08,2023-05-25,48.6,ms,high,"Digitized from Garmin HRV Status 4-week graph; marker=green; approximate 7-day HRV status value, not raw nightly exact value."
IMG_6439.PNG,HRV,2023-05-12,2023-06-08,2023-05-26,48.6,ms,high,"Digitized from Garmin HRV Status 4-week graph; marker=green; approximate 7-day HRV status value, not raw nightly exact value."
IMG_6439.PNG,HRV,2023-05-12,2023-06-08,2023-05-27,47.6,ms,high,"Digitized from Garmin HRV Status 4-week graph; marker=green; approximate 7-day HRV status value, not raw nightly exact value."
IMG_6439.PNG,HRV,2023-05-12,2023-06-08,2023-05-28,48.6,ms,high,"Digitized from Garmin HRV Status 4-week graph; marker=green; approximate 7-day HRV status value, not raw nightly exact value."
IMG_6439.PNG,HRV,2023-05-12,2023-06-08,2023-05-29,48.6,ms,high,"Digitized from Garmin HRV Status 4-week graph; marker=green; approximate 7-day HRV status value, not raw nightly exact value."
IMG_6439.PNG,HRV,2023-05-12,2023-06-08,2023-05-30,48.6,ms,high,"Digitized from Garmin HRV Status 4-week graph; marker=green; approximate 7-day HRV status value, not raw nightly exact value."
IMG_6439.PNG,HRV,2023-05-12,2023-06-08,2023-05-31,49.5,ms,high,"Digitized from Garmin HRV Status 4-week graph; marker=green; approximate 7-day HRV status value, not raw nightly exact value."
IMG_6439.PNG,HRV,2023-05-12,2023-06-08,2023-06-01,48.6,ms,high,"Digitized from Garmin HRV Status 4-week graph; marker=green; approximate 7-day HRV status value, not raw nightly exact value."
IMG_6439.PNG,HRV,2023-05-12,2023-06-08,2023-06-02,48.6,ms,high,"Digitized from Garmin HRV Status 4-week graph; marker=green; approximate 7-day HRV status value, not raw nightly exact value."
IMG_6439.PNG,HRV,2023-05-12,2023-06-08,2023-06-03,48.6,ms,high,"Digitized from Garmin HRV Status 4-week graph; marker=green; approximate 7-day HRV status value, not raw nightly exact value."
IMG_6439.PNG,HRV,2023-05-12,2023-06-08,2023-06-04,47.6,ms,high,"Digitized from Garmin HRV Status 4-week graph; marker=green; approximate 7-day HRV status value, not raw nightly exact value."
IMG_6439.PNG,HRV,2023-05-12,2023-06-08,2023-06-05,46.6,ms,high,"Digitized from Garmin HRV Status 4-week graph; marker=green; approximate 7-day HRV status value, not raw nightly exact value."
IMG_6439.PNG,HRV,2023-05-12,2023-06-08,2023-06-06,46.6,ms,high,"Digitized from Garmin HRV Status 4-week graph; marker=orange; approximate 7-day HRV status value, not raw nightly exact value."
IMG_6439.PNG,HRV,2023-05-12,2023-06-08,2023-06-07,46.6,ms,high,"Digitized from Garmin HRV Status 4-week graph; marker=orange; approximate 7-day HRV status value, not raw nightly exact value."
IMG_6439.PNG,HRV,2023-05-12,2023-06-08,2023-06-08,45.6,ms,high,"Digitized from Garmin HRV Status 4-week graph; marker=orange; approximate 7-day HRV status value, not raw nightly exact value."
IMG_6440.PNG,HRV,2023-04-14,2023-05-11,2023-04-14,47.4,ms,high,"Digitized from Garmin HRV Status 4-week graph; marker=green; approximate 7-day HRV status value, not raw nightly exact value."
IMG_6440.PNG,HRV,2023-04-14,2023-05-11,2023-04-15,47.4,ms,high,"Digitized from Garmin HRV Status 4-week graph; marker=green; approximate 7-day HRV status value, not raw nightly exact value."
IMG_6440.PNG,HRV,2023-04-14,2023-05-11,2023-04-16,47.4,ms,high,"Digitized from Garmin HRV Status 4-week graph; marker=orange; approximate 7-day HRV status value, not raw nightly exact value."
IMG_6440.PNG,HRV,2023-04-14,2023-05-11,2023-04-17,47.4,ms,high,"Digitized from Garmin HRV Status 4-week graph; marker=orange; approximate 7-day HRV status value, not raw nightly exact value."
IMG_6440.PNG,HRV,2023-04-14,2023-05-11,2023-04-18,47.4,ms,high,"Digitized from Garmin HRV Status 4-week graph; marker=orange; approximate 7-day HRV status value, not raw nightly exact value."
IMG_6440.PNG,HRV,2023-04-14,2023-05-11,2023-04-19,47.4,ms,high,"Digitized from Garmin HRV Status 4-week graph; marker=green; approximate 7-day HRV status value, not raw nightly exact value."
IMG_6440.PNG,HRV,2023-04-14,2023-05-11,2023-04-20,47.4,ms,high,"Digitized from Garmin HRV Status 4-week graph; marker=green; approximate 7-day HRV status value, not raw nightly exact value."
IMG_6440.PNG,HRV,2023-04-14,2023-05-11,2023-04-21,47.4,ms,high,"Digitized from Garmin HRV Status 4-week graph; marker=orange; approximate 7-day HRV status value, not raw nightly exact value."
IMG_6440.PNG,HRV,2023-04-14,2023-05-11,2023-04-23,47.4,ms,high,"Digitized from Garmin HRV Status 4-week graph; marker=orange; approximate 7-day HRV status value, not raw nightly exact value."
IMG_6440.PNG,HRV,2023-04-14,2023-05-11,2023-04-24,47.4,ms,high,"Digitized from Garmin HRV Status 4-week graph; marker=green; approximate 7-day HRV status value, not raw nightly exact value."
IMG_6440.PNG,HRV,2023-04-14,2023-05-11,2023-04-25,47.4,ms,high,"Digitized from Garmin HRV Status 4-week graph; marker=green; approximate 7-day HRV status value, not raw nightly exact value."
IMG_6440.PNG,HRV,2023-04-14,2023-05-11,2023-04-26,47.4,ms,high,"Digitized from Garmin HRV Status 4-week graph; marker=orange; approximate 7-day HRV status value, not raw nightly exact value."
IMG_6440.PNG,HRV,2023-04-14,2023-05-11,2023-04-27,47.4,ms,high,"Digitized from Garmin HRV Status 4-week graph; marker=green; approximate 7-day HRV status value, not raw nightly exact value."
IMG_6440.PNG,HRV,2023-04-14,2023-05-11,2023-04-28,46.3,ms,high,"Digitized from Garmin HRV Status 4-week graph; marker=orange; approximate 7-day HRV status value, not raw nightly exact value."
IMG_6440.PNG,HRV,2023-04-14,2023-05-11,2023-04-29,46.3,ms,high,"Digitized from Garmin HRV Status 4-week graph; marker=orange; approximate 7-day HRV status value, not raw nightly exact value."
IMG_6440.PNG,HRV,2023-04-14,2023-05-11,2023-04-30,46.3,ms,high,"Digitized from Garmin HRV Status 4-week graph; marker=orange; approximate 7-day HRV status value, not raw nightly exact value."
IMG_6440.PNG,HRV,2023-04-14,2023-05-11,2023-05-01,47.4,ms,high,"Digitized from Garmin HRV Status 4-week graph; marker=orange; approximate 7-day HRV status value, not raw nightly exact value."
IMG_6440.PNG,HRV,2023-04-14,2023-05-11,2023-05-02,46.3,ms,high,"Digitized from Garmin HRV Status 4-week graph; marker=orange; approximate 7-day HRV status value, not raw nightly exact value."
IMG_6440.PNG,HRV,2023-04-14,2023-05-11,2023-05-03,46.3,ms,high,"Digitized from Garmin HRV Status 4-week graph; marker=orange; approximate 7-day HRV status value, not raw nightly exact value."
IMG_6440.PNG,HRV,2023-04-14,2023-05-11,2023-05-04,47.4,ms,high,"Digitized from Garmin HRV Status 4-week graph; marker=orange; approximate 7-day HRV status value, not raw nightly exact value."
IMG_6440.PNG,HRV,2023-04-14,2023-05-11,2023-05-05,47.4,ms,high,"Digitized from Garmin HRV Status 4-week graph; marker=green; approximate 7-day HRV status value, not raw nightly exact value."
IMG_6440.PNG,HRV,2023-04-14,2023-05-11,2023-05-06,47.4,ms,high,"Digitized from Garmin HRV Status 4-week graph; marker=green; approximate 7-day HRV status value, not raw nightly exact value."
IMG_6440.PNG,HRV,2023-04-14,2023-05-11,2023-05-07,47.4,ms,high,"Digitized from Garmin HRV Status 4-week graph; marker=green; approximate 7-day HRV status value, not raw nightly exact value."
IMG_6440.PNG,HRV,2023-04-14,2023-05-11,2023-05-08,47.4,ms,high,"Digitized from Garmin HRV Status 4-week graph; marker=green; approximate 7-day HRV status value, not raw nightly exact value."
IMG_6440.PNG,HRV,2023-04-14,2023-05-11,2023-05-09,47.4,ms,high,"Digitized from Garmin HRV Status 4-week graph; marker=green; approximate 7-day HRV status value, not raw nightly exact value."
IMG_6440.PNG,HRV,2023-04-14,2023-05-11,2023-05-10,49.4,ms,high,"Digitized from Garmin HRV Status 4-week graph; marker=green; approximate 7-day HRV status value, not raw nightly exact value."
IMG_6440.PNG,HRV,2023-04-14,2023-05-11,2023-05-11,49.4,ms,high,"Digitized from Garmin HRV Status 4-week graph; marker=green; approximate 7-day HRV status value, not raw nightly exact value."
IMG_6441.PNG,HRV,2023-03-17,2023-04-13,2023-03-17,48.7,ms,high,"Digitized from Garmin HRV Status 4-week graph; marker=green; approximate 7-day HRV status value, not raw nightly exact value."
IMG_6441.PNG,HRV,2023-03-17,2023-04-13,2023-03-18,50.7,ms,high,"Digitized from Garmin HRV Status 4-week graph; marker=green; approximate 7-day HRV status value, not raw nightly exact value."
IMG_6441.PNG,HRV,2023-03-17,2023-04-13,2023-03-19,51.7,ms,high,"Digitized from Garmin HRV Status 4-week graph; marker=green; approximate 7-day HRV status value, not raw nightly exact value."
IMG_6441.PNG,HRV,2023-03-17,2023-04-13,2023-03-20,51.7,ms,high,"Digitized from Garmin HRV Status 4-week graph; marker=green; approximate 7-day HRV status value, not raw nightly exact value."
IMG_6441.PNG,HRV,2023-03-17,2023-04-13,2023-03-21,51.7,ms,high,"Digitized from Garmin HRV Status 4-week graph; marker=green; approximate 7-day HRV status value, not raw nightly exact value."
IMG_6441.PNG,HRV,2023-03-17,2023-04-13,2023-03-22,50.7,ms,high,"Digitized from Garmin HRV Status 4-week graph; marker=green; approximate 7-day HRV status value, not raw nightly exact value."
IMG_6441.PNG,HRV,2023-03-17,2023-04-13,2023-03-23,50.7,ms,high,"Digitized from Garmin HRV Status 4-week graph; marker=green; approximate 7-day HRV status value, not raw nightly exact value."
IMG_6441.PNG,HRV,2023-03-17,2023-04-13,2023-03-24,50.7,ms,high,"Digitized from Garmin HRV Status 4-week graph; marker=green; approximate 7-day HRV status value, not raw nightly exact value."
IMG_6441.PNG,HRV,2023-03-17,2023-04-13,2023-03-25,49.7,ms,high,"Digitized from Garmin HRV Status 4-week graph; marker=green; approximate 7-day HRV status value, not raw nightly exact value."
IMG_6441.PNG,HRV,2023-03-17,2023-04-13,2023-03-26,49.7,ms,high,"Digitized from Garmin HRV Status 4-week graph; marker=green; approximate 7-day HRV status value, not raw nightly exact value."
IMG_6441.PNG,HRV,2023-03-17,2023-04-13,2023-03-27,48.7,ms,high,"Digitized from Garmin HRV Status 4-week graph; marker=green; approximate 7-day HRV status value, not raw nightly exact value."
IMG_6441.PNG,HRV,2023-03-17,2023-04-13,2023-03-28,48.7,ms,high,"Digitized from Garmin HRV Status 4-week graph; marker=green; approximate 7-day HRV status value, not raw nightly exact value."
IMG_6441.PNG,HRV,2023-03-17,2023-04-13,2023-03-29,48.7,ms,high,"Digitized from Garmin HRV Status 4-week graph; marker=green; approximate 7-day HRV status value, not raw nightly exact value."
IMG_6441.PNG,HRV,2023-03-17,2023-04-13,2023-03-30,47.7,ms,high,"Digitized from Garmin HRV Status 4-week graph; marker=green; approximate 7-day HRV status value, not raw nightly exact value."
IMG_6441.PNG,HRV,2023-03-17,2023-04-13,2023-03-31,47.7,ms,high,"Digitized from Garmin HRV Status 4-week graph; marker=green; approximate 7-day HRV status value, not raw nightly exact value."
IMG_6441.PNG,HRV,2023-03-17,2023-04-13,2023-04-01,48.7,ms,high,"Digitized from Garmin HRV Status 4-week graph; marker=green; approximate 7-day HRV status value, not raw nightly exact value."
IMG_6441.PNG,HRV,2023-03-17,2023-04-13,2023-04-02,47.7,ms,high,"Digitized from Garmin HRV Status 4-week graph; marker=green; approximate 7-day HRV status value, not raw nightly exact value."
IMG_6441.PNG,HRV,2023-03-17,2023-04-13,2023-04-03,46.7,ms,high,"Digitized from Garmin HRV Status 4-week graph; marker=green; approximate 7-day HRV status value, not raw nightly exact value."
IMG_6441.PNG,HRV,2023-03-17,2023-04-13,2023-04-04,47.7,ms,high,"Digitized from Garmin HRV Status 4-week graph; marker=green; approximate 7-day HRV status value, not raw nightly exact value."
IMG_6441.PNG,HRV,2023-03-17,2023-04-13,2023-04-05,46.7,ms,high,"Digitized from Garmin HRV Status 4-week graph; marker=green; approximate 7-day HRV status value, not raw nightly exact value."
IMG_6441.PNG,HRV,2023-03-17,2023-04-13,2023-04-06,48.7,ms,high,"Digitized from Garmin HRV Status 4-week graph; marker=green; approximate 7-day HRV status value, not raw nightly exact value."
IMG_6441.PNG,HRV,2023-03-17,2023-04-13,2023-04-07,48.7,ms,high,"Digitized from Garmin HRV Status 4-week graph; marker=green; approximate 7-day HRV status value, not raw nightly exact value."
IMG_6441.PNG,HRV,2023-03-17,2023-04-13,2023-04-08,47.7,ms,high,"Digitized from Garmin HRV Status 4-week graph; marker=green; approximate 7-day HRV status value, not raw nightly exact value."
IMG_6441.PNG,HRV,2023-03-17,2023-04-13,2023-04-09,48.7,ms,high,"Digitized from Garmin HRV Status 4-week graph; marker=green; approximate 7-day HRV status value, not raw nightly exact value."
IMG_6441.PNG,HRV,2023-03-17,2023-04-13,2023-04-10,49.7,ms,high,"Digitized from Garmin HRV Status 4-week graph; marker=green; approximate 7-day HRV status value, not raw nightly exact value."
IMG_6441.PNG,HRV,2023-03-17,2023-04-13,2023-04-11,49.7,ms,high,"Digitized from Garmin HRV Status 4-week graph; marker=green; approximate 7-day HRV status value, not raw nightly exact value."
IMG_6441.PNG,HRV,2023-03-17,2023-04-13,2023-04-12,49.7,ms,high,"Digitized from Garmin HRV Status 4-week graph; marker=green; approximate 7-day HRV status value, not raw nightly exact value."
IMG_6441.PNG,HRV,2023-03-17,2023-04-13,2023-04-13,47.7,ms,high,"Digitized from Garmin HRV Status 4-week graph; marker=green; approximate 7-day HRV status value, not raw nightly exact value."
IMG_6442.PNG,HRV,2023-02-17,2023-03-16,2023-02-17,50.9,ms,high,"Digitized from Garmin HRV Status 4-week graph; marker=green; approximate 7-day HRV status value, not raw nightly exact value."
IMG_6442.PNG,HRV,2023-02-17,2023-03-16,2023-02-18,50.9,ms,high,"Digitized from Garmin HRV Status 4-week graph; marker=green; approximate 7-day HRV status value, not raw nightly exact value."
IMG_6442.PNG,HRV,2023-02-17,2023-03-16,2023-02-19,53.8,ms,high,"Digitized from Garmin HRV Status 4-week graph; marker=green; approximate 7-day HRV status value, not raw nightly exact value."
IMG_6442.PNG,HRV,2023-02-17,2023-03-16,2023-02-20,53.8,ms,high,"Digitized from Garmin HRV Status 4-week graph; marker=green; approximate 7-day HRV status value, not raw nightly exact value."
IMG_6442.PNG,HRV,2023-02-17,2023-03-16,2023-02-21,54.8,ms,high,"Digitized from Garmin HRV Status 4-week graph; marker=orange; approximate 7-day HRV status value, not raw nightly exact value."
IMG_6442.PNG,HRV,2023-02-17,2023-03-16,2023-02-22,53.8,ms,high,"Digitized from Garmin HRV Status 4-week graph; marker=green; approximate 7-day HRV status value, not raw nightly exact value."
IMG_6442.PNG,HRV,2023-02-17,2023-03-16,2023-02-23,54.8,ms,high,"Digitized from Garmin HRV Status 4-week graph; marker=orange; approximate 7-day HRV status value, not raw nightly exact value."
IMG_6442.PNG,HRV,2023-02-17,2023-03-16,2023-02-24,54.8,ms,high,"Digitized from Garmin HRV Status 4-week graph; marker=green; approximate 7-day HRV status value, not raw nightly exact value."
IMG_6442.PNG,HRV,2023-02-17,2023-03-16,2023-02-25,54.8,ms,high,"Digitized from Garmin HRV Status 4-week graph; marker=orange; approximate 7-day HRV status value, not raw nightly exact value."
IMG_6442.PNG,HRV,2023-02-17,2023-03-16,2023-02-26,53.8,ms,high,"Digitized from Garmin HRV Status 4-week graph; marker=green; approximate 7-day HRV status value, not raw nightly exact value."
IMG_6442.PNG,HRV,2023-02-17,2023-03-16,2023-02-27,53.8,ms,high,"Digitized from Garmin HRV Status 4-week graph; marker=green; approximate 7-day HRV status value, not raw nightly exact value."
IMG_6442.PNG,HRV,2023-02-17,2023-03-16,2023-02-28,51.9,ms,high,"Digitized from Garmin HRV Status 4-week graph; marker=green; approximate 7-day HRV status value, not raw nightly exact value."
IMG_6442.PNG,HRV,2023-02-17,2023-03-16,2023-03-01,49.9,ms,high,"Digitized from Garmin HRV Status 4-week graph; marker=green; approximate 7-day HRV status value, not raw nightly exact value."
IMG_6442.PNG,HRV,2023-02-17,2023-03-16,2023-03-02,48.9,ms,high,"Digitized from Garmin HRV Status 4-week graph; marker=green; approximate 7-day HRV status value, not raw nightly exact value."
IMG_6442.PNG,HRV,2023-02-17,2023-03-16,2023-03-03,48.9,ms,high,"Digitized from Garmin HRV Status 4-week graph; marker=green; approximate 7-day HRV status value, not raw nightly exact value."
IMG_6442.PNG,HRV,2023-02-17,2023-03-16,2023-03-04,47.9,ms,high,"Digitized from Garmin HRV Status 4-week graph; marker=green; approximate 7-day HRV status value, not raw nightly exact value."
IMG_6442.PNG,HRV,2023-02-17,2023-03-16,2023-03-05,49.9,ms,high,"Digitized from Garmin HRV Status 4-week graph; marker=green; approximate 7-day HRV status value, not raw nightly exact value."
IMG_6442.PNG,HRV,2023-02-17,2023-03-16,2023-03-06,49.9,ms,high,"Digitized from Garmin HRV Status 4-week graph; marker=green; approximate 7-day HRV status value, not raw nightly exact value."
IMG_6442.PNG,HRV,2023-02-17,2023-03-16,2023-03-07,50.9,ms,high,"Digitized from Garmin HRV Status 4-week graph; marker=green; approximate 7-day HRV status value, not raw nightly exact value."
IMG_6442.PNG,HRV,2023-02-17,2023-03-16,2023-03-08,51.9,ms,high,"Digitized from Garmin HRV Status 4-week graph; marker=green; approximate 7-day HRV status value, not raw nightly exact value."
IMG_6442.PNG,HRV,2023-02-17,2023-03-16,2023-03-09,50.9,ms,high,"Digitized from Garmin HRV Status 4-week graph; marker=green; approximate 7-day HRV status value, not raw nightly exact value."
IMG_6442.PNG,HRV,2023-02-17,2023-03-16,2023-03-10,50.9,ms,high,"Digitized from Garmin HRV Status 4-week graph; marker=green; approximate 7-day HRV status value, not raw nightly exact value."
IMG_6442.PNG,HRV,2023-02-17,2023-03-16,2023-03-11,49.9,ms,high,"Digitized from Garmin HRV Status 4-week graph; marker=green; approximate 7-day HRV status value, not raw nightly exact value."
IMG_6442.PNG,HRV,2023-02-17,2023-03-16,2023-03-12,48.9,ms,high,"Digitized from Garmin HRV Status 4-week graph; marker=green; approximate 7-day HRV status value, not raw nightly exact value."
IMG_6442.PNG,HRV,2023-02-17,2023-03-16,2023-03-13,48.9,ms,high,"Digitized from Garmin HRV Status 4-week graph; marker=green; approximate 7-day HRV status value, not raw nightly exact value."
IMG_6442.PNG,HRV,2023-02-17,2023-03-16,2023-03-14,47.9,ms,high,"Digitized from Garmin HRV Status 4-week graph; marker=green; approximate 7-day HRV status value, not raw nightly exact value."
IMG_6442.PNG,HRV,2023-02-17,2023-03-16,2023-03-15,49.9,ms,high,"Digitized from Garmin HRV Status 4-week graph; marker=green; approximate 7-day HRV status value, not raw nightly exact value."
IMG_6442.PNG,HRV,2023-02-17,2023-03-16,2023-03-16,49.9,ms,high,"Digitized from Garmin HRV Status 4-week graph; marker=green; approximate 7-day HRV status value, not raw nightly exact value."
IMG_6443.PNG,HRV,2023-01-20,2023-02-16,2023-01-20,47.8,ms,high,"Digitized from Garmin HRV Status 4-week graph; marker=green; approximate 7-day HRV status value, not raw nightly exact value."
IMG_6443.PNG,HRV,2023-01-20,2023-02-16,2023-01-21,47.8,ms,high,"Digitized from Garmin HRV Status 4-week graph; marker=green; approximate 7-day HRV status value, not raw nightly exact value."
IMG_6443.PNG,HRV,2023-01-20,2023-02-16,2023-01-22,47.8,ms,high,"Digitized from Garmin HRV Status 4-week graph; marker=green; approximate 7-day HRV status value, not raw nightly exact value."
IMG_6443.PNG,HRV,2023-01-20,2023-02-16,2023-01-23,46.8,ms,high,"Digitized from Garmin HRV Status 4-week graph; marker=green; approximate 7-day HRV status value, not raw nightly exact value."
IMG_6443.PNG,HRV,2023-01-20,2023-02-16,2023-01-24,47.8,ms,high,"Digitized from Garmin HRV Status 4-week graph; marker=green; approximate 7-day HRV status value, not raw nightly exact value."
IMG_6443.PNG,HRV,2023-01-20,2023-02-16,2023-01-25,47.8,ms,high,"Digitized from Garmin HRV Status 4-week graph; marker=green; approximate 7-day HRV status value, not raw nightly exact value."
IMG_6443.PNG,HRV,2023-01-20,2023-02-16,2023-01-26,48.8,ms,high,"Digitized from Garmin HRV Status 4-week graph; marker=green; approximate 7-day HRV status value, not raw nightly exact value."
IMG_6443.PNG,HRV,2023-01-20,2023-02-16,2023-01-27,47.8,ms,high,"Digitized from Garmin HRV Status 4-week graph; marker=green; approximate 7-day HRV status value, not raw nightly exact value."
IMG_6443.PNG,HRV,2023-01-20,2023-02-16,2023-01-28,48.8,ms,high,"Digitized from Garmin HRV Status 4-week graph; marker=green; approximate 7-day HRV status value, not raw nightly exact value."
IMG_6443.PNG,HRV,2023-01-20,2023-02-16,2023-01-29,49.8,ms,high,"Digitized from Garmin HRV Status 4-week graph; marker=green; approximate 7-day HRV status value, not raw nightly exact value."
IMG_6443.PNG,HRV,2023-01-20,2023-02-16,2023-01-30,50.8,ms,high,"Digitized from Garmin HRV Status 4-week graph; marker=green; approximate 7-day HRV status value, not raw nightly exact value."
IMG_6443.PNG,HRV,2023-01-20,2023-02-16,2023-01-31,49.8,ms,high,"Digitized from Garmin HRV Status 4-week graph; marker=green; approximate 7-day HRV status value, not raw nightly exact value."
IMG_6443.PNG,HRV,2023-01-20,2023-02-16,2023-02-01,50.8,ms,high,"Digitized from Garmin HRV Status 4-week graph; marker=green; approximate 7-day HRV status value, not raw nightly exact value."
IMG_6443.PNG,HRV,2023-01-20,2023-02-16,2023-02-02,50.8,ms,high,"Digitized from Garmin HRV Status 4-week graph; marker=green; approximate 7-day HRV status value, not raw nightly exact value."
IMG_6443.PNG,HRV,2023-01-20,2023-02-16,2023-02-03,50.8,ms,high,"Digitized from Garmin HRV Status 4-week graph; marker=green; approximate 7-day HRV status value, not raw nightly exact value."
IMG_6443.PNG,HRV,2023-01-20,2023-02-16,2023-02-04,49.8,ms,high,"Digitized from Garmin HRV Status 4-week graph; marker=green; approximate 7-day HRV status value, not raw nightly exact value."
IMG_6443.PNG,HRV,2023-01-20,2023-02-16,2023-02-05,48.8,ms,high,"Digitized from Garmin HRV Status 4-week graph; marker=green; approximate 7-day HRV status value, not raw nightly exact value."
IMG_6443.PNG,HRV,2023-01-20,2023-02-16,2023-02-06,48.8,ms,high,"Digitized from Garmin HRV Status 4-week graph; marker=green; approximate 7-day HRV status value, not raw nightly exact value."
IMG_6443.PNG,HRV,2023-01-20,2023-02-16,2023-02-07,48.8,ms,high,"Digitized from Garmin HRV Status 4-week graph; marker=green; approximate 7-day HRV status value, not raw nightly exact value."
IMG_6443.PNG,HRV,2023-01-20,2023-02-16,2023-02-08,49.8,ms,high,"Digitized from Garmin HRV Status 4-week graph; marker=green; approximate 7-day HRV status value, not raw nightly exact value."
IMG_6443.PNG,HRV,2023-01-20,2023-02-16,2023-02-09,49.8,ms,high,"Digitized from Garmin HRV Status 4-week graph; marker=green; approximate 7-day HRV status value, not raw nightly exact value."
IMG_6443.PNG,HRV,2023-01-20,2023-02-16,2023-02-10,50.8,ms,high,"Digitized from Garmin HRV Status 4-week graph; marker=green; approximate 7-day HRV status value, not raw nightly exact value."
IMG_6443.PNG,HRV,2023-01-20,2023-02-16,2023-02-11,52.8,ms,high,"Digitized from Garmin HRV Status 4-week graph; marker=green; approximate 7-day HRV status value, not raw nightly exact value."
IMG_6443.PNG,HRV,2023-01-20,2023-02-16,2023-02-12,49.8,ms,high,"Digitized from Garmin HRV Status 4-week graph; marker=green; approximate 7-day HRV status value, not raw nightly exact value."
IMG_6443.PNG,HRV,2023-01-20,2023-02-16,2023-02-13,49.8,ms,high,"Digitized from Garmin HRV Status 4-week graph; marker=green; approximate 7-day HRV status value, not raw nightly exact value."
IMG_6443.PNG,HRV,2023-01-20,2023-02-16,2023-02-14,49.8,ms,high,"Digitized from Garmin HRV Status 4-week graph; marker=green; approximate 7-day HRV status value, not raw nightly exact value."
IMG_6443.PNG,HRV,2023-01-20,2023-02-16,2023-02-15,50.8,ms,high,"Digitized from Garmin HRV Status 4-week graph; marker=green; approximate 7-day HRV status value, not raw nightly exact value."
IMG_6443.PNG,HRV,2023-01-20,2023-02-16,2023-02-16,50.8,ms,high,"Digitized from Garmin HRV Status 4-week graph; marker=green; approximate 7-day HRV status value, not raw nightly exact value."
IMG_6444.PNG,HRV,2022-12-23,2023-01-19,2022-12-23,49.0,ms,high,"Digitized from Garmin HRV Status 4-week graph; marker=green; approximate 7-day HRV status value, not raw nightly exact value."
IMG_6444.PNG,HRV,2022-12-23,2023-01-19,2022-12-24,49.0,ms,high,"Digitized from Garmin HRV Status 4-week graph; marker=green; approximate 7-day HRV status value, not raw nightly exact value."
IMG_6444.PNG,HRV,2022-12-23,2023-01-19,2022-12-25,50.0,ms,high,"Digitized from Garmin HRV Status 4-week graph; marker=green; approximate 7-day HRV status value, not raw nightly exact value."
IMG_6444.PNG,HRV,2022-12-23,2023-01-19,2022-12-26,50.0,ms,high,"Digitized from Garmin HRV Status 4-week graph; marker=green; approximate 7-day HRV status value, not raw nightly exact value."
IMG_6444.PNG,HRV,2022-12-23,2023-01-19,2022-12-27,49.0,ms,high,"Digitized from Garmin HRV Status 4-week graph; marker=green; approximate 7-day HRV status value, not raw nightly exact value."
IMG_6444.PNG,HRV,2022-12-23,2023-01-19,2022-12-28,48.0,ms,high,"Digitized from Garmin HRV Status 4-week graph; marker=green; approximate 7-day HRV status value, not raw nightly exact value."
IMG_6444.PNG,HRV,2022-12-23,2023-01-19,2022-12-29,46.0,ms,high,"Digitized from Garmin HRV Status 4-week graph; marker=green; approximate 7-day HRV status value, not raw nightly exact value."
IMG_6444.PNG,HRV,2022-12-23,2023-01-19,2022-12-30,45.0,ms,high,"Digitized from Garmin HRV Status 4-week graph; marker=orange; approximate 7-day HRV status value, not raw nightly exact value."
IMG_6444.PNG,HRV,2022-12-23,2023-01-19,2022-12-31,45.0,ms,high,"Digitized from Garmin HRV Status 4-week graph; marker=green; approximate 7-day HRV status value, not raw nightly exact value."
IMG_6444.PNG,HRV,2022-12-23,2023-01-19,2023-01-01,44.0,ms,high,"Digitized from Garmin HRV Status 4-week graph; marker=orange; approximate 7-day HRV status value, not raw nightly exact value."
IMG_6444.PNG,HRV,2022-12-23,2023-01-19,2023-01-02,42.0,ms,high,"Digitized from Garmin HRV Status 4-week graph; marker=red; approximate 7-day HRV status value, not raw nightly exact value."
IMG_6444.PNG,HRV,2022-12-23,2023-01-19,2023-01-03,42.0,ms,high,"Digitized from Garmin HRV Status 4-week graph; marker=red; approximate 7-day HRV status value, not raw nightly exact value."
IMG_6444.PNG,HRV,2022-12-23,2023-01-19,2023-01-04,42.0,ms,high,"Digitized from Garmin HRV Status 4-week graph; marker=red; approximate 7-day HRV status value, not raw nightly exact value."
IMG_6444.PNG,HRV,2022-12-23,2023-01-19,2023-01-05,42.0,ms,high,"Digitized from Garmin HRV Status 4-week graph; marker=red; approximate 7-day HRV status value, not raw nightly exact value."
IMG_6444.PNG,HRV,2022-12-23,2023-01-19,2023-01-06,41.0,ms,high,"Digitized from Garmin HRV Status 4-week graph; marker=red; approximate 7-day HRV status value, not raw nightly exact value."
IMG_6444.PNG,HRV,2022-12-23,2023-01-19,2023-01-07,40.0,ms,high,"Digitized from Garmin HRV Status 4-week graph; marker=red; approximate 7-day HRV status value, not raw nightly exact value."
IMG_6444.PNG,HRV,2022-12-23,2023-01-19,2023-01-08,39.0,ms,high,"Digitized from Garmin HRV Status 4-week graph; marker=red; approximate 7-day HRV status value, not raw nightly exact value."
IMG_6444.PNG,HRV,2022-12-23,2023-01-19,2023-01-09,40.0,ms,high,"Digitized from Garmin HRV Status 4-week graph; marker=red; approximate 7-day HRV status value, not raw nightly exact value."
IMG_6444.PNG,HRV,2022-12-23,2023-01-19,2023-01-10,40.0,ms,high,"Digitized from Garmin HRV Status 4-week graph; marker=red; approximate 7-day HRV status value, not raw nightly exact value."
IMG_6444.PNG,HRV,2022-12-23,2023-01-19,2023-01-11,40.0,ms,high,"Digitized from Garmin HRV Status 4-week graph; marker=red; approximate 7-day HRV status value, not raw nightly exact value."
IMG_6444.PNG,HRV,2022-12-23,2023-01-19,2023-01-12,42.0,ms,high,"Digitized from Garmin HRV Status 4-week graph; marker=red; approximate 7-day HRV status value, not raw nightly exact value."
IMG_6444.PNG,HRV,2022-12-23,2023-01-19,2023-01-13,43.0,ms,high,"Digitized from Garmin HRV Status 4-week graph; marker=orange; approximate 7-day HRV status value, not raw nightly exact value."
IMG_6444.PNG,HRV,2022-12-23,2023-01-19,2023-01-14,44.0,ms,high,"Digitized from Garmin HRV Status 4-week graph; marker=green; approximate 7-day HRV status value, not raw nightly exact value."
IMG_6444.PNG,HRV,2022-12-23,2023-01-19,2023-01-15,47.0,ms,high,"Digitized from Garmin HRV Status 4-week graph; marker=green; approximate 7-day HRV status value, not raw nightly exact value."
IMG_6444.PNG,HRV,2022-12-23,2023-01-19,2023-01-16,47.0,ms,high,"Digitized from Garmin HRV Status 4-week graph; marker=green; approximate 7-day HRV status value, not raw nightly exact value."
IMG_6444.PNG,HRV,2022-12-23,2023-01-19,2023-01-17,48.0,ms,high,"Digitized from Garmin HRV Status 4-week graph; marker=green; approximate 7-day HRV status value, not raw nightly exact value."
IMG_6444.PNG,HRV,2022-12-23,2023-01-19,2023-01-18,48.0,ms,high,"Digitized from Garmin HRV Status 4-week graph; marker=green; approximate 7-day HRV status value, not raw nightly exact value."
IMG_6444.PNG,HRV,2022-12-23,2023-01-19,2023-01-19,48.0,ms,high,"Digitized from Garmin HRV Status 4-week graph; marker=green; approximate 7-day HRV status value, not raw nightly exact value."
IMG_6445.PNG,HRV,2022-11-25,2022-12-22,2022-11-25,45.8,ms,high,"Digitized from Garmin HRV Status 4-week graph; marker=orange; approximate 7-day HRV status value, not raw nightly exact value."
IMG_6445.PNG,HRV,2022-11-25,2022-12-22,2022-11-26,45.8,ms,high,"Digitized from Garmin HRV Status 4-week graph; marker=orange; approximate 7-day HRV status value, not raw nightly exact value."
IMG_6445.PNG,HRV,2022-11-25,2022-12-22,2022-11-27,45.8,ms,high,"Digitized from Garmin HRV Status 4-week graph; marker=green; approximate 7-day HRV status value, not raw nightly exact value."
IMG_6445.PNG,HRV,2022-11-25,2022-12-22,2022-11-28,46.8,ms,high,"Digitized from Garmin HRV Status 4-week graph; marker=green; approximate 7-day HRV status value, not raw nightly exact value."
IMG_6445.PNG,HRV,2022-11-25,2022-12-22,2022-11-29,46.8,ms,high,"Digitized from Garmin HRV Status 4-week graph; marker=green; approximate 7-day HRV status value, not raw nightly exact value."
IMG_6445.PNG,HRV,2022-11-25,2022-12-22,2022-11-30,45.8,ms,high,"Digitized from Garmin HRV Status 4-week graph; marker=orange; approximate 7-day HRV status value, not raw nightly exact value."
IMG_6445.PNG,HRV,2022-11-25,2022-12-22,2022-12-01,45.8,ms,high,"Digitized from Garmin HRV Status 4-week graph; marker=green; approximate 7-day HRV status value, not raw nightly exact value."
IMG_6445.PNG,HRV,2022-11-25,2022-12-22,2022-12-02,45.8,ms,high,"Digitized from Garmin HRV Status 4-week graph; marker=orange; approximate 7-day HRV status value, not raw nightly exact value."
IMG_6445.PNG,HRV,2022-11-25,2022-12-22,2022-12-03,46.8,ms,high,"Digitized from Garmin HRV Status 4-week graph; marker=green; approximate 7-day HRV status value, not raw nightly exact value."
IMG_6445.PNG,HRV,2022-11-25,2022-12-22,2022-12-04,46.8,ms,high,"Digitized from Garmin HRV Status 4-week graph; marker=green; approximate 7-day HRV status value, not raw nightly exact value."
IMG_6445.PNG,HRV,2022-11-25,2022-12-22,2022-12-05,45.8,ms,high,"Digitized from Garmin HRV Status 4-week graph; marker=green; approximate 7-day HRV status value, not raw nightly exact value."
IMG_6445.PNG,HRV,2022-11-25,2022-12-22,2022-12-06,44.9,ms,high,"Digitized from Garmin HRV Status 4-week graph; marker=orange; approximate 7-day HRV status value, not raw nightly exact value."
IMG_6445.PNG,HRV,2022-11-25,2022-12-22,2022-12-07,44.9,ms,high,"Digitized from Garmin HRV Status 4-week graph; marker=orange; approximate 7-day HRV status value, not raw nightly exact value."
IMG_6445.PNG,HRV,2022-11-25,2022-12-22,2022-12-08,43.9,ms,high,"Digitized from Garmin HRV Status 4-week graph; marker=red; approximate 7-day HRV status value, not raw nightly exact value."
IMG_6445.PNG,HRV,2022-11-25,2022-12-22,2022-12-09,44.9,ms,high,"Digitized from Garmin HRV Status 4-week graph; marker=orange; approximate 7-day HRV status value, not raw nightly exact value."
IMG_6445.PNG,HRV,2022-11-25,2022-12-22,2022-12-10,43.9,ms,high,"Digitized from Garmin HRV Status 4-week graph; marker=red; approximate 7-day HRV status value, not raw nightly exact value."
IMG_6445.PNG,HRV,2022-11-25,2022-12-22,2022-12-11,42.9,ms,high,"Digitized from Garmin HRV Status 4-week graph; marker=red; approximate 7-day HRV status value, not raw nightly exact value."
IMG_6445.PNG,HRV,2022-11-25,2022-12-22,2022-12-12,42.9,ms,high,"Digitized from Garmin HRV Status 4-week graph; marker=red; approximate 7-day HRV status value, not raw nightly exact value."
IMG_6445.PNG,HRV,2022-11-25,2022-12-22,2022-12-13,43.9,ms,high,"Digitized from Garmin HRV Status 4-week graph; marker=red; approximate 7-day HRV status value, not raw nightly exact value."
IMG_6445.PNG,HRV,2022-11-25,2022-12-22,2022-12-14,43.9,ms,high,"Digitized from Garmin HRV Status 4-week graph; marker=red; approximate 7-day HRV status value, not raw nightly exact value."
IMG_6445.PNG,HRV,2022-11-25,2022-12-22,2022-12-15,42.9,ms,high,"Digitized from Garmin HRV Status 4-week graph; marker=red; approximate 7-day HRV status value, not raw nightly exact value."
IMG_6445.PNG,HRV,2022-11-25,2022-12-22,2022-12-16,42.9,ms,high,"Digitized from Garmin HRV Status 4-week graph; marker=red; approximate 7-day HRV status value, not raw nightly exact value."
IMG_6445.PNG,HRV,2022-11-25,2022-12-22,2022-12-17,42.9,ms,high,"Digitized from Garmin HRV Status 4-week graph; marker=red; approximate 7-day HRV status value, not raw nightly exact value."
IMG_6445.PNG,HRV,2022-11-25,2022-12-22,2022-12-18,43.9,ms,high,"Digitized from Garmin HRV Status 4-week graph; marker=red; approximate 7-day HRV status value, not raw nightly exact value."
IMG_6445.PNG,HRV,2022-11-25,2022-12-22,2022-12-19,44.9,ms,high,"Digitized from Garmin HRV Status 4-week graph; marker=orange; approximate 7-day HRV status value, not raw nightly exact value."
IMG_6445.PNG,HRV,2022-11-25,2022-12-22,2022-12-20,45.8,ms,high,"Digitized from Garmin HRV Status 4-week graph; marker=green; approximate 7-day HRV status value, not raw nightly exact value."
IMG_6445.PNG,HRV,2022-11-25,2022-12-22,2022-12-21,46.8,ms,high,"Digitized from Garmin HRV Status 4-week graph; marker=green; approximate 7-day HRV status value, not raw nightly exact value."
IMG_6445.PNG,HRV,2022-11-25,2022-12-22,2022-12-22,48.8,ms,high,"Digitized from Garmin HRV Status 4-week graph; marker=green; approximate 7-day HRV status value, not raw nightly exact value."
IMG_6446.PNG,HRV,2022-10-28,2022-11-24,2022-10-28,47.8,ms,high,"Digitized from Garmin HRV Status 4-week graph; marker=green; approximate 7-day HRV status value, not raw nightly exact value."
IMG_6446.PNG,HRV,2022-10-28,2022-11-24,2022-10-29,44.8,ms,high,"Digitized from Garmin HRV Status 4-week graph; marker=orange; approximate 7-day HRV status value, not raw nightly exact value."
IMG_6446.PNG,HRV,2022-10-28,2022-11-24,2022-10-30,44.8,ms,high,"Digitized from Garmin HRV Status 4-week graph; marker=orange; approximate 7-day HRV status value, not raw nightly exact value."
IMG_6446.PNG,HRV,2022-10-28,2022-11-24,2022-10-31,45.8,ms,high,"Digitized from Garmin HRV Status 4-week graph; marker=orange; approximate 7-day HRV status value, not raw nightly exact value."
IMG_6446.PNG,HRV,2022-10-28,2022-11-24,2022-11-01,45.8,ms,high,"Digitized from Garmin HRV Status 4-week graph; marker=green; approximate 7-day HRV status value, not raw nightly exact value."
IMG_6446.PNG,HRV,2022-10-28,2022-11-24,2022-11-02,45.8,ms,high,"Digitized from Garmin HRV Status 4-week graph; marker=green; approximate 7-day HRV status value, not raw nightly exact value."
IMG_6446.PNG,HRV,2022-10-28,2022-11-24,2022-11-03,45.8,ms,high,"Digitized from Garmin HRV Status 4-week graph; marker=green; approximate 7-day HRV status value, not raw nightly exact value."
IMG_6446.PNG,HRV,2022-10-28,2022-11-24,2022-11-04,45.8,ms,high,"Digitized from Garmin HRV Status 4-week graph; marker=orange; approximate 7-day HRV status value, not raw nightly exact value."
IMG_6446.PNG,HRV,2022-10-28,2022-11-24,2022-11-05,46.8,ms,high,"Digitized from Garmin HRV Status 4-week graph; marker=green; approximate 7-day HRV status value, not raw nightly exact value."
IMG_6446.PNG,HRV,2022-10-28,2022-11-24,2022-11-06,45.8,ms,high,"Digitized from Garmin HRV Status 4-week graph; marker=green; approximate 7-day HRV status value, not raw nightly exact value."
IMG_6446.PNG,HRV,2022-10-28,2022-11-24,2022-11-07,44.8,ms,high,"Digitized from Garmin HRV Status 4-week graph; marker=orange; approximate 7-day HRV status value, not raw nightly exact value."
IMG_6446.PNG,HRV,2022-10-28,2022-11-24,2022-11-08,44.8,ms,high,"Digitized from Garmin HRV Status 4-week graph; marker=orange; approximate 7-day HRV status value, not raw nightly exact value."
IMG_6446.PNG,HRV,2022-10-28,2022-11-24,2022-11-09,44.8,ms,high,"Digitized from Garmin HRV Status 4-week graph; marker=orange; approximate 7-day HRV status value, not raw nightly exact value."
IMG_6446.PNG,HRV,2022-10-28,2022-11-24,2022-11-10,44.8,ms,high,"Digitized from Garmin HRV Status 4-week graph; marker=orange; approximate 7-day HRV status value, not raw nightly exact value."
IMG_6446.PNG,HRV,2022-10-28,2022-11-24,2022-11-11,45.8,ms,high,"Digitized from Garmin HRV Status 4-week graph; marker=green; approximate 7-day HRV status value, not raw nightly exact value."
IMG_6446.PNG,HRV,2022-10-28,2022-11-24,2022-11-12,46.8,ms,high,"Digitized from Garmin HRV Status 4-week graph; marker=green; approximate 7-day HRV status value, not raw nightly exact value."
IMG_6446.PNG,HRV,2022-10-28,2022-11-24,2022-11-13,46.8,ms,high,"Digitized from Garmin HRV Status 4-week graph; marker=green; approximate 7-day HRV status value, not raw nightly exact value."
IMG_6446.PNG,HRV,2022-10-28,2022-11-24,2022-11-14,48.8,ms,high,"Digitized from Garmin HRV Status 4-week graph; marker=green; approximate 7-day HRV status value, not raw nightly exact value."
IMG_6446.PNG,HRV,2022-10-28,2022-11-24,2022-11-15,47.8,ms,high,"Digitized from Garmin HRV Status 4-week graph; marker=green; approximate 7-day HRV status value, not raw nightly exact value."
IMG_6446.PNG,HRV,2022-10-28,2022-11-24,2022-11-16,47.8,ms,high,"Digitized from Garmin HRV Status 4-week graph; marker=green; approximate 7-day HRV status value, not raw nightly exact value."
IMG_6446.PNG,HRV,2022-10-28,2022-11-24,2022-11-17,47.8,ms,high,"Digitized from Garmin HRV Status 4-week graph; marker=green; approximate 7-day HRV status value, not raw nightly exact value."
IMG_6446.PNG,HRV,2022-10-28,2022-11-24,2022-11-18,46.8,ms,high,"Digitized from Garmin HRV Status 4-week graph; marker=green; approximate 7-day HRV status value, not raw nightly exact value."
IMG_6446.PNG,HRV,2022-10-28,2022-11-24,2022-11-19,45.8,ms,high,"Digitized from Garmin HRV Status 4-week graph; marker=green; approximate 7-day HRV status value, not raw nightly exact value."
IMG_6446.PNG,HRV,2022-10-28,2022-11-24,2022-11-20,45.8,ms,high,"Digitized from Garmin HRV Status 4-week graph; marker=green; approximate 7-day HRV status value, not raw nightly exact value."
IMG_6446.PNG,HRV,2022-10-28,2022-11-24,2022-11-21,44.8,ms,high,"Digitized from Garmin HRV Status 4-week graph; marker=orange; approximate 7-day HRV status value, not raw nightly exact value."
IMG_6446.PNG,HRV,2022-10-28,2022-11-24,2022-11-22,44.8,ms,high,"Digitized from Garmin HRV Status 4-week graph; marker=orange; approximate 7-day HRV status value, not raw nightly exact value."
IMG_6446.PNG,HRV,2022-10-28,2022-11-24,2022-11-23,45.8,ms,high,"Digitized from Garmin HRV Status 4-week graph; marker=orange; approximate 7-day HRV status value, not raw nightly exact value."
IMG_6446.PNG,HRV,2022-10-28,2022-11-24,2022-11-24,44.8,ms,high,"Digitized from Garmin HRV Status 4-week graph; marker=orange; approximate 7-day HRV status value, not raw nightly exact value."
IMG_6447.PNG,HRV,2022-09-30,2022-10-27,2022-09-30,46.8,ms,high,"Digitized from Garmin HRV Status 4-week graph; marker=green; approximate 7-day HRV status value, not raw nightly exact value."
IMG_6447.PNG,HRV,2022-09-30,2022-10-27,2022-10-01,46.8,ms,high,"Digitized from Garmin HRV Status 4-week graph; marker=green; approximate 7-day HRV status value, not raw nightly exact value."
IMG_6447.PNG,HRV,2022-09-30,2022-10-27,2022-10-02,46.8,ms,high,"Digitized from Garmin HRV Status 4-week graph; marker=green; approximate 7-day HRV status value, not raw nightly exact value."
IMG_6447.PNG,HRV,2022-09-30,2022-10-27,2022-10-03,47.8,ms,high,"Digitized from Garmin HRV Status 4-week graph; marker=green; approximate 7-day HRV status value, not raw nightly exact value."
IMG_6447.PNG,HRV,2022-09-30,2022-10-27,2022-10-04,48.8,ms,high,"Digitized from Garmin HRV Status 4-week graph; marker=green; approximate 7-day HRV status value, not raw nightly exact value."
IMG_6447.PNG,HRV,2022-09-30,2022-10-27,2022-10-05,48.8,ms,high,"Digitized from Garmin HRV Status 4-week graph; marker=green; approximate 7-day HRV status value, not raw nightly exact value."
IMG_6447.PNG,HRV,2022-09-30,2022-10-27,2022-10-06,50.8,ms,high,"Digitized from Garmin HRV Status 4-week graph; marker=green; approximate 7-day HRV status value, not raw nightly exact value."
IMG_6447.PNG,HRV,2022-09-30,2022-10-27,2022-10-07,50.8,ms,high,"Digitized from Garmin HRV Status 4-week graph; marker=green; approximate 7-day HRV status value, not raw nightly exact value."
IMG_6447.PNG,HRV,2022-09-30,2022-10-27,2022-10-09,50.8,ms,high,"Digitized from Garmin HRV Status 4-week graph; marker=green; approximate 7-day HRV status value, not raw nightly exact value."
IMG_6447.PNG,HRV,2022-09-30,2022-10-27,2022-10-10,51.8,ms,high,"Digitized from Garmin HRV Status 4-week graph; marker=green; approximate 7-day HRV status value, not raw nightly exact value."
IMG_6447.PNG,HRV,2022-09-30,2022-10-27,2022-10-11,51.8,ms,high,"Digitized from Garmin HRV Status 4-week graph; marker=green; approximate 7-day HRV status value, not raw nightly exact value."
IMG_6447.PNG,HRV,2022-09-30,2022-10-27,2022-10-12,51.8,ms,high,"Digitized from Garmin HRV Status 4-week graph; marker=green; approximate 7-day HRV status value, not raw nightly exact value."
IMG_6447.PNG,HRV,2022-09-30,2022-10-27,2022-10-13,51.8,ms,high,"Digitized from Garmin HRV Status 4-week graph; marker=green; approximate 7-day HRV status value, not raw nightly exact value."
IMG_6447.PNG,HRV,2022-09-30,2022-10-27,2022-10-14,50.8,ms,high,"Digitized from Garmin HRV Status 4-week graph; marker=green; approximate 7-day HRV status value, not raw nightly exact value."
IMG_6447.PNG,HRV,2022-09-30,2022-10-27,2022-10-15,49.8,ms,high,"Digitized from Garmin HRV Status 4-week graph; marker=green; approximate 7-day HRV status value, not raw nightly exact value."
IMG_6447.PNG,HRV,2022-09-30,2022-10-27,2022-10-16,49.8,ms,high,"Digitized from Garmin HRV Status 4-week graph; marker=green; approximate 7-day HRV status value, not raw nightly exact value."
IMG_6447.PNG,HRV,2022-09-30,2022-10-27,2022-10-17,48.8,ms,high,"Digitized from Garmin HRV Status 4-week graph; marker=green; approximate 7-day HRV status value, not raw nightly exact value."
IMG_6447.PNG,HRV,2022-09-30,2022-10-27,2022-10-18,48.8,ms,high,"Digitized from Garmin HRV Status 4-week graph; marker=green; approximate 7-day HRV status value, not raw nightly exact value."
IMG_6447.PNG,HRV,2022-09-30,2022-10-27,2022-10-19,47.8,ms,high,"Digitized from Garmin HRV Status 4-week graph; marker=green; approximate 7-day HRV status value, not raw nightly exact value."
IMG_6447.PNG,HRV,2022-09-30,2022-10-27,2022-10-20,47.8,ms,high,"Digitized from Garmin HRV Status 4-week graph; marker=green; approximate 7-day HRV status value, not raw nightly exact value."
IMG_6447.PNG,HRV,2022-09-30,2022-10-27,2022-10-21,47.8,ms,high,"Digitized from Garmin HRV Status 4-week graph; marker=green; approximate 7-day HRV status value, not raw nightly exact value."
IMG_6447.PNG,HRV,2022-09-30,2022-10-27,2022-10-22,48.8,ms,high,"Digitized from Garmin HRV Status 4-week graph; marker=green; approximate 7-day HRV status value, not raw nightly exact value."
IMG_6447.PNG,HRV,2022-09-30,2022-10-27,2022-10-23,48.8,ms,high,"Digitized from Garmin HRV Status 4-week graph; marker=green; approximate 7-day HRV status value, not raw nightly exact value."
IMG_6447.PNG,HRV,2022-09-30,2022-10-27,2022-10-24,48.8,ms,high,"Digitized from Garmin HRV Status 4-week graph; marker=green; approximate 7-day HRV status value, not raw nightly exact value."
IMG_6447.PNG,HRV,2022-09-30,2022-10-27,2022-10-25,47.8,ms,high,"Digitized from Garmin HRV Status 4-week graph; marker=green; approximate 7-day HRV status value, not raw nightly exact value."
IMG_6447.PNG,HRV,2022-09-30,2022-10-27,2022-10-26,48.8,ms,high,"Digitized from Garmin HRV Status 4-week graph; marker=green; approximate 7-day HRV status value, not raw nightly exact value."
IMG_6447.PNG,HRV,2022-09-30,2022-10-27,2022-10-27,48.8,ms,high,"Digitized from Garmin HRV Status 4-week graph; marker=green; approximate 7-day HRV status value, not raw nightly exact value."
IMG_6448.PNG,HRV,2022-09-02,2022-09-29,2022-09-02,45.7,ms,high,"Digitized from Garmin HRV Status 4-week graph; marker=orange; approximate 7-day HRV status value, not raw nightly exact value."
IMG_6448.PNG,HRV,2022-09-02,2022-09-29,2022-09-03,45.7,ms,high,"Digitized from Garmin HRV Status 4-week graph; marker=green; approximate 7-day HRV status value, not raw nightly exact value."
IMG_6448.PNG,HRV,2022-09-02,2022-09-29,2022-09-04,46.7,ms,high,"Digitized from Garmin HRV Status 4-week graph; marker=green; approximate 7-day HRV status value, not raw nightly exact value."
IMG_6448.PNG,HRV,2022-09-02,2022-09-29,2022-09-05,47.7,ms,high,"Digitized from Garmin HRV Status 4-week graph; marker=green; approximate 7-day HRV status value, not raw nightly exact value."
IMG_6448.PNG,HRV,2022-09-02,2022-09-29,2022-09-06,47.7,ms,high,"Digitized from Garmin HRV Status 4-week graph; marker=green; approximate 7-day HRV status value, not raw nightly exact value."
IMG_6448.PNG,HRV,2022-09-02,2022-09-29,2022-09-07,47.7,ms,high,"Digitized from Garmin HRV Status 4-week graph; marker=green; approximate 7-day HRV status value, not raw nightly exact value."
IMG_6448.PNG,HRV,2022-09-02,2022-09-29,2022-09-08,48.8,ms,high,"Digitized from Garmin HRV Status 4-week graph; marker=green; approximate 7-day HRV status value, not raw nightly exact value."
IMG_6448.PNG,HRV,2022-09-02,2022-09-29,2022-09-09,49.8,ms,high,"Digitized from Garmin HRV Status 4-week graph; marker=green; approximate 7-day HRV status value, not raw nightly exact value."
IMG_6448.PNG,HRV,2022-09-02,2022-09-29,2022-09-11,49.8,ms,high,"Digitized from Garmin HRV Status 4-week graph; marker=green; approximate 7-day HRV status value, not raw nightly exact value."
IMG_6448.PNG,HRV,2022-09-02,2022-09-29,2022-09-12,48.8,ms,high,"Digitized from Garmin HRV Status 4-week graph; marker=green; approximate 7-day HRV status value, not raw nightly exact value."
IMG_6448.PNG,HRV,2022-09-02,2022-09-29,2022-09-13,49.8,ms,high,"Digitized from Garmin HRV Status 4-week graph; marker=green; approximate 7-day HRV status value, not raw nightly exact value."
IMG_6448.PNG,HRV,2022-09-02,2022-09-29,2022-09-14,49.8,ms,high,"Digitized from Garmin HRV Status 4-week graph; marker=green; approximate 7-day HRV status value, not raw nightly exact value."
IMG_6448.PNG,HRV,2022-09-02,2022-09-29,2022-09-15,49.8,ms,high,"Digitized from Garmin HRV Status 4-week graph; marker=green; approximate 7-day HRV status value, not raw nightly exact value."
IMG_6448.PNG,HRV,2022-09-02,2022-09-29,2022-09-16,48.8,ms,high,"Digitized from Garmin HRV Status 4-week graph; marker=green; approximate 7-day HRV status value, not raw nightly exact value."
IMG_6448.PNG,HRV,2022-09-02,2022-09-29,2022-09-17,47.7,ms,high,"Digitized from Garmin HRV Status 4-week graph; marker=green; approximate 7-day HRV status value, not raw nightly exact value."
IMG_6448.PNG,HRV,2022-09-02,2022-09-29,2022-09-18,47.7,ms,high,"Digitized from Garmin HRV Status 4-week graph; marker=green; approximate 7-day HRV status value, not raw nightly exact value."
IMG_6448.PNG,HRV,2022-09-02,2022-09-29,2022-09-19,46.7,ms,high,"Digitized from Garmin HRV Status 4-week graph; marker=green; approximate 7-day HRV status value, not raw nightly exact value."
IMG_6448.PNG,HRV,2022-09-02,2022-09-29,2022-09-20,47.7,ms,high,"Digitized from Garmin HRV Status 4-week graph; marker=green; approximate 7-day HRV status value, not raw nightly exact value."
IMG_6448.PNG,HRV,2022-09-02,2022-09-29,2022-09-21,47.7,ms,high,"Digitized from Garmin HRV Status 4-week graph; marker=green; approximate 7-day HRV status value, not raw nightly exact value."
IMG_6448.PNG,HRV,2022-09-02,2022-09-29,2022-09-22,47.7,ms,high,"Digitized from Garmin HRV Status 4-week graph; marker=green; approximate 7-day HRV status value, not raw nightly exact value."
IMG_6448.PNG,HRV,2022-09-02,2022-09-29,2022-09-23,48.8,ms,high,"Digitized from Garmin HRV Status 4-week graph; marker=green; approximate 7-day HRV status value, not raw nightly exact value."
IMG_6448.PNG,HRV,2022-09-02,2022-09-29,2022-09-24,48.8,ms,high,"Digitized from Garmin HRV Status 4-week graph; marker=green; approximate 7-day HRV status value, not raw nightly exact value."
IMG_6448.PNG,HRV,2022-09-02,2022-09-29,2022-09-25,48.8,ms,high,"Digitized from Garmin HRV Status 4-week graph; marker=green; approximate 7-day HRV status value, not raw nightly exact value."
IMG_6448.PNG,HRV,2022-09-02,2022-09-29,2022-09-26,48.8,ms,high,"Digitized from Garmin HRV Status 4-week graph; marker=green; approximate 7-day HRV status value, not raw nightly exact value."
IMG_6448.PNG,HRV,2022-09-02,2022-09-29,2022-09-27,47.7,ms,high,"Digitized from Garmin HRV Status 4-week graph; marker=green; approximate 7-day HRV status value, not raw nightly exact value."
IMG_6448.PNG,HRV,2022-09-02,2022-09-29,2022-09-28,46.7,ms,high,"Digitized from Garmin HRV Status 4-week graph; marker=green; approximate 7-day HRV status value, not raw nightly exact value."
IMG_6448.PNG,HRV,2022-09-02,2022-09-29,2022-09-29,46.7,ms,high,"Digitized from Garmin HRV Status 4-week graph; marker=green; approximate 7-day HRV status value, not raw nightly exact value."
IMG_6391.PNG,RHR,2025-06-06,2026-06-04,2025-06-13,48.6,bpm,medium,"Digitized from Garmin annual heart-rate graph; blue series is weekly resting-heart-rate average, not a daily exact RHR value."
IMG_6391.PNG,RHR,2025-06-06,2026-06-04,2025-06-20,46.8,bpm,medium,"Digitized from Garmin annual heart-rate graph; blue series is weekly resting-heart-rate average, not a daily exact RHR value."
IMG_6391.PNG,RHR,2025-06-06,2026-06-04,2025-06-27,46.0,bpm,medium,"Digitized from Garmin annual heart-rate graph; blue series is weekly resting-heart-rate average, not a daily exact RHR value."
IMG_6391.PNG,RHR,2025-06-06,2026-06-04,2025-07-04,47.4,bpm,medium,"Digitized from Garmin annual heart-rate graph; blue series is weekly resting-heart-rate average, not a daily exact RHR value."
IMG_6391.PNG,RHR,2025-06-06,2026-06-04,2025-07-11,46.8,bpm,medium,"Digitized from Garmin annual heart-rate graph; blue series is weekly resting-heart-rate average, not a daily exact RHR value."
IMG_6391.PNG,RHR,2025-06-06,2026-06-04,2025-07-18,46.6,bpm,medium,"Digitized from Garmin annual heart-rate graph; blue series is weekly resting-heart-rate average, not a daily exact RHR value."
IMG_6391.PNG,RHR,2025-06-06,2026-06-04,2025-07-25,45.7,bpm,medium,"Digitized from Garmin annual heart-rate graph; blue series is weekly resting-heart-rate average, not a daily exact RHR value."
IMG_6391.PNG,RHR,2025-06-06,2026-06-04,2025-08-01,46.3,bpm,medium,"Digitized from Garmin annual heart-rate graph; blue series is weekly resting-heart-rate average, not a daily exact RHR value."
IMG_6391.PNG,RHR,2025-06-06,2026-06-04,2025-08-08,48.6,bpm,medium,"Digitized from Garmin annual heart-rate graph; blue series is weekly resting-heart-rate average, not a daily exact RHR value."
IMG_6391.PNG,RHR,2025-06-06,2026-06-04,2025-08-15,47.7,bpm,medium,"Digitized from Garmin annual heart-rate graph; blue series is weekly resting-heart-rate average, not a daily exact RHR value."
IMG_6391.PNG,RHR,2025-06-06,2026-06-04,2025-08-22,47.1,bpm,medium,"Digitized from Garmin annual heart-rate graph; blue series is weekly resting-heart-rate average, not a daily exact RHR value."
IMG_6391.PNG,RHR,2025-06-06,2026-06-04,2025-08-29,45.7,bpm,medium,"Digitized from Garmin annual heart-rate graph; blue series is weekly resting-heart-rate average, not a daily exact RHR value."
IMG_6391.PNG,RHR,2025-06-06,2026-06-04,2025-09-05,45.1,bpm,medium,"Digitized from Garmin annual heart-rate graph; blue series is weekly resting-heart-rate average, not a daily exact RHR value."
IMG_6391.PNG,RHR,2025-06-06,2026-06-04,2025-09-12,44.0,bpm,medium,"Digitized from Garmin annual heart-rate graph; blue series is weekly resting-heart-rate average, not a daily exact RHR value."
IMG_6391.PNG,RHR,2025-06-06,2026-06-04,2025-09-19,45.4,bpm,medium,"Digitized from Garmin annual heart-rate graph; blue series is weekly resting-heart-rate average, not a daily exact RHR value."
IMG_6391.PNG,RHR,2025-06-06,2026-06-04,2025-09-26,47.1,bpm,medium,"Digitized from Garmin annual heart-rate graph; blue series is weekly resting-heart-rate average, not a daily exact RHR value."
IMG_6391.PNG,RHR,2025-06-06,2026-06-04,2025-10-03,47.7,bpm,medium,"Digitized from Garmin annual heart-rate graph; blue series is weekly resting-heart-rate average, not a daily exact RHR value."
IMG_6391.PNG,RHR,2025-06-06,2026-06-04,2025-10-10,47.1,bpm,medium,"Digitized from Garmin annual heart-rate graph; blue series is weekly resting-heart-rate average, not a daily exact RHR value."
IMG_6391.PNG,RHR,2025-06-06,2026-06-04,2025-10-17,46.0,bpm,medium,"Digitized from Garmin annual heart-rate graph; blue series is weekly resting-heart-rate average, not a daily exact RHR value."
IMG_6391.PNG,RHR,2025-06-06,2026-06-04,2025-10-24,46.8,bpm,medium,"Digitized from Garmin annual heart-rate graph; blue series is weekly resting-heart-rate average, not a daily exact RHR value."
IMG_6391.PNG,RHR,2025-06-06,2026-06-04,2025-10-31,47.1,bpm,medium,"Digitized from Garmin annual heart-rate graph; blue series is weekly resting-heart-rate average, not a daily exact RHR value."
IMG_6391.PNG,RHR,2025-06-06,2026-06-04,2025-11-07,48.0,bpm,medium,"Digitized from Garmin annual heart-rate graph; blue series is weekly resting-heart-rate average, not a daily exact RHR value."
IMG_6391.PNG,RHR,2025-06-06,2026-06-04,2025-11-14,49.1,bpm,medium,"Digitized from Garmin annual heart-rate graph; blue series is weekly resting-heart-rate average, not a daily exact RHR value."
IMG_6391.PNG,RHR,2025-06-06,2026-06-04,2025-11-21,49.4,bpm,medium,"Digitized from Garmin annual heart-rate graph; blue series is weekly resting-heart-rate average, not a daily exact RHR value."
IMG_6391.PNG,RHR,2025-06-06,2026-06-04,2025-11-28,49.1,bpm,medium,"Digitized from Garmin annual heart-rate graph; blue series is weekly resting-heart-rate average, not a daily exact RHR value."
IMG_6391.PNG,RHR,2025-06-06,2026-06-04,2025-12-05,49.7,bpm,medium,"Digitized from Garmin annual heart-rate graph; blue series is weekly resting-heart-rate average, not a daily exact RHR value."
IMG_6391.PNG,RHR,2025-06-06,2026-06-04,2025-12-12,49.4,bpm,medium,"Digitized from Garmin annual heart-rate graph; blue series is weekly resting-heart-rate average, not a daily exact RHR value."
IMG_6391.PNG,RHR,2025-06-06,2026-06-04,2025-12-19,48.6,bpm,medium,"Digitized from Garmin annual heart-rate graph; blue series is weekly resting-heart-rate average, not a daily exact RHR value."
IMG_6391.PNG,RHR,2025-06-06,2026-06-04,2025-12-26,47.4,bpm,medium,"Digitized from Garmin annual heart-rate graph; blue series is weekly resting-heart-rate average, not a daily exact RHR value."
IMG_6391.PNG,RHR,2025-06-06,2026-06-04,2026-01-02,48.6,bpm,medium,"Digitized from Garmin annual heart-rate graph; blue series is weekly resting-heart-rate average, not a daily exact RHR value."
IMG_6391.PNG,RHR,2025-06-06,2026-06-04,2026-01-09,51.1,bpm,medium,"Digitized from Garmin annual heart-rate graph; blue series is weekly resting-heart-rate average, not a daily exact RHR value."
IMG_6391.PNG,RHR,2025-06-06,2026-06-04,2026-01-16,53.4,bpm,medium,"Digitized from Garmin annual heart-rate graph; blue series is weekly resting-heart-rate average, not a daily exact RHR value."
IMG_6391.PNG,RHR,2025-06-06,2026-06-04,2026-01-23,54.0,bpm,medium,"Digitized from Garmin annual heart-rate graph; blue series is weekly resting-heart-rate average, not a daily exact RHR value."
IMG_6391.PNG,RHR,2025-06-06,2026-06-04,2026-01-30,52.5,bpm,medium,"Digitized from Garmin annual heart-rate graph; blue series is weekly resting-heart-rate average, not a daily exact RHR value."
IMG_6391.PNG,RHR,2025-06-06,2026-06-04,2026-02-06,53.1,bpm,medium,"Digitized from Garmin annual heart-rate graph; blue series is weekly resting-heart-rate average, not a daily exact RHR value."
IMG_6391.PNG,RHR,2025-06-06,2026-06-04,2026-02-13,52.8,bpm,medium,"Digitized from Garmin annual heart-rate graph; blue series is weekly resting-heart-rate average, not a daily exact RHR value."
IMG_6391.PNG,RHR,2025-06-06,2026-06-04,2026-02-20,53.4,bpm,medium,"Digitized from Garmin annual heart-rate graph; blue series is weekly resting-heart-rate average, not a daily exact RHR value."
IMG_6391.PNG,RHR,2025-06-06,2026-06-04,2026-02-27,51.4,bpm,medium,"Digitized from Garmin annual heart-rate graph; blue series is weekly resting-heart-rate average, not a daily exact RHR value."
IMG_6391.PNG,RHR,2025-06-06,2026-06-04,2026-03-06,49.7,bpm,medium,"Digitized from Garmin annual heart-rate graph; blue series is weekly resting-heart-rate average, not a daily exact RHR value."
IMG_6391.PNG,RHR,2025-06-06,2026-06-04,2026-03-13,50.3,bpm,medium,"Digitized from Garmin annual heart-rate graph; blue series is weekly resting-heart-rate average, not a daily exact RHR value."
IMG_6391.PNG,RHR,2025-06-06,2026-06-04,2026-03-20,49.7,bpm,medium,"Digitized from Garmin annual heart-rate graph; blue series is weekly resting-heart-rate average, not a daily exact RHR value."
IMG_6391.PNG,RHR,2025-06-06,2026-06-04,2026-03-27,49.4,bpm,medium,"Digitized from Garmin annual heart-rate graph; blue series is weekly resting-heart-rate average, not a daily exact RHR value."
IMG_6391.PNG,RHR,2025-06-06,2026-06-04,2026-04-03,49.7,bpm,medium,"Digitized from Garmin annual heart-rate graph; blue series is weekly resting-heart-rate average, not a daily exact RHR value."
IMG_6391.PNG,RHR,2025-06-06,2026-06-04,2026-04-10,49.1,bpm,medium,"Digitized from Garmin annual heart-rate graph; blue series is weekly resting-heart-rate average, not a daily exact RHR value."
IMG_6391.PNG,RHR,2025-06-06,2026-06-04,2026-04-17,47.7,bpm,medium,"Digitized from Garmin annual heart-rate graph; blue series is weekly resting-heart-rate average, not a daily exact RHR value."
IMG_6391.PNG,RHR,2025-06-06,2026-06-04,2026-04-24,46.8,bpm,medium,"Digitized from Garmin annual heart-rate graph; blue series is weekly resting-heart-rate average, not a daily exact RHR value."
IMG_6391.PNG,RHR,2025-06-06,2026-06-04,2026-05-01,46.8,bpm,medium,"Digitized from Garmin annual heart-rate graph; blue series is weekly resting-heart-rate average, not a daily exact RHR value."
IMG_6391.PNG,RHR,2025-06-06,2026-06-04,2026-05-08,46.8,bpm,medium,"Digitized from Garmin annual heart-rate graph; blue series is weekly resting-heart-rate average, not a daily exact RHR value."
IMG_6391.PNG,RHR,2025-06-06,2026-06-04,2026-05-15,47.4,bpm,medium,"Digitized from Garmin annual heart-rate graph; blue series is weekly resting-heart-rate average, not a daily exact RHR value."
IMG_6391.PNG,RHR,2025-06-06,2026-06-04,2026-05-22,46.3,bpm,medium,"Digitized from Garmin annual heart-rate graph; blue series is weekly resting-heart-rate average, not a daily exact RHR value."
IMG_6392.PNG,RHR,2025-06-06,2026-06-04,2025-06-13,48.6,bpm,medium,"Digitized from Garmin annual heart-rate graph; blue series is weekly resting-heart-rate average, not a daily exact RHR value."
IMG_6392.PNG,RHR,2025-06-06,2026-06-04,2025-06-20,46.8,bpm,medium,"Digitized from Garmin annual heart-rate graph; blue series is weekly resting-heart-rate average, not a daily exact RHR value."
IMG_6392.PNG,RHR,2025-06-06,2026-06-04,2025-06-27,46.0,bpm,medium,"Digitized from Garmin annual heart-rate graph; blue series is weekly resting-heart-rate average, not a daily exact RHR value."
IMG_6392.PNG,RHR,2025-06-06,2026-06-04,2025-07-04,47.4,bpm,medium,"Digitized from Garmin annual heart-rate graph; blue series is weekly resting-heart-rate average, not a daily exact RHR value."
IMG_6392.PNG,RHR,2025-06-06,2026-06-04,2025-07-11,46.8,bpm,medium,"Digitized from Garmin annual heart-rate graph; blue series is weekly resting-heart-rate average, not a daily exact RHR value."
IMG_6392.PNG,RHR,2025-06-06,2026-06-04,2025-07-18,46.6,bpm,medium,"Digitized from Garmin annual heart-rate graph; blue series is weekly resting-heart-rate average, not a daily exact RHR value."
IMG_6392.PNG,RHR,2025-06-06,2026-06-04,2025-07-25,45.7,bpm,medium,"Digitized from Garmin annual heart-rate graph; blue series is weekly resting-heart-rate average, not a daily exact RHR value."
IMG_6392.PNG,RHR,2025-06-06,2026-06-04,2025-08-01,46.3,bpm,medium,"Digitized from Garmin annual heart-rate graph; blue series is weekly resting-heart-rate average, not a daily exact RHR value."
IMG_6392.PNG,RHR,2025-06-06,2026-06-04,2025-08-08,48.6,bpm,medium,"Digitized from Garmin annual heart-rate graph; blue series is weekly resting-heart-rate average, not a daily exact RHR value."
IMG_6392.PNG,RHR,2025-06-06,2026-06-04,2025-08-15,47.7,bpm,medium,"Digitized from Garmin annual heart-rate graph; blue series is weekly resting-heart-rate average, not a daily exact RHR value."
IMG_6392.PNG,RHR,2025-06-06,2026-06-04,2025-08-22,47.1,bpm,medium,"Digitized from Garmin annual heart-rate graph; blue series is weekly resting-heart-rate average, not a daily exact RHR value."
IMG_6392.PNG,RHR,2025-06-06,2026-06-04,2025-08-29,45.7,bpm,medium,"Digitized from Garmin annual heart-rate graph; blue series is weekly resting-heart-rate average, not a daily exact RHR value."
IMG_6392.PNG,RHR,2025-06-06,2026-06-04,2025-09-05,45.1,bpm,medium,"Digitized from Garmin annual heart-rate graph; blue series is weekly resting-heart-rate average, not a daily exact RHR value."
IMG_6392.PNG,RHR,2025-06-06,2026-06-04,2025-09-12,44.0,bpm,medium,"Digitized from Garmin annual heart-rate graph; blue series is weekly resting-heart-rate average, not a daily exact RHR value."
IMG_6392.PNG,RHR,2025-06-06,2026-06-04,2025-09-19,45.4,bpm,medium,"Digitized from Garmin annual heart-rate graph; blue series is weekly resting-heart-rate average, not a daily exact RHR value."
IMG_6392.PNG,RHR,2025-06-06,2026-06-04,2025-09-26,47.1,bpm,medium,"Digitized from Garmin annual heart-rate graph; blue series is weekly resting-heart-rate average, not a daily exact RHR value."
IMG_6392.PNG,RHR,2025-06-06,2026-06-04,2025-10-03,47.7,bpm,medium,"Digitized from Garmin annual heart-rate graph; blue series is weekly resting-heart-rate average, not a daily exact RHR value."
IMG_6392.PNG,RHR,2025-06-06,2026-06-04,2025-10-10,47.1,bpm,medium,"Digitized from Garmin annual heart-rate graph; blue series is weekly resting-heart-rate average, not a daily exact RHR value."
IMG_6392.PNG,RHR,2025-06-06,2026-06-04,2025-10-17,46.0,bpm,medium,"Digitized from Garmin annual heart-rate graph; blue series is weekly resting-heart-rate average, not a daily exact RHR value."
IMG_6392.PNG,RHR,2025-06-06,2026-06-04,2025-10-24,46.8,bpm,medium,"Digitized from Garmin annual heart-rate graph; blue series is weekly resting-heart-rate average, not a daily exact RHR value."
IMG_6392.PNG,RHR,2025-06-06,2026-06-04,2025-10-31,47.1,bpm,medium,"Digitized from Garmin annual heart-rate graph; blue series is weekly resting-heart-rate average, not a daily exact RHR value."
IMG_6392.PNG,RHR,2025-06-06,2026-06-04,2025-11-07,48.0,bpm,medium,"Digitized from Garmin annual heart-rate graph; blue series is weekly resting-heart-rate average, not a daily exact RHR value."
IMG_6392.PNG,RHR,2025-06-06,2026-06-04,2025-11-14,49.1,bpm,medium,"Digitized from Garmin annual heart-rate graph; blue series is weekly resting-heart-rate average, not a daily exact RHR value."
IMG_6392.PNG,RHR,2025-06-06,2026-06-04,2025-11-21,49.4,bpm,medium,"Digitized from Garmin annual heart-rate graph; blue series is weekly resting-heart-rate average, not a daily exact RHR value."
IMG_6392.PNG,RHR,2025-06-06,2026-06-04,2025-11-28,49.1,bpm,medium,"Digitized from Garmin annual heart-rate graph; blue series is weekly resting-heart-rate average, not a daily exact RHR value."
IMG_6392.PNG,RHR,2025-06-06,2026-06-04,2025-12-05,49.7,bpm,medium,"Digitized from Garmin annual heart-rate graph; blue series is weekly resting-heart-rate average, not a daily exact RHR value."
IMG_6392.PNG,RHR,2025-06-06,2026-06-04,2025-12-12,49.4,bpm,medium,"Digitized from Garmin annual heart-rate graph; blue series is weekly resting-heart-rate average, not a daily exact RHR value."
IMG_6392.PNG,RHR,2025-06-06,2026-06-04,2025-12-19,48.6,bpm,medium,"Digitized from Garmin annual heart-rate graph; blue series is weekly resting-heart-rate average, not a daily exact RHR value."
IMG_6392.PNG,RHR,2025-06-06,2026-06-04,2025-12-26,47.4,bpm,medium,"Digitized from Garmin annual heart-rate graph; blue series is weekly resting-heart-rate average, not a daily exact RHR value."
IMG_6392.PNG,RHR,2025-06-06,2026-06-04,2026-01-02,48.6,bpm,medium,"Digitized from Garmin annual heart-rate graph; blue series is weekly resting-heart-rate average, not a daily exact RHR value."
IMG_6392.PNG,RHR,2025-06-06,2026-06-04,2026-01-09,51.1,bpm,medium,"Digitized from Garmin annual heart-rate graph; blue series is weekly resting-heart-rate average, not a daily exact RHR value."
IMG_6392.PNG,RHR,2025-06-06,2026-06-04,2026-01-16,53.4,bpm,medium,"Digitized from Garmin annual heart-rate graph; blue series is weekly resting-heart-rate average, not a daily exact RHR value."
IMG_6392.PNG,RHR,2025-06-06,2026-06-04,2026-01-23,54.0,bpm,medium,"Digitized from Garmin annual heart-rate graph; blue series is weekly resting-heart-rate average, not a daily exact RHR value."
IMG_6392.PNG,RHR,2025-06-06,2026-06-04,2026-01-30,52.5,bpm,medium,"Digitized from Garmin annual heart-rate graph; blue series is weekly resting-heart-rate average, not a daily exact RHR value."
IMG_6392.PNG,RHR,2025-06-06,2026-06-04,2026-02-06,53.1,bpm,medium,"Digitized from Garmin annual heart-rate graph; blue series is weekly resting-heart-rate average, not a daily exact RHR value."
IMG_6392.PNG,RHR,2025-06-06,2026-06-04,2026-02-13,52.8,bpm,medium,"Digitized from Garmin annual heart-rate graph; blue series is weekly resting-heart-rate average, not a daily exact RHR value."
IMG_6392.PNG,RHR,2025-06-06,2026-06-04,2026-02-20,53.4,bpm,medium,"Digitized from Garmin annual heart-rate graph; blue series is weekly resting-heart-rate average, not a daily exact RHR value."
IMG_6392.PNG,RHR,2025-06-06,2026-06-04,2026-02-27,51.4,bpm,medium,"Digitized from Garmin annual heart-rate graph; blue series is weekly resting-heart-rate average, not a daily exact RHR value."
IMG_6392.PNG,RHR,2025-06-06,2026-06-04,2026-03-06,49.7,bpm,medium,"Digitized from Garmin annual heart-rate graph; blue series is weekly resting-heart-rate average, not a daily exact RHR value."
IMG_6392.PNG,RHR,2025-06-06,2026-06-04,2026-03-13,50.3,bpm,medium,"Digitized from Garmin annual heart-rate graph; blue series is weekly resting-heart-rate average, not a daily exact RHR value."
IMG_6392.PNG,RHR,2025-06-06,2026-06-04,2026-03-20,49.7,bpm,medium,"Digitized from Garmin annual heart-rate graph; blue series is weekly resting-heart-rate average, not a daily exact RHR value."
IMG_6392.PNG,RHR,2025-06-06,2026-06-04,2026-03-27,49.4,bpm,medium,"Digitized from Garmin annual heart-rate graph; blue series is weekly resting-heart-rate average, not a daily exact RHR value."
IMG_6392.PNG,RHR,2025-06-06,2026-06-04,2026-04-03,49.7,bpm,medium,"Digitized from Garmin annual heart-rate graph; blue series is weekly resting-heart-rate average, not a daily exact RHR value."
IMG_6392.PNG,RHR,2025-06-06,2026-06-04,2026-04-10,49.1,bpm,medium,"Digitized from Garmin annual heart-rate graph; blue series is weekly resting-heart-rate average, not a daily exact RHR value."
IMG_6392.PNG,RHR,2025-06-06,2026-06-04,2026-04-17,47.7,bpm,medium,"Digitized from Garmin annual heart-rate graph; blue series is weekly resting-heart-rate average, not a daily exact RHR value."
IMG_6392.PNG,RHR,2025-06-06,2026-06-04,2026-04-24,46.8,bpm,medium,"Digitized from Garmin annual heart-rate graph; blue series is weekly resting-heart-rate average, not a daily exact RHR value."
IMG_6392.PNG,RHR,2025-06-06,2026-06-04,2026-05-01,46.8,bpm,medium,"Digitized from Garmin annual heart-rate graph; blue series is weekly resting-heart-rate average, not a daily exact RHR value."
IMG_6392.PNG,RHR,2025-06-06,2026-06-04,2026-05-08,46.8,bpm,medium,"Digitized from Garmin annual heart-rate graph; blue series is weekly resting-heart-rate average, not a daily exact RHR value."
IMG_6392.PNG,RHR,2025-06-06,2026-06-04,2026-05-15,47.4,bpm,medium,"Digitized from Garmin annual heart-rate graph; blue series is weekly resting-heart-rate average, not a daily exact RHR value."
IMG_6392.PNG,RHR,2025-06-06,2026-06-04,2026-05-22,46.3,bpm,medium,"Digitized from Garmin annual heart-rate graph; blue series is weekly resting-heart-rate average, not a daily exact RHR value."
IMG_6393.PNG,RHR,2024-06-07,2025-06-05,2024-06-14,50.0,bpm,medium,"Digitized from Garmin annual heart-rate graph; blue series is weekly resting-heart-rate average, not a daily exact RHR value."
IMG_6393.PNG,RHR,2024-06-07,2025-06-05,2024-06-21,48.7,bpm,medium,"Digitized from Garmin annual heart-rate graph; blue series is weekly resting-heart-rate average, not a daily exact RHR value."
IMG_6393.PNG,RHR,2024-06-07,2025-06-05,2024-06-28,47.4,bpm,medium,"Digitized from Garmin annual heart-rate graph; blue series is weekly resting-heart-rate average, not a daily exact RHR value."
IMG_6393.PNG,RHR,2024-06-07,2025-06-05,2024-07-05,49.0,bpm,medium,"Digitized from Garmin annual heart-rate graph; blue series is weekly resting-heart-rate average, not a daily exact RHR value."
IMG_6393.PNG,RHR,2024-06-07,2025-06-05,2024-07-12,49.8,bpm,medium,"Digitized from Garmin annual heart-rate graph; blue series is weekly resting-heart-rate average, not a daily exact RHR value."
IMG_6393.PNG,RHR,2024-06-07,2025-06-05,2024-07-19,49.0,bpm,medium,"Digitized from Garmin annual heart-rate graph; blue series is weekly resting-heart-rate average, not a daily exact RHR value."
IMG_6393.PNG,RHR,2024-06-07,2025-06-05,2024-07-26,47.9,bpm,medium,"Digitized from Garmin annual heart-rate graph; blue series is weekly resting-heart-rate average, not a daily exact RHR value."
IMG_6393.PNG,RHR,2024-06-07,2025-06-05,2024-08-02,48.4,bpm,medium,"Digitized from Garmin annual heart-rate graph; blue series is weekly resting-heart-rate average, not a daily exact RHR value."
IMG_6393.PNG,RHR,2024-06-07,2025-06-05,2024-08-09,50.8,bpm,medium,"Digitized from Garmin annual heart-rate graph; blue series is weekly resting-heart-rate average, not a daily exact RHR value."
IMG_6393.PNG,RHR,2024-06-07,2025-06-05,2024-08-16,50.0,bpm,medium,"Digitized from Garmin annual heart-rate graph; blue series is weekly resting-heart-rate average, not a daily exact RHR value."
IMG_6393.PNG,RHR,2024-06-07,2025-06-05,2024-08-23,48.7,bpm,medium,"Digitized from Garmin annual heart-rate graph; blue series is weekly resting-heart-rate average, not a daily exact RHR value."
IMG_6393.PNG,RHR,2024-06-07,2025-06-05,2024-08-30,47.6,bpm,medium,"Digitized from Garmin annual heart-rate graph; blue series is weekly resting-heart-rate average, not a daily exact RHR value."
IMG_6393.PNG,RHR,2024-06-07,2025-06-05,2024-09-06,47.1,bpm,medium,"Digitized from Garmin annual heart-rate graph; blue series is weekly resting-heart-rate average, not a daily exact RHR value."
IMG_6393.PNG,RHR,2024-06-07,2025-06-05,2024-09-13,48.2,bpm,medium,"Digitized from Garmin annual heart-rate graph; blue series is weekly resting-heart-rate average, not a daily exact RHR value."
IMG_6393.PNG,RHR,2024-06-07,2025-06-05,2024-09-20,49.0,bpm,medium,"Digitized from Garmin annual heart-rate graph; blue series is weekly resting-heart-rate average, not a daily exact RHR value."
IMG_6393.PNG,RHR,2024-06-07,2025-06-05,2024-09-27,49.0,bpm,medium,"Digitized from Garmin annual heart-rate graph; blue series is weekly resting-heart-rate average, not a daily exact RHR value."
IMG_6393.PNG,RHR,2024-06-07,2025-06-05,2024-10-04,48.7,bpm,medium,"Digitized from Garmin annual heart-rate graph; blue series is weekly resting-heart-rate average, not a daily exact RHR value."
IMG_6393.PNG,RHR,2024-06-07,2025-06-05,2024-10-11,48.2,bpm,medium,"Digitized from Garmin annual heart-rate graph; blue series is weekly resting-heart-rate average, not a daily exact RHR value."
IMG_6393.PNG,RHR,2024-06-07,2025-06-05,2024-10-18,49.0,bpm,medium,"Digitized from Garmin annual heart-rate graph; blue series is weekly resting-heart-rate average, not a daily exact RHR value."
IMG_6393.PNG,RHR,2024-06-07,2025-06-05,2024-10-25,49.2,bpm,medium,"Digitized from Garmin annual heart-rate graph; blue series is weekly resting-heart-rate average, not a daily exact RHR value."
IMG_6393.PNG,RHR,2024-06-07,2025-06-05,2024-11-01,50.0,bpm,medium,"Digitized from Garmin annual heart-rate graph; blue series is weekly resting-heart-rate average, not a daily exact RHR value."
IMG_6393.PNG,RHR,2024-06-07,2025-06-05,2024-11-08,50.3,bpm,medium,"Digitized from Garmin annual heart-rate graph; blue series is weekly resting-heart-rate average, not a daily exact RHR value."
IMG_6393.PNG,RHR,2024-06-07,2025-06-05,2024-11-15,50.8,bpm,medium,"Digitized from Garmin annual heart-rate graph; blue series is weekly resting-heart-rate average, not a daily exact RHR value."
IMG_6393.PNG,RHR,2024-06-07,2025-06-05,2024-11-22,49.8,bpm,medium,"Digitized from Garmin annual heart-rate graph; blue series is weekly resting-heart-rate average, not a daily exact RHR value."
IMG_6393.PNG,RHR,2024-06-07,2025-06-05,2024-11-29,49.8,bpm,medium,"Digitized from Garmin annual heart-rate graph; blue series is weekly resting-heart-rate average, not a daily exact RHR value."
IMG_6393.PNG,RHR,2024-06-07,2025-06-05,2024-12-06,50.8,bpm,medium,"Digitized from Garmin annual heart-rate graph; blue series is weekly resting-heart-rate average, not a daily exact RHR value."
IMG_6393.PNG,RHR,2024-06-07,2025-06-05,2024-12-13,50.0,bpm,medium,"Digitized from Garmin annual heart-rate graph; blue series is weekly resting-heart-rate average, not a daily exact RHR value."
IMG_6393.PNG,RHR,2024-06-07,2025-06-05,2024-12-20,50.0,bpm,medium,"Digitized from Garmin annual heart-rate graph; blue series is weekly resting-heart-rate average, not a daily exact RHR value."
IMG_6393.PNG,RHR,2024-06-07,2025-06-05,2024-12-27,49.8,bpm,medium,"Digitized from Garmin annual heart-rate graph; blue series is weekly resting-heart-rate average, not a daily exact RHR value."
IMG_6393.PNG,RHR,2024-06-07,2025-06-05,2025-01-03,49.8,bpm,medium,"Digitized from Garmin annual heart-rate graph; blue series is weekly resting-heart-rate average, not a daily exact RHR value."
IMG_6393.PNG,RHR,2024-06-07,2025-06-05,2025-01-10,50.3,bpm,medium,"Digitized from Garmin annual heart-rate graph; blue series is weekly resting-heart-rate average, not a daily exact RHR value."
IMG_6393.PNG,RHR,2024-06-07,2025-06-05,2025-01-17,49.0,bpm,medium,"Digitized from Garmin annual heart-rate graph; blue series is weekly resting-heart-rate average, not a daily exact RHR value."
IMG_6393.PNG,RHR,2024-06-07,2025-06-05,2025-01-24,48.7,bpm,medium,"Digitized from Garmin annual heart-rate graph; blue series is weekly resting-heart-rate average, not a daily exact RHR value."
IMG_6393.PNG,RHR,2024-06-07,2025-06-05,2025-01-31,48.7,bpm,medium,"Digitized from Garmin annual heart-rate graph; blue series is weekly resting-heart-rate average, not a daily exact RHR value."
IMG_6393.PNG,RHR,2024-06-07,2025-06-05,2025-02-07,49.8,bpm,medium,"Digitized from Garmin annual heart-rate graph; blue series is weekly resting-heart-rate average, not a daily exact RHR value."
IMG_6393.PNG,RHR,2024-06-07,2025-06-05,2025-02-14,50.0,bpm,medium,"Digitized from Garmin annual heart-rate graph; blue series is weekly resting-heart-rate average, not a daily exact RHR value."
IMG_6393.PNG,RHR,2024-06-07,2025-06-05,2025-02-21,51.6,bpm,medium,"Digitized from Garmin annual heart-rate graph; blue series is weekly resting-heart-rate average, not a daily exact RHR value."
IMG_6393.PNG,RHR,2024-06-07,2025-06-05,2025-02-28,50.6,bpm,medium,"Digitized from Garmin annual heart-rate graph; blue series is weekly resting-heart-rate average, not a daily exact RHR value."
IMG_6393.PNG,RHR,2024-06-07,2025-06-05,2025-03-07,50.8,bpm,medium,"Digitized from Garmin annual heart-rate graph; blue series is weekly resting-heart-rate average, not a daily exact RHR value."
IMG_6393.PNG,RHR,2024-06-07,2025-06-05,2025-03-14,51.1,bpm,medium,"Digitized from Garmin annual heart-rate graph; blue series is weekly resting-heart-rate average, not a daily exact RHR value."
IMG_6393.PNG,RHR,2024-06-07,2025-06-05,2025-03-21,50.0,bpm,medium,"Digitized from Garmin annual heart-rate graph; blue series is weekly resting-heart-rate average, not a daily exact RHR value."
IMG_6393.PNG,RHR,2024-06-07,2025-06-05,2025-03-28,50.6,bpm,medium,"Digitized from Garmin annual heart-rate graph; blue series is weekly resting-heart-rate average, not a daily exact RHR value."
IMG_6393.PNG,RHR,2024-06-07,2025-06-05,2025-04-04,51.1,bpm,medium,"Digitized from Garmin annual heart-rate graph; blue series is weekly resting-heart-rate average, not a daily exact RHR value."
IMG_6393.PNG,RHR,2024-06-07,2025-06-05,2025-04-11,51.4,bpm,medium,"Digitized from Garmin annual heart-rate graph; blue series is weekly resting-heart-rate average, not a daily exact RHR value."
IMG_6393.PNG,RHR,2024-06-07,2025-06-05,2025-04-18,51.9,bpm,medium,"Digitized from Garmin annual heart-rate graph; blue series is weekly resting-heart-rate average, not a daily exact RHR value."
IMG_6393.PNG,RHR,2024-06-07,2025-06-05,2025-04-25,51.4,bpm,medium,"Digitized from Garmin annual heart-rate graph; blue series is weekly resting-heart-rate average, not a daily exact RHR value."
IMG_6393.PNG,RHR,2024-06-07,2025-06-05,2025-05-02,50.6,bpm,medium,"Digitized from Garmin annual heart-rate graph; blue series is weekly resting-heart-rate average, not a daily exact RHR value."
IMG_6393.PNG,RHR,2024-06-07,2025-06-05,2025-05-09,50.6,bpm,medium,"Digitized from Garmin annual heart-rate graph; blue series is weekly resting-heart-rate average, not a daily exact RHR value."
IMG_6393.PNG,RHR,2024-06-07,2025-06-05,2025-05-16,51.1,bpm,medium,"Digitized from Garmin annual heart-rate graph; blue series is weekly resting-heart-rate average, not a daily exact RHR value."
IMG_6393.PNG,RHR,2024-06-07,2025-06-05,2025-05-23,49.8,bpm,medium,"Digitized from Garmin annual heart-rate graph; blue series is weekly resting-heart-rate average, not a daily exact RHR value."
IMG_6394.PNG,RHR,2023-06-09,2024-06-06,2023-06-16,52.4,bpm,medium,"Digitized from Garmin annual heart-rate graph; blue series is weekly resting-heart-rate average, not a daily exact RHR value."
IMG_6394.PNG,RHR,2023-06-09,2024-06-06,2023-06-23,52.4,bpm,medium,"Digitized from Garmin annual heart-rate graph; blue series is weekly resting-heart-rate average, not a daily exact RHR value."
IMG_6394.PNG,RHR,2023-06-09,2024-06-06,2023-06-30,52.4,bpm,medium,"Digitized from Garmin annual heart-rate graph; blue series is weekly resting-heart-rate average, not a daily exact RHR value."
IMG_6394.PNG,RHR,2023-06-09,2024-06-06,2023-07-07,52.6,bpm,medium,"Digitized from Garmin annual heart-rate graph; blue series is weekly resting-heart-rate average, not a daily exact RHR value."
IMG_6394.PNG,RHR,2023-06-09,2024-06-06,2023-07-14,52.6,bpm,medium,"Digitized from Garmin annual heart-rate graph; blue series is weekly resting-heart-rate average, not a daily exact RHR value."
IMG_6394.PNG,RHR,2023-06-09,2024-06-06,2023-07-21,49.5,bpm,medium,"Digitized from Garmin annual heart-rate graph; blue series is weekly resting-heart-rate average, not a daily exact RHR value."
IMG_6394.PNG,RHR,2023-06-09,2024-06-06,2023-07-28,49.5,bpm,medium,"Digitized from Garmin annual heart-rate graph; blue series is weekly resting-heart-rate average, not a daily exact RHR value."
IMG_6394.PNG,RHR,2023-06-09,2024-06-06,2023-08-04,51.8,bpm,medium,"Digitized from Garmin annual heart-rate graph; blue series is weekly resting-heart-rate average, not a daily exact RHR value."
IMG_6394.PNG,RHR,2023-06-09,2024-06-06,2023-08-11,54.5,bpm,medium,"Digitized from Garmin annual heart-rate graph; blue series is weekly resting-heart-rate average, not a daily exact RHR value."
IMG_6394.PNG,RHR,2023-06-09,2024-06-06,2023-08-18,50.3,bpm,medium,"Digitized from Garmin annual heart-rate graph; blue series is weekly resting-heart-rate average, not a daily exact RHR value."
IMG_6394.PNG,RHR,2023-06-09,2024-06-06,2023-08-25,48.7,bpm,medium,"Digitized from Garmin annual heart-rate graph; blue series is weekly resting-heart-rate average, not a daily exact RHR value."
IMG_6394.PNG,RHR,2023-06-09,2024-06-06,2023-09-01,50.5,bpm,medium,"Digitized from Garmin annual heart-rate graph; blue series is weekly resting-heart-rate average, not a daily exact RHR value."
IMG_6394.PNG,RHR,2023-06-09,2024-06-06,2023-09-08,51.1,bpm,medium,"Digitized from Garmin annual heart-rate graph; blue series is weekly resting-heart-rate average, not a daily exact RHR value."
IMG_6394.PNG,RHR,2023-06-09,2024-06-06,2023-09-15,50.3,bpm,medium,"Digitized from Garmin annual heart-rate graph; blue series is weekly resting-heart-rate average, not a daily exact RHR value."
IMG_6394.PNG,RHR,2023-06-09,2024-06-06,2023-09-22,49.5,bpm,medium,"Digitized from Garmin annual heart-rate graph; blue series is weekly resting-heart-rate average, not a daily exact RHR value."
IMG_6394.PNG,RHR,2023-06-09,2024-06-06,2023-09-29,51.3,bpm,medium,"Digitized from Garmin annual heart-rate graph; blue series is weekly resting-heart-rate average, not a daily exact RHR value."
IMG_6394.PNG,RHR,2023-06-09,2024-06-06,2023-10-06,51.1,bpm,medium,"Digitized from Garmin annual heart-rate graph; blue series is weekly resting-heart-rate average, not a daily exact RHR value."
IMG_6394.PNG,RHR,2023-06-09,2024-06-06,2023-10-13,50.5,bpm,medium,"Digitized from Garmin annual heart-rate graph; blue series is weekly resting-heart-rate average, not a daily exact RHR value."
IMG_6394.PNG,RHR,2023-06-09,2024-06-06,2023-10-20,51.6,bpm,medium,"Digitized from Garmin annual heart-rate graph; blue series is weekly resting-heart-rate average, not a daily exact RHR value."
IMG_6394.PNG,RHR,2023-06-09,2024-06-06,2023-10-27,52.1,bpm,medium,"Digitized from Garmin annual heart-rate graph; blue series is weekly resting-heart-rate average, not a daily exact RHR value."
IMG_6394.PNG,RHR,2023-06-09,2024-06-06,2023-11-03,51.8,bpm,medium,"Digitized from Garmin annual heart-rate graph; blue series is weekly resting-heart-rate average, not a daily exact RHR value."
IMG_6394.PNG,RHR,2023-06-09,2024-06-06,2023-11-10,53.2,bpm,medium,"Digitized from Garmin annual heart-rate graph; blue series is weekly resting-heart-rate average, not a daily exact RHR value."
IMG_6394.PNG,RHR,2023-06-09,2024-06-06,2023-11-17,52.4,bpm,medium,"Digitized from Garmin annual heart-rate graph; blue series is weekly resting-heart-rate average, not a daily exact RHR value."
IMG_6394.PNG,RHR,2023-06-09,2024-06-06,2023-11-24,50.3,bpm,medium,"Digitized from Garmin annual heart-rate graph; blue series is weekly resting-heart-rate average, not a daily exact RHR value."
IMG_6394.PNG,RHR,2023-06-09,2024-06-06,2023-12-01,53.2,bpm,medium,"Digitized from Garmin annual heart-rate graph; blue series is weekly resting-heart-rate average, not a daily exact RHR value."
IMG_6394.PNG,RHR,2023-06-09,2024-06-06,2023-12-08,53.2,bpm,medium,"Digitized from Garmin annual heart-rate graph; blue series is weekly resting-heart-rate average, not a daily exact RHR value."
IMG_6394.PNG,RHR,2023-06-09,2024-06-06,2023-12-15,53.2,bpm,medium,"Digitized from Garmin annual heart-rate graph; blue series is weekly resting-heart-rate average, not a daily exact RHR value."
IMG_6394.PNG,RHR,2023-06-09,2024-06-06,2023-12-22,53.2,bpm,medium,"Digitized from Garmin annual heart-rate graph; blue series is weekly resting-heart-rate average, not a daily exact RHR value."
IMG_6394.PNG,RHR,2023-06-09,2024-06-06,2023-12-29,52.4,bpm,medium,"Digitized from Garmin annual heart-rate graph; blue series is weekly resting-heart-rate average, not a daily exact RHR value."
IMG_6394.PNG,RHR,2023-06-09,2024-06-06,2024-01-05,50.5,bpm,medium,"Digitized from Garmin annual heart-rate graph; blue series is weekly resting-heart-rate average, not a daily exact RHR value."
IMG_6394.PNG,RHR,2023-06-09,2024-06-06,2024-01-12,51.6,bpm,medium,"Digitized from Garmin annual heart-rate graph; blue series is weekly resting-heart-rate average, not a daily exact RHR value."
IMG_6394.PNG,RHR,2023-06-09,2024-06-06,2024-01-19,52.6,bpm,medium,"Digitized from Garmin annual heart-rate graph; blue series is weekly resting-heart-rate average, not a daily exact RHR value."
IMG_6394.PNG,RHR,2023-06-09,2024-06-06,2024-01-26,53.4,bpm,medium,"Digitized from Garmin annual heart-rate graph; blue series is weekly resting-heart-rate average, not a daily exact RHR value."
IMG_6394.PNG,RHR,2023-06-09,2024-06-06,2024-02-02,53.7,bpm,medium,"Digitized from Garmin annual heart-rate graph; blue series is weekly resting-heart-rate average, not a daily exact RHR value."
IMG_6394.PNG,RHR,2023-06-09,2024-06-06,2024-02-09,52.4,bpm,medium,"Digitized from Garmin annual heart-rate graph; blue series is weekly resting-heart-rate average, not a daily exact RHR value."
IMG_6394.PNG,RHR,2023-06-09,2024-06-06,2024-02-16,52.6,bpm,medium,"Digitized from Garmin annual heart-rate graph; blue series is weekly resting-heart-rate average, not a daily exact RHR value."
IMG_6394.PNG,RHR,2023-06-09,2024-06-06,2024-02-23,52.9,bpm,medium,"Digitized from Garmin annual heart-rate graph; blue series is weekly resting-heart-rate average, not a daily exact RHR value."
IMG_6394.PNG,RHR,2023-06-09,2024-06-06,2024-03-01,52.1,bpm,medium,"Digitized from Garmin annual heart-rate graph; blue series is weekly resting-heart-rate average, not a daily exact RHR value."
IMG_6394.PNG,RHR,2023-06-09,2024-06-06,2024-03-08,52.1,bpm,medium,"Digitized from Garmin annual heart-rate graph; blue series is weekly resting-heart-rate average, not a daily exact RHR value."
IMG_6394.PNG,RHR,2023-06-09,2024-06-06,2024-03-15,53.9,bpm,medium,"Digitized from Garmin annual heart-rate graph; blue series is weekly resting-heart-rate average, not a daily exact RHR value."
IMG_6394.PNG,RHR,2023-06-09,2024-06-06,2024-03-22,52.6,bpm,medium,"Digitized from Garmin annual heart-rate graph; blue series is weekly resting-heart-rate average, not a daily exact RHR value."
IMG_6394.PNG,RHR,2023-06-09,2024-06-06,2024-03-29,51.1,bpm,medium,"Digitized from Garmin annual heart-rate graph; blue series is weekly resting-heart-rate average, not a daily exact RHR value."
IMG_6394.PNG,RHR,2023-06-09,2024-06-06,2024-04-05,50.3,bpm,medium,"Digitized from Garmin annual heart-rate graph; blue series is weekly resting-heart-rate average, not a daily exact RHR value."
IMG_6394.PNG,RHR,2023-06-09,2024-06-06,2024-04-12,50.3,bpm,medium,"Digitized from Garmin annual heart-rate graph; blue series is weekly resting-heart-rate average, not a daily exact RHR value."
IMG_6394.PNG,RHR,2023-06-09,2024-06-06,2024-04-19,50.3,bpm,medium,"Digitized from Garmin annual heart-rate graph; blue series is weekly resting-heart-rate average, not a daily exact RHR value."
IMG_6394.PNG,RHR,2023-06-09,2024-06-06,2024-04-26,49.7,bpm,medium,"Digitized from Garmin annual heart-rate graph; blue series is weekly resting-heart-rate average, not a daily exact RHR value."
IMG_6394.PNG,RHR,2023-06-09,2024-06-06,2024-05-03,50.3,bpm,medium,"Digitized from Garmin annual heart-rate graph; blue series is weekly resting-heart-rate average, not a daily exact RHR value."
IMG_6394.PNG,RHR,2023-06-09,2024-06-06,2024-05-10,52.4,bpm,medium,"Digitized from Garmin annual heart-rate graph; blue series is weekly resting-heart-rate average, not a daily exact RHR value."
IMG_6394.PNG,RHR,2023-06-09,2024-06-06,2024-05-17,52.1,bpm,medium,"Digitized from Garmin annual heart-rate graph; blue series is weekly resting-heart-rate average, not a daily exact RHR value."
IMG_6394.PNG,RHR,2023-06-09,2024-06-06,2024-05-24,51.3,bpm,medium,"Digitized from Garmin annual heart-rate graph; blue series is weekly resting-heart-rate average, not a daily exact RHR value."
IMG_6394.PNG,RHR,2023-06-09,2024-06-06,2024-05-31,51.3,bpm,medium,"Digitized from Garmin annual heart-rate graph; blue series is weekly resting-heart-rate average, not a daily exact RHR value."
IMG_6395.PNG,RHR,2022-06-10,2023-06-08,2022-07-15,55.8,bpm,medium,"Digitized from Garmin annual heart-rate graph; blue series is weekly resting-heart-rate average, not a daily exact RHR value."
IMG_6395.PNG,RHR,2022-06-10,2023-06-08,2022-07-22,50.2,bpm,medium,"Digitized from Garmin annual heart-rate graph; blue series is weekly resting-heart-rate average, not a daily exact RHR value."
IMG_6395.PNG,RHR,2022-06-10,2023-06-08,2022-07-29,48.3,bpm,medium,"Digitized from Garmin annual heart-rate graph; blue series is weekly resting-heart-rate average, not a daily exact RHR value."
IMG_6395.PNG,RHR,2022-06-10,2023-06-08,2022-08-05,51.3,bpm,medium,"Digitized from Garmin annual heart-rate graph; blue series is weekly resting-heart-rate average, not a daily exact RHR value."
IMG_6395.PNG,RHR,2022-06-10,2023-06-08,2022-08-12,53.1,bpm,medium,"Digitized from Garmin annual heart-rate graph; blue series is weekly resting-heart-rate average, not a daily exact RHR value."
IMG_6395.PNG,RHR,2022-06-10,2023-06-08,2022-08-19,54.4,bpm,medium,"Digitized from Garmin annual heart-rate graph; blue series is weekly resting-heart-rate average, not a daily exact RHR value."
IMG_6395.PNG,RHR,2022-06-10,2023-06-08,2022-08-26,52.1,bpm,medium,"Digitized from Garmin annual heart-rate graph; blue series is weekly resting-heart-rate average, not a daily exact RHR value."
IMG_6395.PNG,RHR,2022-06-10,2023-06-08,2022-09-02,51.0,bpm,medium,"Digitized from Garmin annual heart-rate graph; blue series is weekly resting-heart-rate average, not a daily exact RHR value."
IMG_6395.PNG,RHR,2022-06-10,2023-06-08,2022-09-09,51.5,bpm,medium,"Digitized from Garmin annual heart-rate graph; blue series is weekly resting-heart-rate average, not a daily exact RHR value."
IMG_6395.PNG,RHR,2022-06-10,2023-06-08,2022-09-16,53.9,bpm,medium,"Digitized from Garmin annual heart-rate graph; blue series is weekly resting-heart-rate average, not a daily exact RHR value."
IMG_6395.PNG,RHR,2022-06-10,2023-06-08,2022-09-23,54.7,bpm,medium,"Digitized from Garmin annual heart-rate graph; blue series is weekly resting-heart-rate average, not a daily exact RHR value."
IMG_6395.PNG,RHR,2022-06-10,2023-06-08,2022-09-30,53.4,bpm,medium,"Digitized from Garmin annual heart-rate graph; blue series is weekly resting-heart-rate average, not a daily exact RHR value."
IMG_6395.PNG,RHR,2022-06-10,2023-06-08,2022-10-07,55.0,bpm,medium,"Digitized from Garmin annual heart-rate graph; blue series is weekly resting-heart-rate average, not a daily exact RHR value."
IMG_6395.PNG,RHR,2022-06-10,2023-06-08,2022-10-14,55.0,bpm,medium,"Digitized from Garmin annual heart-rate graph; blue series is weekly resting-heart-rate average, not a daily exact RHR value."
IMG_6395.PNG,RHR,2022-06-10,2023-06-08,2022-10-21,55.5,bpm,medium,"Digitized from Garmin annual heart-rate graph; blue series is weekly resting-heart-rate average, not a daily exact RHR value."
IMG_6395.PNG,RHR,2022-06-10,2023-06-08,2022-10-28,58.4,bpm,medium,"Digitized from Garmin annual heart-rate graph; blue series is weekly resting-heart-rate average, not a daily exact RHR value."
IMG_6395.PNG,RHR,2022-06-10,2023-06-08,2022-11-04,56.8,bpm,medium,"Digitized from Garmin annual heart-rate graph; blue series is weekly resting-heart-rate average, not a daily exact RHR value."
IMG_6395.PNG,RHR,2022-06-10,2023-06-08,2022-11-11,56.6,bpm,medium,"Digitized from Garmin annual heart-rate graph; blue series is weekly resting-heart-rate average, not a daily exact RHR value."
IMG_6395.PNG,RHR,2022-06-10,2023-06-08,2022-11-18,56.3,bpm,medium,"Digitized from Garmin annual heart-rate graph; blue series is weekly resting-heart-rate average, not a daily exact RHR value."
IMG_6395.PNG,RHR,2022-06-10,2023-06-08,2022-11-25,57.9,bpm,medium,"Digitized from Garmin annual heart-rate graph; blue series is weekly resting-heart-rate average, not a daily exact RHR value."
IMG_6395.PNG,RHR,2022-06-10,2023-06-08,2022-12-02,58.7,bpm,medium,"Digitized from Garmin annual heart-rate graph; blue series is weekly resting-heart-rate average, not a daily exact RHR value."
IMG_6395.PNG,RHR,2022-06-10,2023-06-08,2022-12-09,57.1,bpm,medium,"Digitized from Garmin annual heart-rate graph; blue series is weekly resting-heart-rate average, not a daily exact RHR value."
IMG_6395.PNG,RHR,2022-06-10,2023-06-08,2022-12-16,52.6,bpm,medium,"Digitized from Garmin annual heart-rate graph; blue series is weekly resting-heart-rate average, not a daily exact RHR value."
IMG_6395.PNG,RHR,2022-06-10,2023-06-08,2022-12-23,54.2,bpm,medium,"Digitized from Garmin annual heart-rate graph; blue series is weekly resting-heart-rate average, not a daily exact RHR value."
IMG_6395.PNG,RHR,2022-06-10,2023-06-08,2022-12-30,57.1,bpm,medium,"Digitized from Garmin annual heart-rate graph; blue series is weekly resting-heart-rate average, not a daily exact RHR value."
IMG_6395.PNG,RHR,2022-06-10,2023-06-08,2023-01-06,58.7,bpm,medium,"Digitized from Garmin annual heart-rate graph; blue series is weekly resting-heart-rate average, not a daily exact RHR value."
IMG_6395.PNG,RHR,2022-06-10,2023-06-08,2023-01-13,57.6,bpm,medium,"Digitized from Garmin annual heart-rate graph; blue series is weekly resting-heart-rate average, not a daily exact RHR value."
IMG_6395.PNG,RHR,2022-06-10,2023-06-08,2023-01-20,56.0,bpm,medium,"Digitized from Garmin annual heart-rate graph; blue series is weekly resting-heart-rate average, not a daily exact RHR value."
IMG_6395.PNG,RHR,2022-06-10,2023-06-08,2023-01-27,56.0,bpm,medium,"Digitized from Garmin annual heart-rate graph; blue series is weekly resting-heart-rate average, not a daily exact RHR value."
IMG_6395.PNG,RHR,2022-06-10,2023-06-08,2023-02-03,56.6,bpm,medium,"Digitized from Garmin annual heart-rate graph; blue series is weekly resting-heart-rate average, not a daily exact RHR value."
IMG_6395.PNG,RHR,2022-06-10,2023-06-08,2023-02-10,55.0,bpm,medium,"Digitized from Garmin annual heart-rate graph; blue series is weekly resting-heart-rate average, not a daily exact RHR value."
IMG_6395.PNG,RHR,2022-06-10,2023-06-08,2023-02-17,55.5,bpm,medium,"Digitized from Garmin annual heart-rate graph; blue series is weekly resting-heart-rate average, not a daily exact RHR value."
IMG_6395.PNG,RHR,2022-06-10,2023-06-08,2023-02-24,58.9,bpm,medium,"Digitized from Garmin annual heart-rate graph; blue series is weekly resting-heart-rate average, not a daily exact RHR value."
IMG_6395.PNG,RHR,2022-06-10,2023-06-08,2023-03-03,58.7,bpm,medium,"Digitized from Garmin annual heart-rate graph; blue series is weekly resting-heart-rate average, not a daily exact RHR value."
IMG_6395.PNG,RHR,2022-06-10,2023-06-08,2023-03-10,57.9,bpm,medium,"Digitized from Garmin annual heart-rate graph; blue series is weekly resting-heart-rate average, not a daily exact RHR value."
IMG_6395.PNG,RHR,2022-06-10,2023-06-08,2023-03-17,56.8,bpm,medium,"Digitized from Garmin annual heart-rate graph; blue series is weekly resting-heart-rate average, not a daily exact RHR value."
IMG_6395.PNG,RHR,2022-06-10,2023-06-08,2023-03-24,55.8,bpm,medium,"Digitized from Garmin annual heart-rate graph; blue series is weekly resting-heart-rate average, not a daily exact RHR value."
IMG_6395.PNG,RHR,2022-06-10,2023-06-08,2023-03-31,55.5,bpm,medium,"Digitized from Garmin annual heart-rate graph; blue series is weekly resting-heart-rate average, not a daily exact RHR value."
IMG_6395.PNG,RHR,2022-06-10,2023-06-08,2023-04-07,57.4,bpm,medium,"Digitized from Garmin annual heart-rate graph; blue series is weekly resting-heart-rate average, not a daily exact RHR value."
IMG_6395.PNG,RHR,2022-06-10,2023-06-08,2023-04-14,55.2,bpm,medium,"Digitized from Garmin annual heart-rate graph; blue series is weekly resting-heart-rate average, not a daily exact RHR value."
IMG_6395.PNG,RHR,2022-06-10,2023-06-08,2023-04-21,56.6,bpm,medium,"Digitized from Garmin annual heart-rate graph; blue series is weekly resting-heart-rate average, not a daily exact RHR value."
IMG_6395.PNG,RHR,2022-06-10,2023-06-08,2023-04-28,56.3,bpm,medium,"Digitized from Garmin annual heart-rate graph; blue series is weekly resting-heart-rate average, not a daily exact RHR value."
IMG_6395.PNG,RHR,2022-06-10,2023-06-08,2023-05-05,56.0,bpm,medium,"Digitized from Garmin annual heart-rate graph; blue series is weekly resting-heart-rate average, not a daily exact RHR value."
IMG_6395.PNG,RHR,2022-06-10,2023-06-08,2023-05-12,53.4,bpm,medium,"Digitized from Garmin annual heart-rate graph; blue series is weekly resting-heart-rate average, not a daily exact RHR value."
IMG_6395.PNG,RHR,2022-06-10,2023-06-08,2023-05-19,55.0,bpm,medium,"Digitized from Garmin annual heart-rate graph; blue series is weekly resting-heart-rate average, not a daily exact RHR value."
IMG_6395.PNG,RHR,2022-06-10,2023-06-08,2023-05-26,54.7,bpm,medium,"Digitized from Garmin annual heart-rate graph; blue series is weekly resting-heart-rate average, not a daily exact RHR value."
IMG_6395.PNG,RHR,2022-06-10,2023-06-08,2023-06-02,53.1,bpm,medium,"Digitized from Garmin annual heart-rate graph; blue series is weekly resting-heart-rate average, not a daily exact RHR value."
